variante,modelo,variavel,coef
A_original,LASSO,intercepto,-7.854311560160941
A_original,LASSO,ret,0.4919448745336308
A_original,LASSO,month,-0.002753633613234138
A_original,LASSO,weekday,-0.267040502037489
A_original,LASSO,is_month_start,0.029142102413120236
A_original,LASSO,is_month_end,0.19448180245271693
A_original,LASSO,ret_lag_1,0.13582911122000682
A_original,LASSO,ret_lag_5,0.5624992461548116
A_original,LASSO,ret_lag_20,0.436980659062906
A_original,LASSO,d_iv_1d,0.7760715456056743
A_original,LASSO,d_vrp_1d,0.766487967719928
A_original,LASSO,vrp_regime_num,9.18101817222597
A_original,MQO,intercepto,-7.854311560160941
A_original,MQO,ret,0.49302655357477365
A_original,MQO,month,-0.0034757446370531353
A_original,MQO,weekday,-0.2678201659713068
A_original,MQO,is_month_start,0.030111830177317795
A_original,MQO,is_month_end,0.19550705343835384
A_original,MQO,ret_lag_1,0.1366482716111783
A_original,MQO,ret_lag_5,0.5627050311207193
A_original,MQO,ret_lag_20,0.4376348623919694
A_original,MQO,d_iv_1d,0.778862351988279
A_original,MQO,d_vrp_1d,0.7687133818738139
A_original,MQO,vrp_regime_num,9.181954580573716
B_sem_regime,LASSO,intercepto,-7.85431156016094
B_sem_regime,LASSO,ret,0.1058673082545953
B_sem_regime,LASSO,month,-1.811885881355177
B_sem_regime,LASSO,weekday,0.07854947181295319
B_sem_regime,LASSO,is_month_start,0.20342478105904802
B_sem_regime,LASSO,is_month_end,0.23162543811352523
B_sem_regime,LASSO,ret_lag_1,0.033955297290914135
B_sem_regime,LASSO,ret_lag_5,1.3658101906836244
B_sem_regime,LASSO,ret_lag_20,0.11288421107256973
B_sem_regime,LASSO,d_iv_1d,-0.4751537316747555
B_sem_regime,LASSO,d_vrp_1d,1.638317398742587
B_sem_regime,MQO,intercepto,-7.85431156016094
B_sem_regime,MQO,ret,0.10658302152010309
B_sem_regime,MQO,month,-1.8128343951637171
B_sem_regime,MQO,weekday,0.079747856676913
B_sem_regime,MQO,is_month_start,0.20446281139885467
B_sem_regime,MQO,is_month_end,0.23265894274182475
B_sem_regime,MQO,ret_lag_1,0.03477862347522259
B_sem_regime,MQO,ret_lag_5,1.3660103724863557
B_sem_regime,MQO,ret_lag_20,0.11359390451351922
B_sem_regime,MQO,d_iv_1d,-0.4756009694129218
B_sem_regime,MQO,d_vrp_1d,1.6390941042952456
C_nivel_continuo,LASSO,intercepto,-7.854311560160938
C_nivel_continuo,LASSO,ret,-0.02246349287331308
C_nivel_continuo,LASSO,month,-0.15138341230910293
C_nivel_continuo,LASSO,weekday,-0.3496228942047973
C_nivel_continuo,LASSO,is_month_start,-0.014654039675034546
C_nivel_continuo,LASSO,is_month_end,-0.00876820000961634
C_nivel_continuo,LASSO,ret_lag_1,-0.023652817038261963
C_nivel_continuo,LASSO,ret_lag_5,0.11342085776964063
C_nivel_continuo,LASSO,ret_lag_20,-0.21201637109597332
C_nivel_continuo,LASSO,d_iv_1d,0.9316792021596176
C_nivel_continuo,LASSO,d_vrp_1d,0.46367387817014516
C_nivel_continuo,LASSO,vrp_30d_t,11.565863497543084
C_nivel_continuo,MQO,intercepto,-7.854311560160938
C_nivel_continuo,MQO,ret,-0.023635166881433748
C_nivel_continuo,MQO,month,-0.15225367326641326
C_nivel_continuo,MQO,weekday,-0.35046830024839687
C_nivel_continuo,MQO,is_month_start,-0.01578785630923441
C_nivel_continuo,MQO,is_month_end,-0.009930437382198636
C_nivel_continuo,MQO,ret_lag_1,-0.025588855473792898
C_nivel_continuo,MQO,ret_lag_5,0.11643073761811473
C_nivel_continuo,MQO,ret_lag_20,-0.2142119380693019
C_nivel_continuo,MQO,d_iv_1d,0.9342484421463401
C_nivel_continuo,MQO,d_vrp_1d,0.46614520896886646
C_nivel_continuo,MQO,vrp_30d_t,11.56682656787724
