date,realizado,A_original_LASSO,A_original_MQO,B_sem_regime_LASSO,B_sem_regime_MQO,C_nivel_continuo_LASSO,C_nivel_continuo_MQO,persistencia
2024-12-01,6.310026716033661,1.840388784509603,1.845497405784137,-9.75316311949651,-9.747181282981423,3.4765682569950593,3.4684326306915034,4.863053712855539
2024-12-02,5.676565730272749,1.9893042530856082,1.9899128795957477,-9.03810436044614,-9.040887483964015,5.671362622295612,5.673880829096912,6.310026716033661
2024-12-03,5.599894126198599,1.520945798516916,1.5212109261804443,-11.182499271944994,-11.1857745741464,5.071092029362959,5.071709640353565,5.676565730272749
2024-12-04,1.605901767348897,1.9846218243378502,1.9861897819923104,-10.796240594257782,-10.797878461526224,4.9276837614085816,4.926770293307171,5.599894126198599
2024-12-05,-2.571818795369268,1.4801360423503152,1.4811717867352012,-12.590577282607565,-12.59269245711707,1.2958811641125836,1.2935679459335772,1.605901767348897
2024-12-06,-1.3464375769256804,0.23324003085593503,0.22888911933011435,-11.828982809259596,-11.830211694675485,-4.447291273446895,-4.453240607668804,-2.571818795369268
2024-12-07,-2.2001468381859013,1.3954841996492995,1.3950943435189647,-9.45478466348698,-9.453742175219924,-2.558521430919548,-2.5621882694118208,-1.3464375769256804
2024-12-08,-2.194095525810731,1.593188151149043,1.5928030384138854,-10.196591182099546,-10.196006925070925,-3.1656705867631976,-3.167565751045794,-2.2001468381859013
2024-12-09,-3.9673470798490698,2.0085500710005473,2.009963652177852,-10.0902388825485,-10.094029379170745,-1.8041596156791595,-1.8007868609130577,-2.194095525810731
2024-12-10,-13.734333824126487,0.6103475497725821,0.6079585821593092,-11.829749564975401,-11.834180174199346,-4.4305857953686845,-4.430349691412953,-3.9673470798490698
2024-12-11,-13.852687653837336,-12.040960727184288,-12.045443873338947,-14.677555792999318,-14.680961950593865,-14.393091271573352,-14.401100011760018,-13.734333824126487
2024-12-12,-13.42776314976772,-11.092076281326136,-11.092840510315295,-10.583764764640948,-10.584549393456179,-13.739673972271387,-13.743343574346273,-13.852687653837336
2024-12-13,-14.108766359110042,-11.419804473024378,-11.42251912678989,-10.389810045949309,-10.39083844980657,-13.774996560379474,-13.777224373368073,-13.42776314976772
2024-12-14,-17.875741349492117,-11.73007901994621,-11.733277653047352,-10.782548234180684,-10.782701705395468,-14.707032659092128,-14.711698462668757,-14.108766359110042
2024-12-15,-15.474485926118184,-23.28322792042783,-23.28613042422164,-11.530363378627115,-11.530500304403521,-17.80560163275917,-17.808700744675612,-17.875741349492117
2024-12-16,-16.536591739265667,-9.541950479622571,-9.54090421290272,-7.922119755792538,-7.923101090181575,-15.119717018033572,-15.120910638657346,-15.474485926118184
2024-12-17,-13.126250077594245,-22.49600000511959,-22.49690069060014,-10.331495250305162,-10.333625142813696,-15.93672534016045,-15.9384995934515,-16.536591739265667
2024-12-18,-11.774159359087186,-10.507569974537331,-10.507943645935832,-8.567261368337215,-8.569978722391518,-12.244953875801828,-12.23975124260202,-13.126250077594245
2024-12-19,-11.602132826441917,-11.98676623942234,-11.991125393469453,-10.563910988446075,-10.567589252972047,-11.874693877453396,-11.872089955407805,-11.774159359087186
2024-12-20,-12.876274288207137,-12.020693961631668,-12.024257945050763,-11.470040982409266,-11.472080319510829,-11.997325366187585,-11.999445058166403,-11.602132826441917
2024-12-21,-15.838872660472743,-12.655770810905612,-12.660164663411864,-12.480326445717267,-12.481336707390664,-13.695831739297986,-13.702663685958242,-12.876274288207137
2024-12-22,-14.811026182554556,-25.00989160241806,-25.01419867908723,-14.219780549907956,-14.221870746338006,-15.647678568392536,-15.65228998303941,-15.838872660472743
2024-12-23,-13.434922867005938,-12.135381469180555,-12.137655415735932,-12.679223251362728,-12.683683612627197,-14.480418353234022,-14.484111873874543,-14.811026182554556
2024-12-24,-16.75122803848363,-10.547302319548828,-10.54607517981593,-11.4577554427003,-11.46007554994704,-12.774639556344955,-12.777504449272136,-13.434922867005938
2024-12-25,-15.979195134611558,-23.805097040890402,-23.808292640517767,-11.822479320011125,-11.824291498743616,-16.711370494686477,-16.71688116448533,-16.75122803848363
2024-12-26,-16.929351080768704,-23.752960860854067,-23.755972069123764,-10.422773163688804,-10.42521009718546,-15.399199450927547,-15.398226346319305,-15.979195134611558
2024-12-27,-16.60162351851187,-24.972547833409063,-24.97932986025071,-11.475083803795668,-11.478166235162584,-17.126913609199782,-17.127190874563013,-16.929351080768704
2024-12-28,-16.763841533336596,-24.136538360190585,-24.140816871625606,-10.822557469036578,-10.823732493642222,-16.61807257625103,-16.61928619899866,-16.60162351851187
2024-12-29,-17.33453773795752,-24.532426918685108,-24.53740589314034,-10.790002186604493,-10.790590623278746,-16.91297481001092,-16.91473603201356,-16.763841533336596
2024-12-30,-16.325752547916302,-24.11641644728003,-24.119465727447526,-12.392929518764445,-12.39791267681554,-16.430115808025366,-16.430613181562677,-17.33453773795752
2024-12-31,-17.503789367700854,-23.047678357447325,-23.04504125187375,-10.54391128036152,-10.541520157837008,-15.98028738215682,-15.98970025889566,-16.325752547916302
2025-01-01,-15.391371226380612,-23.63155657404893,-23.6261800488261,-5.050069859153735,-5.044091245851739,-16.393376581614284,-16.398865327840912,-17.503789367700854
2025-01-02,-15.172161814477526,-10.91202066664326,-10.910533502640822,-3.9354846257201683,-3.933218457653864,-14.739280249693746,-14.738299470058298,-15.391371226380612
2025-01-03,-16.69737356101551,-11.35144536666234,-11.351217527404188,-4.375370435399308,-4.372685584172819,-14.872009872278012,-14.872390836206486,-15.172161814477526
2025-01-04,-17.52822161481081,-23.663748411307658,-23.664961711172005,-4.772125877160453,-4.769946496669089,-16.040014750699687,-16.037895511561324,-16.69737356101551
2025-01-05,-14.71413817995451,-24.032220325014144,-24.03500753517408,-4.080724489725627,-4.078059311714247,-17.237371095515257,-17.23470022676198,-17.52822161481081
2025-01-06,-10.95908324486146,-9.742686568154623,-9.738935618377221,-2.862601850677766,-2.861962765957009,-13.244565269881699,-13.238931057162176,-14.71413817995451
2025-01-07,-12.260889560163015,-10.613395133843902,-10.61124641049557,-2.2024665603560862,-2.2020308528494956,-9.605359412337426,-9.59708556375164,-10.95908324486146
2025-01-08,-12.39325264195066,-12.1601107729095,-12.162500651303159,-5.744922432081392,-5.746817336143263,-11.63408759266513,-11.628118928572043,-12.260889560163015
2025-01-09,-12.178880598728211,-12.04001096335184,-12.040659632671053,-6.043093445521272,-6.043604236178531,-11.594493080339216,-11.590956146927635,-12.39325264195066
2025-01-10,-13.674638861694106,-12.355097734792261,-12.357135300299511,-5.840053010326935,-5.838696594881865,-12.430322082495323,-12.431677556290357,-12.178880598728211
2025-01-11,-14.994649213729744,-11.906924997826748,-11.906691919974316,-6.512698082623541,-6.510496132884663,-13.281537491373093,-13.283594752793732,-13.674638861694106
2025-01-12,-16.674639351940982,-12.445980003799356,-12.446952652234183,-7.202095159733071,-7.1999134739146475,-14.842874487181966,-14.846115532859102,-14.994649213729744
2025-01-13,-16.879055197092015,-23.486902448227667,-23.486273773979935,-6.573228202795053,-6.574582499935083,-15.172746560244383,-15.171054982759426,-16.674639351940982
2025-01-14,-15.387496123184931,-23.404429122675367,-23.40437124215596,-5.228883236127622,-5.228713128908258,-15.846704657585342,-15.845449137673796,-16.879055197092015
2025-01-15,-16.6838173678968,-9.815530909443115,-9.811607153780301,-3.533201618024126,-3.530937014581455,-14.195820398646266,-14.193529210229723,-15.387496123184931
2025-01-16,-19.62342927475185,-22.906229086142474,-22.905381285991485,-4.442502998978687,-4.4403983534000435,-15.721016333242838,-15.720101834654795,-16.6838173678968
2025-01-17,-22.531913362253,-22.94006041238929,-22.940579029107944,-4.9063418744885094,-4.903971194908965,-19.06827670264679,-19.068663525408766,-19.62342927475185
2025-01-18,-22.14709173839724,-22.744797671373526,-22.744498811551587,-4.23017901099143,-4.226677125102608,-21.65631958000601,-21.65664271797376,-22.531913362253
2025-01-19,-19.12022889989217,-23.132709617552898,-23.133959376326594,-2.846891825783877,-2.843828904069566,-21.30272304862492,-21.29847059685353,-22.14709173839724
2025-01-20,-16.727194490934423,-22.719388701926782,-22.71979850081042,-2.520476954239891,-2.5203119705748334,-18.197231966918828,-18.192819308778734,-19.12022889989217
2025-01-21,-15.140264485114578,-22.168505458713664,-22.166124711277618,-3.4599205343403465,-3.4577613031008987,-15.80646802183485,-15.806575346746406,-16.727194490934423
2025-01-22,-16.246585283511912,-10.449090711019421,-10.447241219321194,-3.0595410567612493,-3.0573883644391833,-14.440354204867841,-14.438971198849774,-15.140264485114578
2025-01-23,-13.502200061557964,-24.025748119922945,-24.02823489157831,-5.38810462119657,-5.387373139315762,-15.985112523333221,-15.98498638325021,-16.246585283511912
2025-01-24,-15.151220530384514,-11.27733073723083,-11.277378945515737,-3.618771499816547,-3.6156800777612697,-13.61462839424966,-13.61564054846146,-13.502200061557964
2025-01-25,-14.589069480313045,-11.451629477907415,-11.452507257556357,-4.798530788526304,-4.795838047450693,-15.143767221119221,-15.144523488489387,-15.151220530384514
2025-01-26,-17.02039694505134,-11.650151800353257,-11.651293420031395,-4.196385575104632,-4.193498139345188,-14.529906435241355,-14.528696584332241,-14.589069480313045
2025-01-27,-14.488663060801926,-23.714007650431846,-23.714018034806266,-7.164883168986299,-7.167132937460982,-15.422039856888745,-15.419337530588821,-17.02039694505134
2025-01-28,-13.796111011584172,-11.357403669156128,-11.357376766417662,-4.0715767100572124,-4.070969835974745,-14.074805144403928,-14.074064267528332,-14.488663060801926
2025-01-29,-12.258272732816692,-10.738872310488249,-10.736873453157894,-5.201108447088667,-5.199867903744989,-13.111072962565974,-13.111452157686497,-13.796111011584172
2025-01-30,-10.405176822552534,-10.849704740329244,-10.848174781491576,-4.314337876067295,-4.311324695110436,-12.191517740206294,-12.194414197124129,-12.258272732816692
2025-01-31,-11.299734556116874,-10.35815813141484,-10.352619462057884,-2.8171145912559856,-2.808953636975189,-10.499190226002014,-10.50557322354938,-10.405176822552534
2025-02-01,-13.540126215649856,-11.668131668945835,-11.664301752148711,-4.8260869948753164,-4.81912777472975,-11.380530115811043,-11.385726810850233,-11.299734556116874
2025-02-02,-11.619474014373786,-11.92853314606751,-11.929444176771636,-7.143565428501249,-7.142733163625719,-12.984565755302572,-12.98283530572192,-13.540126215649856
2025-02-03,-7.021460500335117,-10.340206180566145,-10.337351814679879,-5.560918343449112,-5.561421933691468,-10.584877291452134,-10.582875654707733,-11.619474014373786
2025-02-04,-9.302843774079648,-11.356637397012474,-11.35569855599392,-4.000237503057619,-3.999078918414345,-6.854107865688577,-6.853778965923427,-7.021460500335117
2025-02-05,-12.638940503628548,-12.553219993918537,-12.555249379527597,-8.100811286529524,-8.102743057849127,-8.963296083474447,-8.962128290659138,-9.302843774079648
2025-02-06,-13.476305475365372,-12.75947932571233,-12.76225781130298,-8.044863994535282,-8.045300956990397,-12.711109496903994,-12.71352946153404,-12.638940503628548
2025-02-07,-13.8788871707562,-12.174438005791437,-12.175407887467514,-6.8181609829523415,-6.817490505971424,-13.08630974228695,-13.086419310442775,-13.476305475365372
2025-02-08,-15.435251896079045,-12.206789510243912,-12.208602270649815,-5.884782327938584,-5.8832515791302,-13.78584386644981,-13.785431896412787,-13.8788871707562
2025-02-09,-13.471900433673396,-12.445395171731526,-12.447037362371693,-7.22377661033736,-7.221974082521229,-15.302824511955652,-15.304823338072163,-15.435251896079045
2025-02-10,-14.847724837445789,-11.114547694645227,-11.11354243116554,-4.9715361508638445,-4.972030214538032,-12.609696631919618,-12.607448283876284,-13.471900433673396
2025-02-11,-11.393206237095818,-11.36547488430421,-11.364527239197596,-6.383998280179041,-6.385437959663153,-13.397314707368585,-13.393023853419802,-14.847724837445789
2025-02-12,-12.09133968154282,-11.222691956094717,-11.222556177741534,-4.071594466585182,-4.070793687588218,-11.025457095783652,-11.022428327602716,-11.393206237095818
2025-02-13,-14.32224733455658,-11.59939582015123,-11.599487922110757,-5.664717319967624,-5.664054117686138,-11.51854665067149,-11.5167248040252,-12.09133968154282
2025-02-14,-13.373698458324824,-12.071134491441605,-12.073063695636392,-6.398014557363797,-6.397565726180536,-14.065048873294424,-14.063841167168967,-14.32224733455658
2025-02-15,-15.935723056627914,-11.738045778089212,-11.738955407502612,-4.817421494817976,-4.8151815058572875,-13.223111197680828,-13.221876550888,-13.373698458324824
2025-02-16,-16.840792022398922,-24.939494342214488,-24.94369214380039,-6.5523301132393055,-6.550836242984368,-15.91822065104244,-15.91835537104707,-15.935723056627914
2025-02-17,-18.55374961850034,-23.583582453409875,-23.584095770976692,-6.172494669182275,-6.174580043297839,-15.34600504942878,-15.341382969141751,-16.840792022398922
2025-02-18,-15.978654916113308,-24.178005207840666,-24.179724466329848,-6.8169107243871,-6.818101908249846,-17.53929719620241,-17.538452047207322,-18.55374961850034
2025-02-19,-17.969899042103176,-23.85944728404811,-23.860870283362722,-4.500117564836563,-4.499348027688524,-15.417293092512228,-15.41564905448291,-15.978654916113308
2025-02-20,-17.743209084356092,-24.105349496620338,-24.107054885658783,-6.5140487946405,-6.5133427397817645,-17.34566217575567,-17.346481796762397,-17.969899042103176
2025-02-21,-17.611970759079888,-24.24953792889351,-24.25167201227168,-5.337816019085498,-5.336571317926947,-17.138954209109915,-17.137853314503214,-17.743209084356092
2025-02-22,-17.630271489805445,-24.167547300546268,-24.170112327089846,-5.4654062955807365,-5.464120270399214,-17.129835739792792,-17.127724430449472,-17.611970759079888
2025-02-23,-11.622978724357566,-24.158829965294256,-24.161230215878064,-5.296835561988047,-5.294222950495514,-17.398866339627737,-17.398913500444905,-17.630271489805445
2025-02-24,-12.13550722181852,-11.125754168519439,-11.124505374155273,-3.263537270322768,-3.264805100545554,-10.232345435776416,-10.223872483620424,-11.622978724357566
2025-02-25,-10.739740842335188,-12.273688508023762,-12.27486259588802,-7.406619675147849,-7.410002698143452,-10.894158423098375,-10.88796974215262,-12.13550722181852
2025-02-26,-11.156550348996843,-12.519203848383684,-12.519267108883621,-7.862308801054462,-7.8651052270264366,-9.273461573880532,-9.267931268000531,-10.739740842335188
2025-02-27,-11.038441229580677,-13.04670906836505,-13.048752284438516,-8.681860348868572,-8.68360655336231,-10.66036744525981,-10.65957457901837,-11.156550348996843
2025-02-28,-11.669248618478782,-12.159881123982423,-12.156122601137454,-6.907170956814681,-6.900934952188746,-11.102678242367285,-11.112763086701921,-11.038441229580677
2025-03-01,-4.820002588991159,-12.551505925848597,-12.54675366757306,-8.051586625405218,-8.045017576224536,-11.504054380197083,-11.514081407167849,-11.669248618478782
2025-03-02,-0.3473966277037732,3.41964847655192,3.4293976841743863,-4.820433218223023,-4.815281358532323,-3.6087511417088667,-3.60766328313652,-4.820002588991159
2025-03-03,-3.689480986252569,2.4778515003131307,2.4850905143308655,-3.9982992647253797,-3.998857277340629,1.68878071275289,1.6984863421499297,-0.3473966277037732
2025-03-04,0.8509684975490472,0.9209823215085038,0.9208006925277843,-7.500245268621045,-7.50455718116798,-2.7746166108628527,-2.7639094684494507,-3.689480986252569
2025-03-05,-2.9906572798075146,1.5884523832230997,1.5901995798397053,-3.0917614047958804,-3.0896682253473484,0.2724078533708214,0.27524138185790736,0.8509684975490472
2025-03-06,4.013734393856652,1.3557634605717634,1.3576779212140035,-6.499180911421688,-6.498931942968131,-2.5963243592768253,-2.592793379581166,-2.9906572798075146
2025-03-07,5.720099278792709,0.3795473154732143,0.37769403598214524,-1.837743424875585,-1.835945472821904,2.8728323370551463,2.8798469886208755,4.013734393856652
2025-03-08,3.625101181274964,-0.6385151455348943,-0.64053783344478,-7.002465773942031,-7.00223507324956,4.675663577876539,4.677844803272712,5.720099278792709
2025-03-09,3.849790886429631,0.19295396770725937,0.19387995738767572,-8.006346987247262,-8.00759507723932,4.396998970790757,4.406377908999471,3.625101181274964
2025-03-10,6.22939072550961,-0.38601291293537177,-0.3870221835590577,-8.123368879552046,-8.128297132211166,4.312046863304107,4.320782582795011,3.849790886429631
2025-03-11,9.221652905522577,0.7511858877887327,0.7545694699499297,-8.237943832949494,-8.239113184750106,6.42788527902312,6.429223462155005,6.22939072550961
2025-03-12,11.310811699480324,0.27379556133259264,0.2754632479189425,-6.274659077815491,-6.273102153054708,8.274933857900315,8.272539331387456,9.221652905522577
2025-03-13,14.13207848438811,-0.21569833112784575,-0.21631668800937476,-6.08139718888535,-6.081756637395481,10.54372232015934,10.548396866474484,11.310811699480324
2025-03-14,13.806031661376686,0.3193673670885122,0.31940093408979564,-5.985683743069947,-5.9848607877162365,12.895762191885009,12.899221613678257,14.13207848438811
2025-03-15,12.322814317688902,0.877056160715803,0.8780728589644813,-5.418600727514936,-5.416482215038993,12.78022600725194,12.784037294655128,13.806031661376686
2025-03-16,14.999173980399007,0.609228333697228,0.6088656482446133,-5.528163869437959,-5.527216572976098,11.588968246710682,11.597085429962448,12.322814317688902
2025-03-17,15.874116460501623,1.2205049202020266,1.2219465979542274,-4.98665761065505,-4.987849500880497,14.329261208712186,14.33574447679203,14.999173980399007
2025-03-18,15.939619896742975,0.9558648718105829,0.9573197163394394,-5.721439267500222,-5.722001479591103,15.127229335528298,15.131786589283344,15.874116460501623
2025-03-19,21.761369283274583,2.489522477615706,2.4941299819723373,-5.840048221403553,-5.839642048332727,15.637228688750046,15.64272614651184,15.939619896742975
2025-03-20,23.12557030254999,1.0718429182349354,1.072635660695255,-2.494161805559913,-2.4910628676431887,19.711941529971423,19.71457860105168,21.761369283274583
2025-03-21,21.56287285702144,0.6502878500155731,0.6497726093654173,-5.404209502828682,-5.403558987040609,21.30521607610103,21.31045819489071,23.12557030254999
2025-03-22,22.97234647211312,0.8040855227827333,0.8045536045487278,-6.465281641129651,-6.464193243070515,20.10725427101401,20.11162498340385,21.56287285702144
2025-03-23,23.52854205779949,0.6647426003235903,0.6649091823807467,-5.315179278906497,-5.312490720813266,21.01214238923793,21.015603140091415,22.97234647211312
2025-03-24,23.85185459231139,2.20093098050174,2.2048221955365204,-5.041329398668065,-5.0411933553316235,22.602501943664834,22.607183938223333,23.52854205779949
2025-03-25,21.4085584970482,1.4219643847747658,1.4243371876570396,-5.83677638451803,-5.836876125860705,22.670454754236363,22.67443725441395,23.85185459231139
2025-03-26,21.174805314563383,0.890862960829045,0.8911194154546269,-6.4169539871889,-6.417756328461372,20.166579271027555,20.172069475100084,21.4085584970482
2025-03-27,16.443498746675637,1.0608008327651781,1.0613081991451327,-5.4410678533198205,-5.440640638020162,19.75133770997153,19.756703572481207,21.174805314563383
2025-03-28,14.06960310846,0.5987054139400048,0.5987241022875001,-7.643843043477632,-7.644561447045417,15.62585866789253,15.631214886793412,16.443498746675637
2025-03-29,13.022144892442649,0.20750139158105618,0.20702593984296058,-7.855316698398557,-7.855990753033028,13.27389389306365,13.279298529087612,14.06960310846
2025-03-30,15.365529326956654,0.1177160444430605,0.11727677281397408,-7.727623534769213,-7.726348011929346,11.639749084113486,11.640249882674983,13.022144892442649
2025-03-31,9.744190053224706,2.014848005821859,2.0220436196177953,-4.832998557766041,-4.827739088504586,14.17990740768909,14.17406810984673,15.365529326956654
2025-04-01,-0.9628605117937852,0.20157897190347107,0.20570748804953531,-8.508197160215262,-8.503529123482943,8.120931093089357,8.109941306320493,9.744190053224706
2025-04-02,-1.0859717777875773,-0.636708944504008,-0.6388146912900403,-11.813145971958031,-11.815734183376975,-1.4349556956097196,-1.4390557799726764,-0.9628605117937852
2025-04-03,-5.371698141990024,0.8803443014294174,0.8807676594466045,-7.14296418546633,-7.143397847162954,-1.3400833476648666,-1.3379984886867176,-1.0859717777875773
2025-04-04,-7.188115617416685,-11.458468645775836,-11.45871344545792,-8.448525925254035,-8.44839731635707,-5.267609125137835,-5.267643375071252,-5.371698141990024
2025-04-05,-6.459423182982242,-11.445641818372744,-11.44611118252531,-7.131855196369455,-7.130810059481577,-7.1115558979797475,-7.110413793698696,-7.188115617416685
2025-04-06,0.388362789971346,-12.003593300922699,-12.004998166559272,-6.539059117077244,-6.538757279984166,-6.1062135894609195,-6.100788082096681,-6.459423182982242
2025-04-07,-7.199295382242106,0.12804337767367358,0.12644735841622,-4.954908542444384,-4.956479976389798,-0.40527789104235357,-0.4019700712749179,0.388362789971346
2025-04-08,2.9976029464499376,-12.630716424042703,-12.632405810384183,-11.225854954455677,-11.229704194582721,-6.472761221874791,-6.472525935063242,-7.199295382242106
2025-04-09,0.8140592247634899,2.206609083746928,2.211421813287549,-3.8283287949646017,-3.826330428559692,2.89356065734784,2.8966139169398,2.9976029464499376
2025-04-10,0.538217579397049,0.30868342138759886,0.3096754276446436,-7.922473015576978,-7.921509067510757,0.37733251266368395,0.37412844127053635,0.8140592247634899
2025-04-11,-1.2857838944361646,1.4588867677452058,1.461715409390596,-7.960589922778632,-7.960446422996981,0.7293642173615789,0.7317724489722766,0.538217579397049
2025-04-12,-1.0923315271234486,1.8264470276548206,1.8290576590479297,-6.027182602716926,-6.02421067983752,-1.6237481851505864,-1.6241219435503647,-1.2857838944361646
2025-04-13,1.97552555123044,0.8224915031444748,0.8216670252296723,-4.784277067283115,-4.781684536764425,-1.9658433598860503,-1.9633382956394412,-1.0923315271234486
2025-04-14,4.542455375577212,2.0769131700131958,2.078306922842936,-3.2428164760082874,-3.2436226490851787,1.9193581003230298,1.9279323185778088,1.97552555123044
2025-04-15,5.046173675571431,1.0832967420756656,1.0839178345940095,-4.8766307147401555,-4.876823749194562,3.9937275691768077,3.997493128585849,4.542455375577212
2025-04-16,6.078582998662796,1.4105694900109,1.411432926291985,-5.364395949734803,-5.364798417467789,4.686356925609604,4.692105066866406,5.046173675571431
2025-04-17,4.905780116273292,1.1162908104562792,1.1173080716808421,-5.901934203288718,-5.901116271861193,5.360585766164573,5.362796961576506,6.078582998662796
2025-04-18,2.460237454716349,0.3031369571702225,0.3020682864589297,-6.922010368930978,-6.920990148636754,3.662002727044306,3.6611878958779096,4.905780116273292
2025-04-19,2.5488997583868738,0.8714703330354663,0.8717651851338335,-7.4753751263307535,-7.4743934082091785,1.800119923885565,1.8009541366578992,2.460237454716349
2025-04-20,2.4493041920293592,0.8418557770971322,0.8421043860597077,-6.303826457742887,-6.30133057024131,1.56970597827046,1.5696347582075783,2.5488997583868738
2025-04-21,2.998507004087841,2.3529162843171196,2.3570665913228623,-6.4106661976748365,-6.411432365316384,2.7894547801962046,2.7925030117047607,2.4493041920293592
2025-04-22,5.984814045124985,3.8523928467109787,3.860740361786881,-5.8354152064188884,-5.834070068539327,3.882431223586889,3.885191378810066,2.998507004087841
2025-04-23,8.453664512425398,2.5582404940865278,2.561472710231463,-2.898113159449437,-2.894636352110269,4.9606575095813925,4.960584441789869,5.984814045124985
2025-04-24,8.98331846161652,2.2757186891384364,2.2771802568778057,-3.0760080063018913,-3.0738987031504754,7.355741137222501,7.3603499336998555,8.453664512425398
2025-04-25,7.998243370251536,2.2367562019487384,2.2384706094854234,-4.128967408477093,-4.126796200270616,7.983543140846003,7.987770250811775,8.98331846161652
2025-04-26,6.208201858566142,2.1379210911326503,2.1395382330891355,-4.772551102476931,-4.770237037231642,7.096011770273196,7.100039541095055,7.998243370251536
2025-04-27,6.971444826019351,1.5808400786073715,1.58110502914335,-5.562028655160076,-5.559408864554868,4.933151647349237,4.934527311406105,6.208201858566142
2025-04-28,7.911911577893569,2.098268215899381,2.101076701135531,-6.055721823791141,-6.056027886040194,6.4075200634325435,6.408287167584375,6.971444826019351
2025-04-29,9.008588243292778,2.0370233688641584,2.039806981625608,-5.76081896268585,-5.7601068156131685,7.131888542652313,7.131582663468493,7.911911577893569
2025-04-30,7.543428794679968,2.604956038419065,2.6121417778497094,-4.649062942437786,-4.642891365062269,8.035169891199498,8.030062728039912,9.008588243292778
2025-05-01,7.994682007693967,2.070523341706643,2.0785027788269623,-6.597330474617739,-6.590494000410212,6.5849394163475,6.576746638727129,7.543428794679968
2025-05-02,7.685237879199079,1.4586290607552463,1.4596439621092774,-6.156999604847384,-6.154530489945951,6.511046922425909,6.508663503750458,7.994682007693967
2025-05-03,6.477847998569139,1.3263485862990567,1.3269446989455496,-6.489317316356607,-6.487620851352363,6.549950351369335,6.550920374085709,7.685237879199079
2025-05-04,7.834318767430624,0.9197394342036649,0.9196619045479419,-7.477930506006204,-7.476537093378719,5.385541489239404,5.386267732753148,6.477847998569139
2025-05-05,1.977629589334029,1.7444751466151676,1.7463427055789627,-6.46548448335077,-6.466661930507975,7.274054054224611,7.2764490016142895,7.834318767430624
2025-05-06,3.734352812223932,1.449462428330179,1.4508441441370046,-9.425593455054903,-9.426762279441952,1.5091903081304112,1.5065549572845365,1.977629589334029
2025-05-07,5.737903445984344,1.7058815223372275,1.7079252167638153,-6.030417608209372,-6.0290546621153265,2.8745333505128032,2.872790026753486,3.734352812223932
2025-05-08,-2.171831327355399,3.1429392467131727,3.1486834541722644,-6.147864765598996,-6.14536891027138,5.384463933189642,5.383702744513841,5.737903445984344
2025-05-09,-5.03035293975416,0.9650010188171692,0.9640037694783992,-8.412768384237406,-8.41067535148314,-3.6677131042022904,-3.6753660904984295,-2.171831327355399
2025-05-10,-8.259572372119756,-10.181492111612624,-10.18138686438467,-6.325288657617606,-6.3231900290027285,-5.532076239497693,-5.53206624626681,-5.03035293975416
2025-05-11,-7.070803293919411,-10.832497628866705,-10.834257103066369,-6.032361482041051,-6.029452917370898,-9.165953079989531,-9.167889940237245,-8.259572372119756
2025-05-12,-7.597202468962813,-10.16863940289485,-10.168227405819227,-4.98708289928804,-4.987838459012669,-6.924131961356089,-6.920973442910691,-7.070803293919411
2025-05-13,-6.780523517222072,-10.159510268461878,-10.158491375421654,-6.168455828993671,-6.1691828421849175,-7.1845173867581495,-7.181419838228471,-7.597202468962813
2025-05-14,-5.7543670033431695,-10.892830933678423,-10.892509470049655,-6.4987586985329955,-6.498316900426515,-6.860644835535874,-6.861360372852707,-6.780523517222072
2025-05-15,-4.825074313697648,-11.055228366886691,-11.055688802244932,-6.396922073799265,-6.39617767443683,-6.102656994788008,-6.102908882196996,-5.7543670033431695
2025-05-16,-5.508138990200081,1.0395855376409173,1.0401239906501711,-6.76041067129581,-6.759089005365319,-5.357987971166677,-5.359398839381978,-4.825074313697648
2025-05-17,-5.759683629964833,-11.456413982198434,-11.457387784700948,-7.479795257955208,-7.4785217959547445,-5.9549323598246495,-5.956114201096756,-5.508138990200081
2025-05-18,-4.820953480244697,-10.536772094138854,-10.535535948297634,-7.117487877326043,-7.1147908635776655,-5.99791158543322,-5.999382048284436,-5.759683629964833
2025-05-19,-7.879736342391979,1.9747439108185905,1.9777051307649032,-6.217401448859405,-6.2175750979454705,-4.641016026072921,-4.641301642569577,-4.820953480244697
2025-05-20,-9.812179209585691,-10.211376553199216,-10.209235811967428,-8.329046982619376,-8.330534794797828,-7.02943779580415,-7.027942363912747,-7.879736342391979
2025-05-21,-16.360831102661322,-10.009936150574283,-10.007567619461021,-7.372750841272957,-7.372238800540959,-9.325798874739474,-9.326952368380601,-9.812179209585691
2025-05-22,-12.198075399849508,-23.609757210072,-23.61282792310158,-8.282465288378873,-8.281651544762077,-16.690750410796465,-16.696329223896374,-16.360831102661322
2025-05-23,-12.035210305374328,-10.458461129956707,-10.458169297035855,-3.6654734911069617,-3.6634284579786645,-11.991270672422008,-11.987925623852274,-12.198075399849508
2025-05-24,-13.323808954712916,-11.297266834250633,-11.29892531501842,-6.759887287715097,-6.759071032077843,-12.206653319268291,-12.205899201776564,-12.035210305374328
2025-05-25,-11.467306765580863,-10.844761181598557,-10.844674055478468,-7.1476707198277944,-7.145154543518709,-13.395335936600382,-13.397792222231597,-13.323808954712916
2025-05-26,-10.610660770156253,-10.266476515323287,-10.265018329744196,-5.741328466189093,-5.741355674073697,-11.117443250609366,-11.11807013711596,-11.467306765580863
2025-05-27,-9.80185717245744,-10.814591512172932,-10.814049600924685,-6.714989552433112,-6.7152924234316576,-10.359897204576491,-10.360704533385775,-10.610660770156253
2025-05-28,-8.56145399049273,-11.306410820094552,-11.306813188053887,-7.216410345440734,-7.216623251441601,-9.778482465750958,-9.779777767191668,-9.80185717245744
2025-05-29,-7.269399653560974,-11.47706127228926,-11.478192383406807,-6.5453471145319755,-6.545625183535212,-8.477130722954074,-8.474966875902616,-8.56145399049273
2025-05-30,-10.382168878372012,-11.88583171941006,-11.887785317778174,-6.967082275851966,-6.967034916564918,-7.504818486368986,-7.503535719116295,-7.269399653560974
2025-05-31,-9.490044136683288,-11.02143967060904,-11.017312522744612,-8.27603495658695,-8.270459801281904,-10.362822015309277,-10.370867232033737,-10.382168878372012
2025-06-01,-7.518735876059679,-11.759071888895326,-11.755164500893125,-6.8586446391045595,-6.850760939809187,-10.139678739590735,-10.149723925167205,-9.490044136683288
2025-06-02,-7.81915330969894,-11.1536236630992,-11.153390571057074,-7.328630531681305,-7.32970201027623,-7.4043793271662235,-7.405430948313166,-7.518735876059679
2025-06-03,-7.136801565823824,-11.329140166755742,-11.329373819098313,-8.227092436714928,-8.228645024556782,-7.528465702182046,-7.528277222886736,-7.81915330969894
2025-06-04,-6.90090242393169,-11.31909595415108,-11.319804889822745,-7.41863042475499,-7.419515513583963,-7.051446752824321,-7.0501985586807026,-7.136801565823824
2025-06-05,-3.460113011526083,-11.63672689803509,-11.638060094419796,-7.635286111140336,-7.6364846864959715,-6.676280212509589,-6.673142668588513,-6.90090242393169
2025-06-06,-11.650102636950862,1.0352872073626944,1.0355021265554853,-6.5685971914199985,-6.567773648962386,-4.02819925726704,-4.027310080325906,-3.460113011526083
2025-06-07,-12.189979060243411,-12.526370523782859,-12.52976300777754,-11.170718037552644,-11.170436892787002,-12.317544435219576,-12.324817751193518,-11.650102636950862
2025-06-08,-9.505999651662885,-11.692396076582899,-11.693734205426347,-7.888507044644307,-7.886843000783177,-12.338569363420884,-12.34030854960007,-12.189979060243411
2025-06-09,-9.486607755434754,-9.685178336502528,-9.681551967543607,-6.536242884358639,-6.536755936285191,-8.536208384450802,-8.5344321108162,-9.505999651662885
2025-06-10,-7.821576241978711,-10.355574616977998,-10.354026048634775,-6.588092977057243,-6.5880630335312915,-9.00089526017222,-9.000510533525977,-9.486607755434754
2025-06-11,-5.541409066316035,-10.777327348005281,-10.778214252728697,-5.192500936471428,-5.1929697529584535,-7.6655701764379796,-7.660370472210772,-7.821576241978711
2025-06-12,-6.525270607854736,-11.465889689892919,-11.467727874223288,-5.923648397442983,-5.9244927405183105,-5.509828990100753,-5.504091754034984,-5.541409066316035
2025-06-13,-6.748535134908167,-11.55290648486904,-11.554429515388666,-8.158403214708244,-8.159170366783982,-6.512763154818807,-6.5103092711760695,-6.525270607854736
2025-06-14,-8.078273233425065,-11.700235795876853,-11.701757325127673,-7.690132930650041,-7.689425763819759,-7.006698139868402,-7.006320257805249,-6.748535134908167
2025-06-15,-7.2807842838134675,-12.185816402512307,-12.187708254602114,-9.215635625090288,-9.214990398090759,-8.340272497685449,-8.34187942154721,-8.078273233425065
2025-06-16,-8.170342063674575,-11.214026287255408,-11.213399921713545,-8.28875269251587,-8.290615933454864,-6.815618541534297,-6.815571147332117,-7.2807842838134675
2025-06-17,-6.347293832705489,-11.778497434396218,-11.779550550089834,-8.523681701758045,-8.525683044609918,-7.854223582540781,-7.853703224735913,-8.170342063674575
2025-06-18,-7.12305728924494,-11.537639275139524,-11.539130581226178,-7.004223586178932,-7.005246831556803,-6.450695904335798,-6.448546078584903,-6.347293832705489
2025-06-19,-8.506157979216859,-11.508657507230307,-11.509368534384118,-8.291355883380259,-8.2918922297361,-7.050663850334599,-7.050546150988486,-7.12305728924494
2025-06-20,-9.250309822427518,-11.89878406647832,-11.900733613960213,-8.433048597142463,-8.43342882750872,-8.619270340072207,-8.619321123696402,-8.506157979216859
2025-06-21,-12.94125447452326,-12.152660663605747,-12.155140542479888,-8.456969206617654,-8.457028589093389,-9.448543676954536,-9.448497844141071,-9.250309822427518
2025-06-22,-7.5131137495491345,-12.989290846387316,-12.993528628921347,-10.107001510080508,-10.107190726072332,-13.345069210715593,-13.34797844654435,-12.94125447452326
2025-06-23,-6.856117976631872,-10.159645941880695,-10.156846884195613,-6.045573704261389,-6.046058315217612,-6.850422313758303,-6.848427836981152,-7.5131137495491345
2025-06-24,-5.973889639743803,-10.784145066556494,-10.782853986307321,-7.2278401060469495,-7.227729281960164,-6.665123213945996,-6.666636880210367,-6.856117976631872
2025-06-25,-5.837396444452139,-10.80367229267172,-10.803246580454434,-6.9435097979413145,-6.943559624235004,-5.917345858849494,-5.9166084114930335,-5.973889639743803
2025-06-26,-5.90018846716734,-10.851922281571513,-10.852041435074204,-6.763048156923736,-6.762647988992562,-5.928392200377719,-5.927387477379275,-5.837396444452139
2025-06-27,-6.30746962053534,-11.048343224740004,-11.049344182248122,-6.666919176961657,-6.666416352374485,-6.1143525678541994,-6.112200724691009,-5.90018846716734
2025-06-28,-8.205424307647071,-11.183621164152674,-11.185219328636679,-6.473280712363541,-6.472068400101497,-6.742856872864634,-6.741157904783013,-6.30746962053534
2025-06-29,-6.425436391773342,-11.34890528316882,-11.349882201523542,-8.08735618373556,-8.085972439965225,-8.42052461992818,-8.42102547987882,-8.205424307647071
2025-06-30,-6.121756039609174,-9.914324254813257,-9.90862217350432,-5.208053886304667,-5.203917441488129,-6.120440782201113,-6.123907516890737,-6.425436391773342
2025-07-01,-6.476309807893948,-11.279487978739143,-11.275044134062657,-7.128745419675332,-7.125426633279181,-5.860955419911904,-5.864161660079395,-6.121756039609174
2025-07-02,-5.911230499199689,-10.592480009165545,-10.591024156835529,-8.828191810588809,-8.829524941149142,-5.849952984159357,-5.848131972305756,-6.476309807893948
2025-07-03,-5.722603146945083,-10.867672881955219,-10.867378941804773,-7.483977471924676,-7.483173272600143,-6.111818454579867,-6.11325081591529,-5.911230499199689
2025-07-04,-6.829955915279655,-11.346532069279448,-11.347717275468161,-7.689995022726586,-7.689884017560662,-5.939208475186677,-5.938268610326797,-5.722603146945083
2025-07-05,-8.53101799492606,-11.948236717656618,-11.951234429261438,-8.526845478858647,-8.526587565063165,-7.542269111316294,-7.543414762978363,-6.829955915279655
2025-07-06,-8.401579040795056,-11.63102578285011,-11.633065164246887,-8.549741786907829,-8.548445058716373,-9.096125726124876,-9.098166465816705,-8.53101799492606
2025-07-07,-7.393451759446467,-10.731399200914097,-10.731092260318935,-7.557879768559042,-7.55992437686918,-7.8604597094915905,-7.858078223709258,-8.401579040795056
2025-07-08,-11.159578622430333,-10.972745280773205,-10.972910447118089,-7.832634925401402,-7.8340265902065545,-7.243333106346723,-7.2426167975499975,-7.393451759446467
2025-07-09,-7.357129093600026,-11.22444560630302,-11.225008438361929,-9.856235428044494,-9.857362707006601,-11.026179130505936,-11.029222029860765,-11.159578622430333
2025-07-10,-6.77970969397273,-9.42922989662915,-9.42566844801724,-5.860221576179197,-5.858038758969195,-7.072959657142847,-7.073098336216771,-7.357129093600026
2025-07-11,-8.57941477255655,-10.140576052878949,-10.139627784649397,-6.212263218115618,-6.209718352159902,-7.2091405517506475,-7.211235230058503,-6.77970969397273
2025-07-12,-9.242421345040274,-10.758752693019822,-10.759906702542766,-7.2129445778336345,-7.211380429745763,-9.098899140269054,-9.100008505923517,-8.57941477255655
2025-07-13,-9.638612319435229,-10.224838585702,-10.224920616019624,-6.629196890680227,-6.6268690819197715,-9.572734799049776,-9.572576659173238,-9.242421345040274
2025-07-14,-9.317242720016605,-9.600452174097493,-9.598540781112026,-6.5427182693009165,-6.543745693241191,-8.987690451878073,-8.985199175255584,-9.638612319435229
2025-07-15,-8.603314248312138,-10.193135428518406,-10.192472957681119,-6.60879040498146,-6.609924752500036,-8.80751563310275,-8.804263928765394,-9.317242720016605
2025-07-16,-9.873415328629353,-10.802258749735778,-10.802765159324158,-7.455213498653615,-7.4559254749066755,-8.624291178659659,-8.623676302587386,-8.603314248312138
2025-07-17,-8.795744075288876,-10.962276421348989,-10.962589769257214,-8.447677170994217,-8.447641578342347,-9.931626014956887,-9.933754453857771,-9.873415328629353
2025-07-18,-9.054370003893542,-11.158115607277532,-11.159190304004003,-7.262706695476072,-7.26189084873265,-9.145985957941296,-9.147015482033488,-8.795744075288876
2025-07-19,-9.736678783420988,-11.444050971320593,-11.445532728487262,-8.398543442888435,-8.397846478781936,-9.433562200954198,-9.435306083659118,-9.054370003893542
2025-07-20,-10.057252681491503,-11.744472532336331,-11.746416091597833,-8.69996656040624,-8.698666244641684,-10.267236959470804,-10.27024713478331,-9.736678783420988
2025-07-21,-9.955984452380749,-10.742599824331258,-10.742104563647683,-8.466693242731514,-8.468781376596695,-9.558959791249084,-9.558973001901112,-10.057252681491503
2025-07-22,-13.326129936855365,-10.308364836512224,-10.306615723617247,-8.375590849088645,-8.376340748734908,-9.50016702441215,-9.501695728600447,-9.955984452380749
2025-07-23,-14.054234918911504,-11.591725499614203,-11.593498183270853,-9.311330050566143,-9.31219062326203,-13.439324655889635,-13.443434627130156,-13.326129936855365
2025-07-24,-14.129988530142302,-11.122796313493765,-11.12354071810729,-8.38587015683964,-8.386583894183461,-13.715229096838314,-13.715441023286218,-14.054234918911504
2025-07-25,-13.035834746318464,-11.316116843949494,-11.317411031210185,-8.034389823571999,-8.03411250545614,-14.12759254633119,-14.12907006764539,-14.129988530142302
2025-07-26,-13.087652077891434,-11.348084154618764,-11.34969709893186,-7.415044744723452,-7.413737854576185,-13.383104563373056,-13.385026977459681,-13.035834746318464
2025-07-27,-11.70109074152425,-11.150770082421078,-11.151574316909093,-7.95501935125536,-7.9530574176146045,-13.32916474617521,-13.33186955465221,-13.087652077891434
2025-07-28,-8.831290551421816,-10.79015573895413,-10.789601687777582,-7.670256292275396,-7.671652811010912,-11.250037925632029,-11.250822116102047,-11.70109074152425
2025-07-29,-10.072224949998583,-11.096304921563961,-11.097311423972766,-6.816344478253186,-6.817130530050996,-9.034656301772438,-9.034827495030735,-8.831290551421816
2025-07-30,-10.37889045126078,-11.086722132388012,-11.086888577127757,-8.8787655846047,-8.880038311778048,-9.736354994065092,-9.736730165698807,-10.072224949998583
2025-07-31,-13.030555545159864,-10.428204928670905,-10.423683653173251,-7.134559392932599,-7.129915868311011,-10.15090891327284,-10.156263242685771,-10.37889045126078
2025-08-01,-12.282981302841794,-12.07663291765573,-12.074143702595302,-9.30328825495531,-9.299578801230778,-12.854737527859657,-12.860649348851226,-13.030555545159864
2025-08-02,-12.646500519484048,-12.417045215313326,-12.42028693611503,-9.42456279078431,-9.425093044659652,-12.546429432447173,-12.547699748339323,-12.282981302841794
2025-08-03,-11.38556678396656,-12.105778948142461,-12.107994430677964,-9.792997378204513,-9.792426839572398,-12.881557387661115,-12.884410955199478,-12.646500519484048
2025-08-04,-10.554283668111264,-11.203561102111644,-11.20335219614574,-8.86442665846679,-8.866446388580822,-10.855027440236743,-10.855932786905882,-11.38556678396656
2025-08-05,-9.467802828656264,-11.501237840987338,-11.502070667661542,-8.899461026301477,-8.901422884770689,-10.227749564227885,-10.227994876643162,-10.554283668111264
2025-08-06,-9.265560968890089,-11.419531551607308,-11.420717584088857,-8.500456848413418,-8.501845317085222,-9.370356975723398,-9.369881013229758,-9.467802828656264
2025-08-07,-8.930811416521614,-10.729925617013592,-10.729397755024918,-8.392266384057898,-8.392580202493718,-8.922406659722043,-8.921771524640283,-9.265560968890089
2025-08-08,-14.236113449718031,-11.358923405479857,-11.360750642268034,-7.505787910467863,-7.505267281625833,-9.297949259921664,-9.298150671764938,-8.930811416521614
2025-08-09,-13.436421723207353,-12.343786344144437,-12.348156777781778,-10.38950157398303,-10.390438046917788,-14.616136984676956,-14.618297149598256,-14.236113449718031
2025-08-10,-14.49663712046577,-11.04249182704757,-11.043182920337449,-8.017502678879822,-8.015910067617636,-13.486958276284215,-13.48795350531773,-13.436421723207353
2025-08-11,-15.019302857391155,-10.433378474425531,-10.432246411408434,-8.474509092843086,-8.476720791351626,-13.42251440275739,-13.421041343777624,-14.49663712046577
2025-08-12,-15.371286805325798,-23.056348909186482,-23.057528444687804,-8.379422467410693,-8.381417723641729,-14.201528685408118,-14.199654436255509,-15.019302857391155
2025-08-13,-9.925026835975974,-22.47955400491036,-22.47861985126014,-8.602371488061006,-8.603034079089749,-14.320391257002363,-14.320119212808514,-15.371286805325798
2025-08-14,-8.320366584293623,-10.77969975462045,-10.779956008638717,-5.271601794347223,-5.2710795545392894,-9.736558350701797,-9.733069766154756,-9.925026835975974
2025-08-15,-8.377782603431328,-11.712944154285449,-11.71620235690187,-7.600452148764388,-7.6014917745115795,-8.674489746017768,-8.671308918998964,-8.320366584293623
2025-08-16,-9.08043040766269,-11.80889304945625,-11.81105986789702,-9.027843260899425,-9.027797974678458,-8.737257053211826,-8.738161861041226,-8.377782603431328
2025-08-17,-9.011335858510012,-11.918883856877489,-11.921242921980985,-9.18788065318139,-9.187224636462604,-9.510236783864746,-9.511784113266698,-9.08043040766269
2025-08-18,-9.073023521251123,-11.27933545328657,-11.279543413467305,-9.357954937639425,-9.360945792138933,-8.418318304412471,-8.417392414418396,-9.011335858510012
2025-08-19,-6.906569598105463,-11.765495679891382,-11.765952961492122,-10.439357117147843,-10.442910331703546,-8.234447993174946,-8.232815408341446,-9.073023521251123
2025-08-20,-8.6137915751209,-11.692547747699402,-11.69427519767746,-8.669676904408128,-8.67137718640817,-7.052204057821445,-7.051623119988788,-6.906569598105463
2025-08-21,-3.0699442813807565,-11.858299227545931,-11.859678972626533,-10.162493054752181,-10.163994516106744,-8.478384302636819,-8.479578974479349,-8.6137915751209
2025-08-22,-3.213620283930144,1.5082765960117772,1.5096765482495016,-6.92374881128353,-6.92228258897705,-3.706219322300792,-3.70717574171373,-3.0699442813807565
2025-08-23,-2.8370610828543263,0.893311257974144,0.8937727893561398,-8.818784282034004,-8.81755128251098,-3.815212456858456,-3.818145645187178,-3.213620283930144
2025-08-24,-4.026249555871132,0.35791879904971147,0.35625534830242955,-8.686633196345797,-8.686369025561339,-3.5830305577966692,-3.5823975207849896,-2.8370610828543263
2025-08-25,-2.903904790530717,1.2671836982196911,1.2685380169391607,-9.724596688053468,-9.729099151532376,-3.028352328870734,-3.022419786697003,-4.026249555871132
2025-08-26,-4.090631391721487,0.9648958562164474,0.9650696854553509,-9.011642878816943,-9.014138738946702,-2.974229346196564,-2.9726167712218565,-2.903904790530717
2025-08-27,-2.8885588878397925,1.0193184803438715,1.0201483169419543,-9.52333536845951,-9.524984497361467,-3.9779277727493043,-3.977669661388334,-4.090631391721487
2025-08-28,-2.4410110062381776,0.621579254532163,0.621530077000072,-9.167832875386354,-9.16860963625524,-3.2985454515794217,-3.2995507487213915,-2.8885588878397925
2025-08-29,-2.8133468531479338,0.5192966272921691,0.5196154050868014,-9.46484004558392,-9.466126884099666,-2.3011549837313297,-2.2990645409037143,-2.4410110062381776
2025-08-30,-4.327215724332746,-0.05906867174664665,-0.06136568380906482,-9.821577292602134,-9.822763264826119,-3.4637084380445,-3.4628984354510504,-2.8133468531479338
2025-08-31,-4.140458142425239,1.1412829006947085,1.1452265741084204,-8.35876875829458,-8.35300425334447,-4.944809327812976,-4.95151224029269,-4.327215724332746
2025-09-01,-3.2431434833508206,1.1687535068228936,1.1749939057723076,-8.853130022220252,-8.850676343302089,-3.883086917739486,-3.8879472851547145,-4.140458142425239
2025-09-02,-3.356576721729418,1.1987426280310522,1.1998331372918223,-9.271473407520524,-9.273387861783624,-3.1917848148573533,-3.191288038225615,-3.2431434833508206
2025-09-03,-2.966650540560736,0.8830499424477534,0.8835294134734948,-9.639713429671053,-9.641420141543769,-3.359623150692838,-3.3592181103136225,-3.356576721729418
2025-09-04,-2.073179298588677,0.9710533494586304,0.9705549055773339,-8.501613592791696,-8.502920089989098,-3.1987099561255965,-3.1960799363860293,-2.966650540560736
2025-09-05,-3.101770510070552,0.7577506866108283,0.7565310014594075,-8.433332523262619,-8.434076070625622,-2.6529144116251553,-2.650834773110625,-2.073179298588677
2025-09-06,-3.1940208437977304,0.5649307844295883,0.5634080224018287,-9.222679523052607,-9.223190452059216,-3.674057481319948,-3.672856954987722,-3.101770510070552
2025-09-07,-2.258865796077579,0.6446035576562092,0.643394290004009,-9.039245694870148,-9.038819277991944,-3.89040220501749,-3.889989096082709,-3.1940208437977304
2025-09-08,-3.523457409566639,1.454670132381386,1.4559918866876256,-8.91347227466734,-8.915904397613822,-2.152978197447845,-2.1516342441793777,-2.258865796077579
2025-09-09,-2.345237296304916,1.0998644889010745,1.100212626762529,-9.810699836316566,-9.813195225302247,-3.5177975636789114,-3.517346517668834,-3.523457409566639
2025-09-10,-0.6041019257626772,1.6185125181113378,1.6197484641972864,-8.575484039911306,-8.576643953063106,-2.466257330942441,-2.464928802589995,-2.345237296304916
2025-09-11,-1.1772781067001503,1.595978683870042,1.5967824677433509,-7.655973797263263,-7.6554718287080785,-1.304224020075078,-1.304781173160312,-0.6041019257626772
2025-09-12,-4.0846033006744165,1.1671545691338672,1.1665967260955483,-8.364615916330015,-8.36459976376636,-1.9050415704058388,-1.9045362679416646,-1.1772781067001503
2025-09-13,-4.2827472351370695,0.5450035988753257,0.5426175633035211,-9.360396841963254,-9.360540794614076,-5.05541708850181,-5.05644058674418,-4.0846033006744165
2025-09-14,-5.431952105900134,0.8856209729740367,0.8844004216474524,-8.536377985742337,-8.535706146630451,-5.0165837341281225,-5.016197772521378,-4.2827472351370695
2025-09-15,-6.083151809216492,-10.488072746905472,-10.487690915510925,-9.263004119735978,-9.26608362374882,-4.9317455049974495,-4.929114766845677,-5.431952105900134
2025-09-16,-5.299836437329667,-10.568262163620243,-10.56767937166347,-9.394177858935741,-9.396213536586663,-5.746354057644744,-5.745647351005795,-6.083151809216492
2025-09-17,-5.275079922596923,-11.023635079835381,-11.024377438798018,-8.580774044171868,-8.58166009137914,-5.558559095843934,-5.5592551213763715,-5.299836437329667
2025-09-18,-6.241182790274781,-11.509381899676,-11.511744619129818,-8.891115944310247,-8.891773464543117,-5.982154578101408,-5.983709456627679,-5.275079922596923
2025-09-19,-6.465742000264431,-11.292082745167694,-11.293403208039406,-9.492588338919376,-9.493130671111004,-6.512245811612746,-6.51314918461522,-6.241182790274781
2025-09-20,-9.919246385640498,-11.547589651878852,-11.550038770813584,-9.120101447365698,-9.120037850554095,-7.136300719850017,-7.137518654859555,-6.465742000264431
2025-09-21,-9.735182436210966,-12.194779499995425,-12.198840780893075,-10.38514587452925,-10.384837763403443,-10.867038431864769,-10.871387846362582,-9.919246385640498
2025-09-22,-12.322243167427924,-11.108372521815145,-11.10859951589917,-9.710085548147447,-9.713481376418786,-9.065236962802098,-9.06392717203366,-9.735182436210966
2025-09-23,-13.344422239687663,-11.560380220682104,-11.561582534325732,-11.330708194129514,-11.33457201092446,-11.616422515640206,-11.616083440698281,-12.322243167427924
2025-09-24,-11.666023783985192,-11.813530944524985,-11.81559540032492,-10.44042177482432,-10.442206659819256,-13.397298620098079,-13.400857853493644,-13.344422239687663
2025-09-25,-10.49088999235087,-11.40299975635872,-11.403252314070006,-9.334725031674894,-9.336294332861716,-10.98999631356887,-10.988804123084275,-11.666023783985192
2025-09-26,-10.68020617475755,-12.154032731059495,-12.157118397948194,-9.872138139239466,-9.87350617846143,-10.814314890436778,-10.81531905301578,-10.49088999235087
2025-09-27,-12.392021448438635,-12.089279703647847,-12.091562021445473,-10.258431157057126,-10.258382745446706,-11.081646846846176,-11.085593733538998,-10.68020617475755
2025-09-28,-12.047866302822635,-12.073389959900421,-12.076502221543171,-10.218296196649563,-10.217460612339329,-13.120188308231484,-13.125252321299033,-12.392021448438635
2025-09-29,-12.323595766361908,-10.324348040650978,-10.322508063963344,-9.183678170790788,-9.185483122765994,-11.218527773363043,-11.21931568725078,-12.047866302822635
2025-09-30,-9.45049348092858,-9.800383133577567,-9.794590738377591,-7.971556727840008,-7.967599962426407,-11.858399179861463,-11.865595481538602,-12.323595766361908
2025-10-01,-9.870972498546433,-9.376421314272068,-9.368628648844439,-6.550097944962921,-6.544767148260475,-8.880256291958636,-8.883969481597585,-9.45049348092858
2025-10-02,-10.117383902950458,-10.154908717514193,-10.154341441149818,-8.231087161052226,-8.230718960080532,-9.79728460298966,-9.797934637398857,-9.870972498546433
2025-10-03,-10.281624760543531,-10.142471531225127,-10.142524663269226,-7.862809018253448,-7.862446284666015,-10.057898320355577,-10.056456340410161,-10.117383902950458
2025-10-04,-10.030292546160748,-10.653401254650904,-10.654796356600947,-7.9225558874787225,-7.921818265877742,-10.575907634830866,-10.575309812846207,-10.281624760543531
2025-10-05,-11.18470646172035,-10.788614422688973,-10.790341039862003,-8.057621439915296,-8.056388241170396,-10.524749284613765,-10.524746127767441,-10.030292546160748
2025-10-06,-9.814344543988277,-9.769678583454967,-9.768396674823611,-8.780034270641925,-8.78252781960341,-10.355757799990275,-10.353268213475644,-11.18470646172035
2025-10-07,-9.582478644510084,-10.602206599330671,-10.60244570192964,-8.328998450994952,-8.331245508834641,-9.315054696156952,-9.312215893023597,-9.814344543988277
2025-10-08,-9.551195698810504,-10.800630973921077,-10.801427442403748,-9.552414525262593,-9.554519286369379,-9.39890445641884,-9.39792786012132,-9.582478644510084
2025-10-09,-4.674472155078725,-11.186511370298389,-11.187525571998037,-9.61337935387715,-9.614382707724072,-9.55717559105624,-9.558397573864267,-9.551195698810504
2025-10-10,-6.4263749696579495,1.5312970663909837,1.5337769351368582,-8.80531812338139,-8.807762282565562,-3.4453967307039823,-3.437004854281687,-4.674472155078725
2025-10-11,-4.367813015440092,-13.011648844197596,-13.016469788592687,-12.71583823577943,-12.719634619374766,-6.650781952991084,-6.649326130810113,-6.4263749696579495
2025-10-12,-1.5044359889551515,0.4396601537010163,0.43973575597949477,-11.257085741048485,-11.25648916089922,-5.088361990574223,-5.093476976649942,-4.367813015440092
2025-10-13,-2.672900521661824,1.1404999408856913,1.141751506885246,-9.444124504356427,-9.445359287372634,-2.0225869548911355,-2.0269718629628573,-1.5044359889551515
2025-10-14,-2.328933029785844,0.6506366988943793,0.6511398291287023,-11.990500728025797,-11.993988315280495,-2.5489202475894572,-2.5504400640578986,-2.672900521661824
2025-10-15,-4.299992351876668,0.22180399337399592,0.22081850252728685,-11.338402422889011,-11.341625370588597,-2.5437810458762247,-2.544153141769768,-2.328933029785844
2025-10-16,-6.15604108911198,0.6444735411604654,0.6437934414305921,-11.35848174490302,-11.361680604689594,-4.163086275979213,-4.1612576692716345,-4.299992351876668
2025-10-17,-5.2069030685200985,-11.94773408969501,-11.950237422214705,-11.326101705015985,-11.328726039606044,-6.129816343272619,-6.128509611487169,-6.15604108911198
2025-10-18,-3.7666117487223545,0.029000383632436844,0.02717847709998189,-10.820278636967846,-10.820862734322295,-6.02134876290692,-6.024675370207863,-5.2069030685200985
2025-10-19,-1.6270487245643608,0.09108067887666671,0.08958611121483528,-10.378374068904725,-10.377453002724875,-4.895535502293573,-4.900555810065993,-3.7666117487223545
2025-10-20,-4.399167684256334,1.2968754867063996,1.2982215030044877,-9.61325602482605,-9.615416092390786,-1.7747878484457633,-1.775953018076665,-1.6270487245643608
2025-10-21,-6.4675184542635975,1.148603152114367,1.1498920926743192,-11.511820158277333,-11.515533844942963,-3.7175155239555098,-3.7158584065735383,-4.399167684256334
2025-10-22,-0.2169657904746884,-11.767643488044882,-11.76996473735978,-10.923387871923874,-10.927161042281384,-6.1568782300476785,-6.153724589638718,-6.4675184542635975
2025-10-23,1.985483587661129,1.0263873929279708,1.0251893022486378,-6.3903882149865785,-6.3901078157650675,-1.3324457265177676,-1.3307439354751915,-0.2169657904746884
2025-10-24,-0.1195558827611833,0.9364473916475742,0.9357093641060832,-8.052022225397188,-8.05173087224721,1.0028664163232248,1.0035334511940244,1.985483587661129
2025-10-25,-0.2453609012633535,0.40341597871192647,0.4013839666230883,-10.136038748984866,-10.136700375853913,-1.0233832051859357,-1.0233867622619126,-0.1195558827611833
2025-10-26,0.8663771132062763,1.057617400472445,1.057614706458832,-9.624572748837672,-9.62402525981928,-0.8751746211959706,-0.8748540521447712,-0.2453609012633535
2025-10-27,0.7270120292159916,1.6586026647975878,1.6596081382517696,-8.209434407245679,-8.211925298550488,0.8666818376722807,0.870525939664641,0.8663771132062763
2025-10-28,-1.5226105916619872,1.2899229182973357,1.2894386815458407,-8.728443170392255,-8.731523091419488,0.5949597164099769,0.6001117704904706,0.7270120292159916
2025-10-29,-0.973159351094047,0.7985616085866791,0.7980575041451434,-10.715050447671958,-10.719120127394053,-1.1173537041201511,-1.1118186482997157,-1.5226105916619872
2025-10-30,-1.4026917037085482,0.30563356469409264,0.30370533549198875,-9.890886164322755,-9.89381488892234,-1.2672943966626278,-1.2633793709944587,-0.973159351094047
2025-10-31,-1.935260034726717,1.2997442004765265,1.3030602733095016,-9.052064740734576,-9.047475143700012,-2.5157625906734795,-2.524004669568181,-1.4026917037085482
2025-11-01,-2.830608427789201,0.5976705611843247,0.6020666003073121,-10.21006456835575,-10.20457461927018,-2.916442051059943,-2.926787941494304,-1.935260034726717
2025-11-02,-2.52888328752286,0.2551006680738084,0.2534715161149368,-11.378824561444429,-11.379053856031415,-3.704165639180361,-3.7070918348372466,-2.830608427789201
2025-11-03,-1.4478375802260215,0.9389567309608129,0.9396230408718687,-11.122610826084227,-11.127287818434894,-1.9242881917506534,-1.9209467448204114,-2.52888328752286
2025-11-04,0.3803268448883443,0.5013546801885074,0.5006862109250108,-11.167626767873687,-11.173189165927766,-0.8181237077155163,-0.8113477703527492,-1.4478375802260215
2025-11-05,-0.1639577603389028,0.556638741600338,0.5554363232132182,-10.857042755550363,-10.860280387979373,-0.1123288071176729,-0.11093365851423886,0.3803268448883443
2025-11-06,2.3206410169211864,0.1255839842763038,0.12453795619667751,-11.777032132837254,-11.779179330270235,-0.7067529417370242,-0.7091174877359547,-0.1639577603389028
2025-11-07,1.946201067547868,0.18952676232292376,0.187693426825426,-10.696032430990112,-10.697076219527379,1.0519377981355413,1.0493490727488526,2.3206410169211864
2025-11-08,-5.6323009666725525,-0.009647311732311259,-0.011060445407606423,-11.847820609019253,-11.8484875743371,0.8908229481056926,0.8867565920420111,1.946201067547868
2025-11-09,-5.153688999154781,-13.274680349303345,-13.281216278208845,-13.995931000174888,-13.997382423906172,-7.186605451683858,-7.193750730192329,-5.6323009666725525
2025-11-10,-8.512070375810843,-10.631523488151348,-10.631503920127953,-9.454241974893211,-9.456750042473155,-4.975537168801422,-4.974702367006823,-5.153688999154781
2025-11-11,-7.677681677937215,-11.497531665893119,-11.499140825098227,-11.692973342996725,-11.697155198442854,-7.9566254061276345,-7.95512474577606,-8.512070375810843
2025-11-12,-8.08196437959311,-11.538897474347788,-11.541653589380081,-9.718841278926563,-9.722194737775396,-7.585558917487263,-7.581746002750421,-7.677681677937215
2025-11-13,-7.723457428333795,-12.110485980023396,-12.113588150736959,-11.017636827967465,-11.020770979179265,-8.024177782291877,-8.022473187370814,-8.08196437959311
2025-11-14,-7.155306302722394,-12.253261775718396,-12.255721532888394,-11.398155813406515,-11.402045133513159,-6.991224317575378,-6.985737111463394,-7.723457428333795
2025-11-15,-8.401481401824064,-13.245227955534084,-13.250570074120455,-12.107776562929317,-12.110387354999,-7.832898256950722,-7.8337379272400955,-7.155306302722394
2025-11-16,-8.749116894270067,-13.374935047751546,-13.378981519261973,-13.156901327176561,-13.158457388629005,-8.776026694438233,-8.779758699828434,-8.401481401824064
2025-11-17,-8.820360046303271,-12.604443213312413,-12.606789300246215,-12.792987885730044,-12.798849815481951,-7.933599462610214,-7.931653261342684,-8.749116894270067
2025-11-18,-9.435321157021107,-12.563736153240395,-12.566373585528925,-12.579812704377666,-12.584457706747283,-8.445071332852168,-8.44505441223059,-8.820360046303271
2025-11-19,-9.361358138754277,-12.56859463777693,-12.571189164557001,-12.287826518144009,-12.291516005600572,-9.109804628949682,-9.110471889000294,-9.435321157021107
2025-11-20,-11.740162991893868,-12.35731990875615,-12.359501460045689,-11.79920816482008,-11.804087006811502,-8.205790276003809,-8.19936666627556,-9.361358138754277
2025-11-21,-14.20684729796173,-13.459820326440703,-13.464643654997142,-13.922608454574007,-13.927983105164195,-11.142502350521855,-11.139548649741661,-11.740162991893868
2025-11-22,-10.8439195671776,-25.90886667814256,-25.914723981278918,-13.788855899678996,-13.792272358822231,-13.927402530443967,-13.928633729564556,-14.20684729796173
2025-11-23,-7.323811416156197,-12.909333431483041,-12.913310057573703,-10.405033548569444,-10.405125019185391,-11.44137803818968,-11.443679433011196,-10.8439195671776
2025-11-24,-7.309046411955819,-11.854848918436101,-11.855948754633282,-10.113456925734155,-10.116048669354132,-7.266337271032625,-7.267976469402791,-7.323811416156197
2025-11-25,-3.069425961058592,-12.100655686028515,-12.102872915579724,-11.16122601625013,-11.164621381183236,-7.186901028774315,-7.187238234630233,-7.309046411955819
2025-11-26,-2.49331325556777,1.4136796747248894,1.4139680621134811,-8.191293100673754,-8.192763597569321,-3.2649675565715075,-3.2617252931556626,-3.069425961058592
2025-11-27,-2.726070412313632,1.4807349316199527,1.481087786096186,-8.756926372450426,-8.757604080873392,-2.7799242057267994,-2.778292147796507,-2.49331325556777
2025-11-28,-3.476200980032438,0.926889741525903,0.9251720888900348,-8.834367895372417,-8.835679135174113,-3.192901940689781,-3.18911400807428,-2.726070412313632
2025-11-29,-3.280018939241806,0.6957072071519015,0.6938311195399152,-9.74032513476867,-9.741632551836606,-3.9090710691102872,-3.9059373506829513,-3.476200980032438
2025-11-30,-4.893314112313874,1.361786243268222,1.3648691808949085,-8.341736868951267,-8.33661635094726,-4.041914123267047,-4.0461544701629695,-3.280018939241806
2025-12-01,2.814370615014468,1.2377595783992774,1.2438117822191792,-10.635182311062508,-10.635955096490802,-3.480092527236928,-3.4772787004743373,-4.893314112313874
2025-12-02,3.687298015648736,1.6037083923524165,1.6046124503390384,-8.360859137491168,-8.363079577830792,2.4130401148431266,2.417069781116031,2.814370615014468
2025-12-03,0.4364843548706218,1.231908563458413,1.232601234640283,-10.239939095293781,-10.24050126852287,2.779255454497762,2.7759805054864968,3.687298015648736
2025-12-04,-0.0023051092083505,0.4607806312114864,0.4587657464083392,-11.688373983633644,-11.690951730261286,-0.25799081268986956,-0.25832378577696513,0.4364843548706218
2025-12-05,-0.8281117957198134,0.47557796534374575,0.47341078807820836,-10.947524104493962,-10.950320783369564,-0.4931677343581313,-0.4901609769852415,-0.0023051092083505
2025-12-06,-1.7477053484750726,0.15552325522785537,0.15245272058750103,-11.416006730778602,-11.418184290262289,-1.7079368663281782,-1.7068966756589958,-0.8281117957198134
2025-12-07,-1.2254673914822902,0.9324513147396605,0.9309510096700162,-10.464862896686027,-10.46516194661406,-2.58487444418593,-2.5846078519514277,-1.7477053484750726
2025-12-08,1.287874250688155,1.3463215782621134,1.3469425198203044,-10.852770973766052,-10.856041996452955,-1.356828460888238,-1.357133180042772,-1.2254673914822902
2025-12-09,2.682984664608064,1.2395845165345492,1.2396864354700785,-10.149044410601789,-10.15100074848436,0.522632901762063,0.5208989464775717,1.287874250688155
2025-12-10,2.1505406272632044,1.1638153792773736,1.1635248461698673,-9.97744016874722,-9.97899785418326,1.8358547103243241,1.8348723428033908,2.682984664608064
2025-12-11,2.929254119521964,1.3394256199671624,1.3385092826575153,-10.30327795947509,-10.304929686501804,1.2042379325019672,1.204161112722466,2.1505406272632044
2025-12-12,2.006555497978809,1.1759447328431296,1.1748809417005077,-9.724473235443988,-9.725551762517318,1.9580225214077265,1.9588066984059784,2.929254119521964
2025-12-13,-3.071023687345914,0.7660037442867047,0.764026539732706,-11.177462367478292,-11.178809946527,0.871814564678032,0.8712222200405995,2.006555497978809
2025-12-14,-2.614101678959223,-0.13541065189427037,-0.13895303820086724,-13.118313072742922,-13.12005510954133,-4.098674311350365,-4.101744099608831,-3.071023687345914
2025-12-15,-1.5247486583196164,0.6318317863360488,0.6309940306505588,-11.895404617562267,-11.900357728937827,-2.5766206681452184,-2.575478581261293,-2.614101678959223
2025-12-16,-3.0215035296751864,0.897254295200856,0.8969761437209645,-11.619729874768403,-11.622952992288083,-1.9345200125281306,-1.9361280851211253,-1.5247486583196164
2025-12-17,-3.492154050201023,0.4132368003032081,0.412694120142282,-12.77153096303002,-12.774822906146238,-3.156604732933535,-3.1587929047364973,-3.0215035296751864
2025-12-18,-0.1431831211107521,0.25211593072121374,0.25034373125155795,-12.12413415150248,-12.127399171025063,-3.8097005426274997,-3.8097123524684857,-3.492154050201023
2025-12-19,-4.521221182501009,0.7917280067268475,0.7909577405463892,-10.223627397431464,-10.224027997367147,-1.2068890092363675,-1.2094729701917624,-0.1431831211107521
2025-12-20,-4.928687350626298,0.06407158917353684,0.06116039156748432,-12.455122179602888,-12.455928764996589,-5.692376852580127,-5.69798889132401,-4.521221182501009
2025-12-21,-4.980322490718237,-11.647435655187014,-11.650608616159015,-10.414449551908213,-10.414564411702688,-5.790289131040453,-5.79138304032886,-4.928687350626298
2025-12-22,-3.9443094903344544,-10.78020066280519,-10.780718136634235,-10.761331515831065,-10.764833918745738,-4.832664626267611,-4.832271907402175,-4.980322490718237
2025-12-23,-3.784430782247597,1.034308241517003,1.033096314549324,-9.787430795605944,-9.790568989634746,-4.227448234021338,-4.225510609972293,-3.9443094903344544
2025-12-24,-3.659220185335698,1.0244160173064092,1.0232418529713936,-10.320184796097259,-10.323212416621143,-4.0081855895749205,-4.005759864865729,-3.784430782247597
2025-12-25,-4.113069059146127,0.7206497047720646,0.7194769657057716,-10.914886703901685,-10.917114881572328,-4.061605281726106,-4.06162733085074,-3.659220185335698
2025-12-26,-4.991922243212386,0.3017165344306676,0.2990001545730383,-11.052711244890954,-11.054216575377211,-5.1135608846365574,-5.115845782907323,-4.113069059146127
2025-12-27,-5.309800502751941,-11.688630133950475,-11.691046824870902,-11.500577074914908,-11.50155434356456,-5.573341494216093,-5.575420180687152,-4.991922243212386
2025-12-28,-5.341200880253048,-11.86626850156657,-11.86926472247361,-11.0639778550841,-11.064209800992266,-6.100409912189487,-6.102657683905143,-5.309800502751941
2025-12-29,-5.588936643126431,-11.107561114925062,-11.108616629830134,-10.92457809945461,-10.928662525806143,-5.049477895129439,-5.047780878940101,-5.341200880253048
2025-12-30,-9.305917303188052,-11.042600209777696,-11.043445325408324,-11.190753529218302,-11.194226168047472,-5.356621592058133,-5.355475658702954,-5.588936643126431
2025-12-31,-14.412009383562516,-10.865054869795836,-10.86279244464282,-10.821070260276992,-10.818602505963419,-9.568148345274418,-9.576424715250797,-9.305917303188052
2026-01-01,-16.45683114751635,-24.627785088966665,-24.626562127662094,-5.7314130628008035,-5.7255596336510965,-14.545145078491544,-14.552571169899954,-14.412009383562516
2026-01-02,-17.797742783678594,-23.639125345266983,-23.639692391953503,-5.695547081916976,-5.693751388209243,-15.770712801899808,-15.77086499337028,-16.45683114751635
2026-01-03,-19.734103115215973,-23.654301868213803,-23.655210674553082,-5.1109413144938225,-5.108441118407942,-17.196518897532602,-17.196350142113623,-17.797742783678594
2026-01-04,-17.773986851061938,-23.86523241032228,-23.86749111891053,-4.828449382817658,-4.825227458046823,-19.549469700242195,-19.550462993038472,-19.734103115215973
2026-01-05,-18.31036625036449,-22.121344615547628,-22.11877520497565,-3.491798512292468,-3.490797749339017,-16.399125015477747,-16.396941194233868,-17.773986851061938
2026-01-06,-17.35528198439348,-22.627031879271215,-22.626095116785695,-3.8603740883350377,-3.859376930064269,-17.144327555437805,-17.142152671750203,-18.31036625036449
2026-01-07,-17.068706498100607,-23.0057890438946,-23.005745708815404,-3.70303935303249,-3.702516737976997,-16.156141568730572,-16.151363799376252,-17.35528198439348
2026-01-08,-14.40951395038429,-23.806385878338112,-23.808681867954718,-4.420864174247491,-4.419957662630522,-16.687653435990242,-16.685867463331626,-17.068706498100607
2026-01-09,-14.982170443369643,-23.91974917284082,-23.92185638553188,-3.492004088180388,-3.489502893999215,-14.414514611472441,-14.413858773585368,-14.40951395038429
2026-01-10,-17.00423572245718,-24.030958357513466,-24.03261209194133,-5.454374874633322,-5.4523417716326925,-14.64618349767062,-14.646090784232559,-14.982170443369643
2026-01-11,-16.570804559041274,-24.50412982874898,-24.5065729385167,-6.524242324597163,-6.521727606554437,-16.90540295412364,-16.90829837100636,-17.00423572245718
2026-01-12,-13.735383256351168,-23.421323508001137,-23.420813013326196,-5.51472209725863,-5.515022512162046,-15.457951641043874,-15.457767538129247,-16.570804559041274
2026-01-13,-13.165405626417282,-9.573936696076952,-9.569005603419193,-3.8955621616171077,-3.8938193127779988,-12.467061947233528,-12.46548075257434,-13.735383256351168
2026-01-14,-13.12879391138508,-10.155081002983787,-10.15231408847609,-3.6100492139194893,-3.6071306893165778,-12.693184804686645,-12.694391848406816,-13.165405626417282
2026-01-15,-11.565905662853918,-10.62464521861645,-10.623743265518684,-3.5593455525505053,-3.557367411232277,-12.662673778196652,-12.660429613206912,-13.12879391138508
2026-01-16,-12.498624005106386,-11.022672594397658,-11.023510983384657,-2.8932017087600412,-2.89070589997682,-11.739583658018695,-11.737173764544726,-11.565905662853918
2026-01-17,-15.22180637035071,-10.987502392111564,-10.987357614095313,-4.383235415897948,-4.38076565917204,-12.246223175386683,-12.244394397058755,-12.498624005106386
2026-01-18,-14.404658111202943,-24.042875472391437,-24.045633435654032,-5.289113563583957,-5.286850189897202,-15.100459943322397,-15.099623930863492,-15.22180637035071
2026-01-19,-12.215670510991856,-23.47873831051959,-23.47899563172931,-5.156993199851744,-5.157889685584863,-13.417970332441595,-13.415706633624904,-14.404658111202943
2026-01-20,-9.856965389825923,-11.19006839851161,-11.187683962041525,-5.703096506146142,-5.704484455847585,-10.539989917033495,-10.534638717485974,-12.215670510991856
2026-01-21,-8.929683361251662,-11.895635566644268,-11.896341756616163,-5.505385615466206,-5.505418768826854,-9.701682689409184,-9.7007193101683,-9.856965389825923
2026-01-22,-8.118179822734298,-11.91484494149671,-11.914768017735733,-5.857459952201079,-5.855856357730724,-8.951092428005284,-8.95355879143767,-8.929683361251662
2026-01-23,-8.344881063809567,-12.02448700866784,-12.02486923553926,-5.835552981251761,-5.833782983753372,-8.216749333121822,-8.218167196009384,-8.118179822734298
2026-01-24,-9.570805003000832,-12.085515561278088,-12.086192625969227,-6.030835943402242,-6.028909458416807,-8.405558110190126,-8.406200441230926,-8.344881063809567
2026-01-25,-6.524750084548515,-12.235398717783767,-12.235962780402406,-6.706099327458851,-6.704892557481605,-9.083875258427794,-9.08181114117233,-9.570805003000832
2026-01-26,-5.781546906365627,-11.155942847104301,-11.155235832160448,-4.099401760890513,-4.100075688378974,-5.987127497690929,-5.982269810847956,-6.524750084548515
2026-01-27,-5.706430315551572,-11.095160287121347,-11.093442603335248,-5.011279205431721,-5.0107473326432626,-5.269482285851357,-5.267800771438604,-5.781546906365627
2026-01-28,-4.587597662254559,-11.284625953348687,-11.283780873066844,-5.109034428922891,-5.10834548458883,-5.37996809885064,-5.378028914765083,-5.706430315551572
2026-01-29,-3.6014991883172343,1.0401438689619944,1.0431393563012463,-5.372386033862266,-5.3729599984659195,-3.3410953041835034,-3.3333788758974947,-4.587597662254559
2026-01-30,-4.058985009614986,-0.14882219891814685,-0.15007442365681634,-5.7012264080907435,-5.701362314037368,-3.8328764312383807,-3.828825233217364,-3.6014991883172343
2026-01-31,-4.26050713106428,1.7111901228256094,1.7200918872083548,-5.724756125844902,-5.7199980643381405,-2.409825438779655,-2.40703761483715,-4.058985009614986
2026-02-01,-1.6382173551447965,-1.2249775327262116,-1.2226201647899924,-7.15025577686428,-7.14552774795041,-4.5513585991992285,-4.554144462925398,-4.26050713106428
2026-02-02,-5.247781166745071,-0.05015651151808953,-0.048807428718208534,-7.551425508909785,-7.553106749255432,-1.4210293600775215,-1.4208957807191451,-1.6382173551447965
2026-02-03,-6.210186354861747,-12.759758216369164,-12.758480336804787,-10.6736560526005,-10.677096062819343,-3.649361192023356,-3.6473698707997793,-5.247781166745071
2026-02-04,-11.850092989857515,-13.506052575024325,-13.50852311078626,-8.892149751503975,-8.895907382983747,-5.272758424042646,-5.266946113178604,-6.210186354861747
2026-02-05,22.00813948799017,-10.699641145947055,-10.68758935931729,-15.447590014265582,-15.458053845780498,-3.964682420024452,-3.9390455302814025,-11.850092989857515
2026-02-06,21.75779257698756,-0.19204801526875048,-0.19464570499366296,6.125327541928276,6.1317100218407665,18.228983655294794,18.23703073326812,22.00813948799017
2026-02-07,23.965333439056373,-0.6352890126900848,-0.6335235440180291,-7.635162558344966,-7.632300055219297,20.430607769514012,20.427980582267114,21.75779257698756
2026-02-08,26.799248035243032,-1.3053525075739199,-1.307361991524978,-7.180696579281125,-7.179541985308637,21.954819940009465,21.95719930057563,23.965333439056373
2026-02-09,26.656060248646497,-0.16385955472600955,-0.16323583110785211,-5.96806678693939,-5.969486913793901,25.590050586868387,25.595499466792134,26.799248035243032
2026-02-10,26.697373356131244,-0.06601006053237057,-0.0655757475355152,-6.898238947269221,-6.900580663680772,25.81643620267937,25.824621778667243,26.656060248646497
2026-02-11,25.361852800573416,0.6843442680284664,0.6840947109124436,-4.128017084168543,-4.13011710904846,26.012711581776387,26.028506336619287,26.697373356131244
2026-02-12,29.505767188404057,-0.891921775267206,-0.8939191029619362,-7.459676073017797,-7.461808525450415,24.094530176154837,24.102591485026494,25.361852800573416
2026-02-13,31.6554396242218,0.1857794668625452,0.18593697967334855,-4.529483903016493,-4.528018157271354,27.572773875294452,27.57915682437669,29.505767188404057
2026-02-14,30.417304290352973,0.09044294070445691,0.09081333511218315,-4.926743676714097,-4.924067217737279,29.454821643557423,29.45858517659706,31.6554396242218
2026-02-15,29.494552757121568,-0.1867048400239133,-0.18717285673774153,-6.435732836563375,-6.434634879177642,28.675593342572796,28.682242735546325,30.417304290352973
2026-02-16,29.80167142468036,0.6193568321166847,0.6206342884570475,-6.398748827739455,-6.40171377638573,28.828942439390374,28.8398961192754,29.494552757121568
2026-02-17,28.22868960496183,0.37984453751634284,0.3801940689043235,-5.246466346636121,-5.248526809104396,28.856068237062246,28.867766234118783,29.80167142468036
2026-02-18,27.670931652736712,0.1548700546311199,0.1547520934762261,-6.383390731983223,-6.386049185629012,27.504228111258143,27.516799821391153,28.22868960496183
2026-02-19,28.97152394216655,-0.2979952809211124,-0.29905925245865017,-6.576860506132352,-6.577640633500886,26.031133266620223,26.037547203752986,27.670931652736712
2026-02-20,28.70080187151254,0.07685178215118071,0.07717157570607824,-5.8412145836006015,-5.840137163831763,27.180296197336247,27.184999489285786,28.97152394216655
2026-02-21,28.418839896032395,0.2723997511341647,0.2727926900314088,-5.9902784286130935,-5.988751031734963,26.901209699117786,26.905812018096825,28.70080187151254
2026-02-22,25.834577107039657,0.05697181812114849,0.056496382332660744,-6.006133538413712,-6.004448991757598,26.44489385844323,26.449851774655073,28.418839896032395
2026-02-23,23.60000841539844,0.6223585915167043,0.6243263477258267,-7.507142505887999,-7.511167230724775,25.904343810890424,25.916110887120787,25.834577107039657
2026-02-24,30.12216046742654,0.15902121245146716,0.15892820563408172,-7.537625054420465,-7.541057571463725,22.971754934133422,22.981340913950774,23.60000841539844
2026-02-25,31.48706738628981,1.590605063883892,1.5937361890649253,-3.3421580479879873,-3.3398476158654304,28.23627061838259,28.240464543800073,30.12216046742654
2026-02-26,31.551280111343587,1.3797276948884818,1.3825516106254288,-4.756100293235498,-4.752962125935859,29.266132770528714,29.265758512266956,31.48706738628981
2026-02-27,27.0004486684059,0.35175495802418766,0.3517870237666614,-5.84253702273206,-5.842224838138443,29.722355062300473,29.728872464110488,31.551280111343587
2026-02-28,27.36497332684417,1.387899982150076,1.3935548550069186,-6.906113603084525,-6.9001881866985455,25.247854990064802,25.244815334420863,27.0004486684059
2026-03-01,27.16586858239432,0.7559073722682523,0.7611683655548145,-4.038257725853001,-4.0301425884591575,25.237152288026927,25.235851981489574,27.36497332684417
2026-03-02,24.782294851993555,1.7320998990713115,1.7340055589076595,-5.429273692722459,-5.430013541442669,25.694473328759777,25.70019020237855,27.16586858239432
