definicao,h,n,n_baixa,n_alta,media_baixa,media_alta,diferenca_alta_menos_baixa,ep_hac,p_hac,maxlags
corte_fixo_37_3,1,1776,394,1382,0.0879978603898561,0.05656272193302835,-0.03143513845682962,0.1388055548701224,0.8208367611783982,2
corte_fixo_37_3,5,1776,394,1382,0.5068645981474625,0.22526125832501856,-0.281603339822439,0.6703717118694823,0.6744339964116406,6
corte_fixo_37_3,10,1776,394,1382,1.0273867736472448,0.4311578053367323,-0.5962289683105058,1.3690887796586135,0.663204413021572,11
corte_fixo_37_3,20,1776,394,1382,2.5431269368475817,0.7718040791765883,-1.7713228576709996,2.7802573402688955,0.5240548108988801,21
corte_fixo_37_3,30,1776,394,1382,4.398566755221082,1.1685473304339362,-3.2300194247871787,4.135297445959142,0.43475241548462074,31
corte_fixo_37_3,60,1776,394,1382,6.439348248960958,3.994185942514461,-2.4451623064465364,6.195470469399749,0.6930869250608113,61
quartil_superior_expansivo,1,1047,983,64,0.10513591270404946,0.3774988566140514,0.2723629439100016,0.3617411752124018,0.451496696028858,2
quartil_superior_expansivo,5,1047,983,64,0.5881309154637644,0.28855878539809404,-0.29957213006566935,0.8653535823304689,0.7292039472382488,6
quartil_superior_expansivo,10,1047,983,64,1.2084434212370538,-0.017815182820627606,-1.226258604057678,1.151713199577274,0.2870000916926295,11
quartil_superior_expansivo,20,1047,983,64,2.527189254235934,-0.2901318612964047,-2.8173211155323328,2.1831915606819474,0.19689103367254301,21
quartil_superior_expansivo,30,1047,983,64,3.8192960999535432,0.501548162983616,-3.317747936969914,3.077762967443294,0.2810454347057114,31
quartil_superior_expansivo,60,1047,983,64,7.639601135589514,11.460830321193924,3.8212291856044107,5.952062952136473,0.5208726626195551,61
