origem,n_obs_corte,corte,media_baixa,media_alta,peso_baixa,desvio_log_baixa,desvio_log_alta
2023-06-21,790,36.8130858863383,31.740052529615443,64.56539750505198,0.09486656219551876,0.11370445065699272,0.26407098867829465
2023-07-21,820,38.123207124715684,33.065014022632084,64.23241799346665,0.11371123044400726,0.14042186040684673,0.2655204861204726
2023-08-20,850,40.967257463920845,33.59774495556852,65.65257307393335,0.19198498092568372,0.24538928229515902,0.25342577581051495
2023-09-19,880,43.116569826390304,35.38925550566443,66.17927605636719,0.24187282164682686,0.2552447939583765,0.25078798414770237
2023-10-19,910,41.65127415672869,33.08540232942956,65.40761404577911,0.23844626234189506,0.2288836059426275,0.2558474220944151
2023-11-18,940,40.527378256534085,33.013457267289866,64.12821280259976,0.22592686535894807,0.23082209720268726,0.26653325616052076
2023-12-18,970,39.4504173907269,33.05642461916892,62.93195646754229,0.21209442841865989,0.23520410399924224,0.27548800348337343
2024-01-17,1000,36.74873562074392,31.91886780716651,60.99094944723291,0.17020840947304633,0.22572593867263568,0.2896512698253729
2024-02-16,1030,34.26483551862742,30.42401842838945,59.40790220256057,0.13054693189739608,0.20623119658684763,0.29935910051335896
2024-03-17,1060,35.80781371058696,31.94784873000707,59.9323976746401,0.15694345157590942,0.2259600452044791,0.2924812277610377
2024-04-16,1090,40.25413439992796,35.04282157596567,62.5357995344922,0.2287082602504908,0.2584669488181289,0.27251751468305685
2024-05-16,1120,35.152371209536796,31.168271924447733,59.84360834355078,0.13691451722568113,0.21428757571099022,0.2883964671046437
2024-06-15,1150,33.66985006912689,30.213702794165716,58.9118556254896,0.11374293087926644,0.20201372461977699,0.29276310707398284
2024-07-15,1180,33.99045860137248,30.541325011629663,58.59483863942168,0.12631257579425348,0.2024715973440559,0.29581451124907693
2024-08-14,1210,32.7524414391058,29.700872981005695,57.86478104489597,0.10599590592387961,0.19046905973941758,0.2988150840897309
2024-09-13,1240,33.12283548467505,29.804553935223364,58.11628414746772,0.10788615336390886,0.19142023072530456,0.29323183511156803
2024-10-13,1270,32.25716601506491,30.061093453695065,57.36450359275974,0.1007019873055379,0.2002347160166125,0.29933546606576
2024-11-12,1300,40.78253167032088,37.94847523963643,60.70140766655709,0.2736721254021751,0.2805526945890874,0.2793916203345453
2024-12-12,1330,34.84751541136616,33.264847805874695,58.17853168960989,0.14987787057545632,0.24005734987754634,0.28952094821820334
2025-01-11,1360,31.23932422382724,31.348533398940592,56.47044141408227,0.09839693457421857,0.22591228198280047,0.3016367727562735
2025-02-10,1390,50.23525806157319,45.19901147566359,61.686895446196175,0.4849737909609024,0.32712058438149255,0.2793110758942572
2025-03-12,1420,51.53217919659684,44.794787619228316,62.321304878885556,0.5007098541876296,0.31847858917027094,0.2759474793084633
2025-04-11,1450,49.80643395761015,44.53031570976492,62.00737010390575,0.4737256875383818,0.3186840889081811,0.2726692289538139
2025-05-11,1480,29.16379724917972,30.813868124449453,55.36211062340426,0.07483701578053997,0.22286111766329045,0.3029563816868492
2025-06-10,1510,50.362039249444635,44.186215685294044,61.827583678403606,0.48233440650848064,0.3090621485216468,0.27431584466729814
2025-07-10,1540,46.14059026154461,40.5979054842248,61.32727804784627,0.3963450971371391,0.2776134752991918,0.2712558445311811
2025-08-09,1570,34.420833010422264,32.70749727115866,56.13210692004043,0.16172995102332435,0.21482938504210897,0.29803326370227606
2025-09-08,1600,35.978323408733104,33.114256733432676,56.601710301455924,0.19656496218516784,0.21877519665342923,0.2947409985653597
2025-10-08,1630,30.585040467259233,29.11176210993798,53.285111074149484,0.09259627345523558,0.1319628465627951,0.3263432143374129
2025-11-07,1660,29.562081883130535,28.702947096267874,52.62385762997325,0.07650041021668262,0.12290654011199773,0.32918338833013966
2025-12-07,1690,28.68310286489864,28.317307267103004,52.13046662966347,0.06410453796768237,0.11541264393419565,0.33032395571397327
2026-01-06,1720,26.978245987842527,25.970750217858345,50.9442762188484,0.031074486490153295,0.03582157819748579,0.3391951250925704
2026-02-05,1750,27.109072713187476,25.996436270442853,50.73253794401369,0.03653120171551126,0.037005601853443586,0.3404226231159977
