instrument_name,strike,expiration,option_type,expiration_timestamp,min_trade_amount,tick_size,iv_pct,iv_dec
BTC-10DEC25-84000-C,84000.0,2025-12-10 08:00:00,call,1765353600000,0.1,0.0001,79.31,0.7931
BTC-10DEC25-87000-P,87000.0,2025-12-10 08:00:00,put,1765353600000,0.1,0.0001,78.29,0.7829
BTC-10DEC25-90000-P,90000.0,2025-12-10 08:00:00,put,1765353600000,0.1,0.0001,51.51,0.5151
BTC-10DEC25-90000-C,90000.0,2025-12-10 08:00:00,call,1765353600000,0.1,0.0001,51.51,0.5151
BTC-10DEC25-89000-P,89000.0,2025-12-10 08:00:00,put,1765353600000,0.1,0.0001,59.87,0.5987
BTC-10DEC25-89000-C,89000.0,2025-12-10 08:00:00,call,1765353600000,0.1,0.0001,59.87,0.5987
BTC-10DEC25-88000-P,88000.0,2025-12-10 08:00:00,put,1765353600000,0.1,0.0001,72.58,0.7258
BTC-10DEC25-86000-C,86000.0,2025-12-10 08:00:00,call,1765353600000,0.1,0.0001,79.28,0.7928000000000001
BTC-10DEC25-87000-C,87000.0,2025-12-10 08:00:00,call,1765353600000,0.1,0.0001,78.29,0.7829
BTC-10DEC25-86000-P,86000.0,2025-12-10 08:00:00,put,1765353600000,0.1,0.0001,79.28,0.7928000000000001
BTC-10DEC25-85000-P,85000.0,2025-12-10 08:00:00,put,1765353600000,0.1,0.0001,79.28,0.7928000000000001
BTC-10DEC25-85000-C,85000.0,2025-12-10 08:00:00,call,1765353600000,0.1,0.0001,79.28,0.7928000000000001
BTC-10DEC25-84000-P,84000.0,2025-12-10 08:00:00,put,1765353600000,0.1,0.0001,79.31,0.7931
BTC-10DEC25-91000-P,91000.0,2025-12-10 08:00:00,put,1765353600000,0.1,0.0001,45.15,0.4515
BTC-10DEC25-91000-C,91000.0,2025-12-10 08:00:00,call,1765353600000,0.1,0.0001,45.15,0.4515
BTC-10DEC25-96000-P,96000.0,2025-12-10 08:00:00,put,1765353600000,0.1,0.0001,55.2,0.552
BTC-10DEC25-88000-C,88000.0,2025-12-10 08:00:00,call,1765353600000,0.1,0.0001,72.58,0.7258
BTC-10DEC25-92000-P,92000.0,2025-12-10 08:00:00,put,1765353600000,0.1,0.0001,42.99,0.4299
BTC-10DEC25-92000-C,92000.0,2025-12-10 08:00:00,call,1765353600000,0.1,0.0001,42.99,0.4299
BTC-10DEC25-100000-P,100000.0,2025-12-10 08:00:00,put,1765353600000,0.1,0.0001,58.37,0.5837
BTC-10DEC25-100000-C,100000.0,2025-12-10 08:00:00,call,1765353600000,0.1,0.0001,58.37,0.5837
BTC-10DEC25-98000-P,98000.0,2025-12-10 08:00:00,put,1765353600000,0.1,0.0001,58.04,0.5804
BTC-10DEC25-97000-P,97000.0,2025-12-10 08:00:00,put,1765353600000,0.1,0.0001,57.17,0.5717
BTC-10DEC25-97000-C,97000.0,2025-12-10 08:00:00,call,1765353600000,0.1,0.0001,57.17,0.5717
BTC-10DEC25-98000-C,98000.0,2025-12-10 08:00:00,call,1765353600000,0.1,0.0001,58.04,0.5804
BTC-10DEC25-95000-P,95000.0,2025-12-10 08:00:00,put,1765353600000,0.1,0.0001,44.38,0.44380000000000003
BTC-10DEC25-95000-C,95000.0,2025-12-10 08:00:00,call,1765353600000,0.1,0.0001,44.38,0.44380000000000003
BTC-10DEC25-94000-P,94000.0,2025-12-10 08:00:00,put,1765353600000,0.1,0.0001,42.56,0.42560000000000003
BTC-10DEC25-94000-C,94000.0,2025-12-10 08:00:00,call,1765353600000,0.1,0.0001,42.56,0.42560000000000003
BTC-10DEC25-93000-P,93000.0,2025-12-10 08:00:00,put,1765353600000,0.1,0.0001,35.7,0.35700000000000004
BTC-10DEC25-93000-C,93000.0,2025-12-10 08:00:00,call,1765353600000,0.1,0.0001,35.7,0.35700000000000004
BTC-10DEC25-96000-C,96000.0,2025-12-10 08:00:00,call,1765353600000,0.1,0.0001,55.2,0.552
