date,close,ret,rv_30d,iv_30d,vrp_30d
2023-02-27,23492.09,-0.0026679753126395687,52.18036806752361,50.44,-1.7403680675236117
2023-02-28,23141.57,-0.015033201397948169,51.29261048799675,50.37,-0.9226104879967494
2023-04-01,28452.73,0.20661354644299915,87.22413840949916,58.17,-29.05413840949916
2023-04-02,28171.87,-0.009920151427765776,87.40317737733587,60.28,-27.123177377335864
2023-04-03,27800.0,-0.01328794166506373,87.38082680313167,61.83,-25.55082680313167
2023-04-04,28165.47,0.01306073888880465,87.23610191064263,59.65,-27.586101910642633
2023-04-05,28170.01,0.00016117729039769833,87.20905263891748,58.02,-29.18905263891748
2023-04-06,28033.82,-0.0048462984303144436,87.21454956266902,57.06,-30.15454956266902
2023-04-07,27906.33,-0.004558093631494347,86.90565234153088,54.5,-32.40565234153088
2023-04-08,27938.38,0.0011478259451552448,86.78291678503525,55.26,-31.522916785035257
2023-04-09,28323.76,0.013699657615021985,86.67474988246433,58.56,-28.114749882464324
2023-04-10,29637.34,0.04533402443678367,87.43026292862072,62.16,-25.270262928620724
2023-04-11,30200.42,0.018820778757940998,84.69589047782067,60.18,-24.51589047782067
2023-04-12,29888.07,-0.010396427448109471,84.77042155869745,55.87,-28.900421558697452
2023-04-13,30373.84,0.01612230751029388,84.79087038462107,55.47,-29.320870384621074
2023-04-14,30466.93,0.003060121449609667,84.67822506228936,53.46,-31.218225062289356
2023-04-15,30295.09,-0.005656179900882534,84.78782440770367,53.81,-30.977824407703665
2023-04-16,30304.65,0.00031551290745832457,84.81182799346968,56.4,-28.41182799346968
2023-04-17,29430.27,-0.029277429572032238,80.64698135882918,55.6,-25.04698135882918
2023-04-18,30380.01,0.031761089816271876,79.78216333702376,55.63,-24.152163337023758
2023-04-19,28797.1,-0.053510138704066394,81.57038315643757,55.71,-25.86038315643757
2023-04-20,28243.65,-0.01940603406257386,82.02143694082127,56.11,-25.911436940821275
2023-04-21,27262.84,-0.03534405077145466,82.94163086812945,54.82,-28.12163086812945
2023-04-22,27816.85,0.02011734939753183,82.85725849886398,54.53,-28.327258498863984
2023-04-23,27590.6,-0.008166817188415205,82.67215560270358,54.22,-28.452155602703584
2023-04-24,27510.93,-0.002891754748673293,82.53257298225016,52.72,-29.81257298225016
2023-04-25,28300.79,0.028306339200071688,82.77710435186313,52.38,-30.397104351863128
2023-04-26,28415.29,0.004037661120266265,81.6625404597578,55.47,-26.192540459757808
2023-04-27,29472.77,0.0365394056503652,82.25692581851274,55.07,-27.18692581851274
2023-04-28,29311.7,-0.005480032501360423,82.3219295417553,50.73,-31.5919295417553
2023-04-29,29230.45,-0.0027757795765594477,82.32357915988929,50.68,-31.643579159889292
2023-04-30,29233.21,9.441762633578723e-05,81.97577333446652,53.3,-28.675773334466527
2023-05-01,28068.26,-0.040665991207925405,42.23187900548274,53.19,10.958120994517259
2023-05-02,28669.86,0.021206996165195773,42.74621344838029,53.21,10.463786551619712
2023-05-03,29026.16,0.012351095602062214,42.634352919852724,52.92,10.285647080147278
2023-05-04,28838.16,-0.006497982228264741,42.508951475522814,51.9,9.391048524477185
2023-05-05,29505.61,0.02288090465334252,43.199951665852616,51.67,8.470048334147386
2023-05-06,28848.2,-0.02253281543081646,43.96300136117534,50.53,6.566998638824664
2023-05-07,28430.1,-0.01459915625864984,44.25998045618411,51.68,7.42001954381589
2023-05-08,27668.79,-0.027143379896367045,45.305262068435106,51.34,6.034737931564898
2023-05-09,27628.27,-0.0014655392981985705,45.022400175705855,51.98,6.957599824294142
2023-05-10,27598.75,-0.0010690420309266652,41.83034970944387,50.86,9.029650290556127
2023-05-11,26968.62,-0.0230965139643067,41.71210059303368,51.21,9.497899406966319
2023-05-12,26795.01,-0.00645829172740886,41.655972241371344,50.09,8.434027758628659
2023-05-13,26775.28,-0.0007366023552270455,41.06004274751688,48.35,7.28995725248312
2023-05-14,26917.62,0.005302016968638717,41.11736519672679,48.02,6.902634803273216
2023-05-15,27162.14,0.0090430011641092,41.3675455184723,52.28,10.912454481527703
2023-05-16,27033.84,-0.004734677357132959,41.34428647723982,50.57,9.22571352276018
2023-05-17,27405.61,0.013658322391184448,40.722930400793174,49.72,8.997069599206824
2023-05-18,26821.28,-0.021552134669642054,39.31977317772849,46.28,6.960226822271508
2023-05-19,26880.26,0.002196585934586688,35.09249595706744,46.52,11.427504042932561
2023-05-20,27102.43,0.008231203535191795,34.718598606699594,46.34,11.62140139330041
2023-05-21,26747.78,-0.013171912518513606,32.796368816960644,47.02,14.223631183039359
2023-05-22,26849.27,0.0037871532594394926,31.980265128214945,47.58,15.599734871785053
2023-05-23,27219.61,0.01369903691712277,32.287027000781535,50.08,17.792972999218463
2023-05-24,26329.01,-0.03326629631528951,34.25439321527749,51.3,17.04560678472251
2023-05-25,26473.79,0.005483813844004058,32.64517114035079,47.77,15.124828859649213
2023-05-26,26705.92,0.008730076726596555,32.799130459159436,45.24,12.440869540840566
2023-05-27,26854.27,0.005539576292267746,29.856884516232935,43.09,13.233115483767069
2023-05-28,28065.0,0.04409840842612671,34.07062226947094,49.94,15.86937773052906
2023-05-29,27736.4,-0.011777618425209708,34.25891527804305,47.12,12.86108472195695
2023-05-30,27694.4,-0.0015154032789555,34.252614956568166,44.68,10.427385043431833
2023-05-31,27210.35,-0.017632811059524262,31.81915070911929,43.93,12.110849290880708
2023-06-01,26817.93,-0.014526721963616974,31.108666334509472,42.13,11.02133366549053
2023-06-02,27242.59,0.015710863858149307,31.32811413211408,41.4,10.071885867885918
2023-06-03,27069.22,-0.0063842684993772065,31.326136295235578,39.75,8.423863704764422
2023-06-04,27115.21,0.0016975360281114345,30.044332153849307,41.69,11.64566784615069
2023-06-05,25728.2,-0.05250715845555731,34.06966221195283,40.11,6.040337788047168
2023-06-06,27230.08,0.05673457801927024,39.82717656432356,43.65,3.8228234356764403
2023-06-07,26339.34,-0.03325860556385626,40.377272323898076,45.63,5.252727676101927
2023-06-08,26498.61,0.00602863973269374,40.46589885509991,41.35,0.8841011449000931
2023-06-09,26477.81,-0.0007852550651334101,40.46630461314966,40.8,0.3336953868503372
2023-06-10,25841.21,-0.024336519277700846,40.55227246208539,43.37,2.8177275379146067
2023-06-11,25925.55,0.003258464490493794,40.542065422043784,42.81,2.2679345779562183
2023-06-12,25905.19,-0.0007856342026842933,40.5420137810199,46.45,5.907986218980106
2023-06-13,25934.25,0.0011211542039807445,40.48509203622214,45.38,4.894907963777861
2023-06-14,25128.6,-0.03155784923802867,41.647345850465314,44.66,3.012654149534683
2023-06-15,25598.49,0.018526725673652867,42.282375071227925,46.63,4.347624928772078
2023-06-16,26345.0,0.028745138290379006,43.29282551769384,45.06,1.7671744823061601
2023-06-17,26516.99,0.006507155969033793,42.744887251402616,42.95,0.20511274859738649
2023-06-18,26339.97,-0.006698102267960423,42.789968039211054,45.41,2.6200319607889426
2023-06-19,26844.35,0.0189678131440085,43.2328793772577,45.22,1.987120622742296
2023-06-20,28307.99,0.05308872645011515,46.7854249574498,52.71,5.924575042550202
2023-06-21,29993.89,0.057849597296170514,50.69810990116601,55.83,5.131890098833985
2023-06-22,29884.92,-0.0036396889082070654,50.62803551175653,51.05,0.4219644882434679
2023-06-23,30688.5,0.026533986237444202,49.50403867396652,52.71,3.2059613260334814
2023-06-24,30527.43,-0.005262367873937984,49.635483786171704,49.15,-0.48548378617170584
2023-06-25,30462.66,-0.002123952410926466,49.670289431989325,49.51,-0.16028943198932666
2023-06-26,30267.99,-0.00641095284669021,49.810108566320714,49.51,-0.30010856632071636
2023-06-27,30692.44,0.013925651745678577,47.82437872201578,48.92,1.0956212779842218
2023-06-28,30077.41,-0.020241978544881276,48.24249669951432,48.44,0.19750330048567832
2023-06-29,30447.31,0.012223257058951633,48.32930271813286,43.52,-4.809302718132855
2023-06-30,30472.0,0.0008105804662547625,47.7554063796969,46.06,-1.6954063796968981
2023-07-01,30585.9,0.0037308892745919983,47.297237854726184,46.56,-0.7372378547261818
2023-07-02,30617.03,0.001017271646457164,47.131680983650725,47.88,0.7483190163492779
2023-07-03,31156.2,0.01745687224902878,47.21097135547486,49.05,1.8390286445251363
2023-07-04,30766.51,-0.012586501609656327,47.58623397236762,46.61,-0.9762339723676234
2023-07-05,30504.81,-0.008542384639438915,43.265679795979636,46.45,3.1843202040203664
2023-07-06,29895.43,-0.02017875019166179,40.039060220503906,47.96,7.920939779496095
2023-07-07,30344.7,0.014916247025860701,38.00558911306985,45.04,7.0344108869301465
2023-07-08,30284.63,-0.0019815498424806542,38.073479291694824,44.01,5.936520708305174
2023-07-09,30160.71,-0.004100239112277894,38.148352389781905,43.89,5.741647610218095
2023-07-10,30411.57,0.008283044133908972,36.732530193416,44.26,7.527469806584001
2023-07-11,30622.1,0.006898842392956891,36.727410183884224,43.96,7.232589816115777
2023-07-12,30380.0,-0.007937473335964864,36.96662448111924,41.26,4.293375518880758
2023-07-13,31454.23,0.034748976139702924,38.322914451196425,45.15,6.8270855488035735
2023-07-14,30312.01,-0.03698946968873567,39.04072274768045,42.21,3.169277252319553
2023-07-15,30289.52,-0.0007422255191403193,38.85627650409904,42.98,4.123723495900954
2023-07-16,30231.99,-0.0019011428276580337,38.02100549706011,42.1,4.078994502939892
2023-07-17,30138.0,-0.0031138012758330853,38.107864831686165,42.9,4.792135168313834
2023-07-18,29859.13,-0.00929617827722886,38.21258404403356,42.67,4.4574159559664395
2023-07-19,29909.21,0.0016758040032582482,37.84459516770553,40.53,2.6854048322944735
2023-07-20,29800.0,-0.00365806621063334,33.42354748445264,41.62,8.196452515547357
2023-07-21,29901.72,0.0034076103143899864,26.61610409784353,38.76,12.14389590215647
2023-07-22,29794.0,-0.0036089728683473903,26.615592486291973,39.07,12.454407513708027
2023-07-23,30083.75,0.009678127907075769,25.098652177894248,39.27,14.171347822105755
2023-07-24,29176.5,-0.030621568131757492,27.15772965353741,38.25,11.092270346462591
2023-07-25,29228.91,0.0017946972401168204,27.180943843960954,37.77,10.58905615603905
2023-07-26,29351.96,0.004201036310069169,27.185674938285555,38.15,10.964325061714444
2023-07-27,29222.78,-0.004410782171051959,26.663890728815677,36.36,9.696109271184323
2023-07-28,29314.14,0.0031214513568593983,25.844691224478844,35.47,9.625308775521155
2023-07-29,29352.9,0.0013213554199944793,25.42662103639932,34.96,9.53337896360068
2023-07-30,29281.09,-0.002449433712539638,25.419275704210364,36.33,10.910724295789635
2023-07-31,29232.25,-0.0016693633056041337,25.35368996224116,36.77,11.416310037758844
2023-08-01,29705.99,0.016076157104390566,26.076345882875067,36.56,10.483654117124935
2023-08-02,29186.01,-0.017659224099430867,25.822391137467456,36.82,10.997608862532545
2023-08-03,29193.64,0.0002613924558795061,25.558072288995685,36.21,10.651927711004316
2023-08-04,29113.99,-0.002732062666357572,25.443796897937077,34.37,8.926203102062921
2023-08-05,29072.13,-0.0014388313646510047,24.541048737312707,33.79,9.248951262687292
2023-08-06,29088.42,0.0005601735343276643,23.876147194621918,34.03,10.153852805378083
2023-08-07,29211.06,0.004207247848642796,23.954937623826382,36.29,12.335062376173617
2023-08-08,29770.42,0.01896787840738051,24.935103164784557,39.85,14.914896835215444
2023-08-09,29581.99,-0.006349552885029144,24.81332334090251,38.73,13.916676659097487
2023-08-10,29455.75,-0.004276592986209428,24.67580253814693,36.2,11.524197461853074
2023-08-11,29426.03,-0.0010094804377126705,24.559107948951162,32.74,8.18089205104884
2023-08-12,29430.17,0.0001406818655240356,20.901795307775288,32.38,11.478204692224715
2023-08-13,29303.84,-0.004301773191170979,16.756111784987752,33.76,17.003888215012246
2023-08-14,29430.93,0.0043275966976988696,16.863753940214142,35.01,18.146246059785856
2023-08-15,29200.0,-0.0078774528796102,17.03378235897134,34.58,17.546217641028658
2023-08-16,28730.51,-0.016209084961303622,17.81746096731115,36.56,18.742539032688853
2023-08-17,26623.41,-0.07616872037641167,31.483291227186044,52.3,20.816708772813953
2023-08-18,26054.0,-0.021619596661148415,32.015249423528694,43.58,11.564750576471305
2023-08-19,26100.01,0.0017643901949644589,32.09110545136854,43.01,10.918894548631457
2023-08-20,26189.99,0.003441579224086804,32.0921503484165,43.18,11.087849651583497
2023-08-21,26126.92,-0.0024110762869472635,32.09867039544599,42.63,10.53132960455401
2023-08-22,26056.0,-0.0027181324335439115,31.70424994247483,42.13,10.425750057525171
2023-08-23,26432.72,0.01435456870308414,30.965030006316823,43.38,12.41496999368318
2023-08-24,26180.05,-0.009604966342235453,30.98462881081782,41.72,10.735371189182178
2023-08-25,26060.01,-0.004595714908301547,30.85495736309279,36.31,5.455042636907212
2023-08-26,26017.37,-0.0016375635459644805,30.86507861504612,35.52,4.654921384953884
2023-08-27,26101.77,0.00323873624067934,30.86845065775966,36.05,5.181549342240338
2023-08-28,26120.0,0.000698176287035663,30.856025422351834,36.42,5.5639745776481675
2023-08-29,27716.34,0.059320826564098275,37.93040582609462,40.6,2.669594173905381
2023-08-30,27299.99,-0.0151357950818478,38.21298909640701,38.18,-0.03298909640700742
2023-08-31,25940.78,-0.05107008806335594,41.213189841413126,35.98,-5.233189841413129
2023-09-01,25805.05,-0.005246038619321044,40.94155764489161,36.09,-4.8515576448916065
2023-09-02,25869.51,0.0024948459526167835,40.97892538673214,35.57,-5.408925386732143
2023-09-03,25971.21,0.003923561650647033,41.07110399176516,37.84,-3.23110399176516
2023-09-04,25826.02,-0.005606105973525642,41.0665745388362,38.3,-2.7665745388362026
2023-09-05,25792.1,-0.0013142673496244822,41.04588343377331,39.79,-1.2558834337733131
2023-09-06,25759.95,-0.0012472832474370724,40.95244878528239,39.41,-1.5424487852823958
2023-09-07,26255.0,0.019035486849342184,40.957267353748726,39.74,-1.2172673537487242
2023-09-08,25910.5,-0.01320815513349337,41.072518615096364,40.0,-1.0725186150963637
2023-09-09,25901.61,-0.0003431630206622342,41.09712233708536,39.75,-1.3471223370853593
2023-09-10,25841.61,-0.0023191454606873935,41.08651751430241,40.52,-0.5665175143024044
2023-09-11,25162.52,-0.02663039767580389,41.775269152101544,44.33,2.5547308478984547
2023-09-12,25840.1,0.02657196307677719,43.223803570040836,43.57,0.3461964299591642
2023-09-13,26222.0,0.014671204201257093,43.629116515399595,44.05,0.42088348460040237
2023-09-14,26522.73,0.011403348118842957,43.922360857029716,41.71,-2.212360857029715
2023-09-15,26600.0,0.0029091145916004006,43.71571766599137,39.14,-4.57571766599137
2023-09-16,26559.67,-0.0015173159554027868,34.727867331065355,39.52,4.792132668934649
2023-09-17,26527.51,-0.0012115920994153866,33.85326949032393,39.83,5.976730509676067
2023-09-18,26762.51,0.008819719840065637,33.97303991622157,41.48,7.506960083778424
2023-09-19,27210.26,0.01659208048714994,34.40689906003782,42.53,8.123100939962178
2023-09-20,27125.0,-0.003138296199427117,34.41763519661136,43.01,8.59236480338864
2023-09-21,26568.08,-0.020745316649489014,35.243695839375434,41.37,6.126304160624564
2023-09-22,26580.14,0.0004538251782273123,34.895115234978114,37.29,2.394884765021885
2023-09-23,26575.96,-0.0001572726369548166,34.71664377529424,37.64,2.9233562247057634
2023-09-24,26248.38,-0.01240277490489352,34.96678143410418,38.6,3.633218565895824
2023-09-25,26304.81,0.002147539347757194,34.96612508145871,39.25,4.2838749185412865
2023-09-26,26221.67,-0.0031656440496646743,34.971264601723476,38.67,3.6987353982765256
2023-09-27,26372.99,0.005754212215801185,35.02561532729602,36.06,1.034384672703979
2023-09-28,27021.39,0.024288394222757907,29.254468298868836,38.63,9.375531701131166
2023-09-29,26906.96,-0.0042437853832940535,28.82845240776576,33.04,4.21154759223424
2023-09-30,26962.56,0.002064247824862265,22.31521705956426,35.89,13.574782940435739
2023-10-01,27992.57,0.03748988079317705,25.492889845397443,37.5,12.007110154602557
2023-10-02,27494.51,-0.017952769440012815,26.492944835596234,38.17,11.677055164403768
2023-10-03,27426.46,-0.0024781075361443865,26.529454339948664,37.96,11.430545660051337
2023-10-04,27778.57,0.012756619276586195,26.655638812500566,37.28,10.624361187499435
2023-10-05,27410.39,-0.013342721522066095,27.193042714625243,36.75,9.556957285374757
2023-10-06,27931.09,0.018818266735082634,27.783124933685677,35.06,7.276875066314325
2023-10-07,27956.67,0.0009154062279922295,27.153766971399712,37.61,10.456233028600288
2023-10-08,27917.05,-0.0014181982742726472,26.62380799073798,37.85,11.226192009262022
2023-10-09,27590.12,-0.011779875664382407,27.071880599239655,36.81,9.738119400760347
2023-10-10,27390.12,-0.007275373195296091,27.228570373731003,38.53,11.301429626268998
2023-10-11,26875.52,-0.01896652932854734,26.332943164596223,36.88,10.54705683540378
2023-10-12,26759.63,-0.004321426540286491,24.899301676719077,35.19,10.290698323280921
2023-10-13,26862.0,0.0038182399293200187,24.441955212721307,35.37,10.92804478727869
2023-10-14,26852.48,-0.0003544668067039467,24.142439059915212,36.53,12.38756094008479
2023-10-15,27154.15,0.011171707530674917,24.420434199418498,38.16,13.739565800581499
2023-10-16,28500.78,0.04840156611029453,29.526861328689552,42.63,13.10313867131045
2023-10-17,28395.91,-0.0036863346095197267,29.577020666579006,41.08,11.502979333420992
2023-10-18,28320.0,-0.0026768518861103275,29.52833777049356,39.24,9.711662229506441
2023-10-19,28713.71,0.01380644022600064,29.36927688303986,39.18,9.81072311696014
2023-10-20,29669.04,0.03272936881268124,31.217889970249384,44.26,13.042110029750614
2023-10-21,29909.8,0.008082108028452294,30.057277567466272,45.9,15.842722432533726
2023-10-22,29992.46,0.002759830846653565,30.034279370075843,48.81,18.77572062992416
2023-10-23,33069.99,0.09768020786547688,44.31303426971475,55.37,11.056965730285249
2023-10-24,33922.73,0.02545906657086265,44.163281811863584,54.19,10.026718188136414
2023-10-25,34496.05,0.016759533553249224,44.1907841746972,58.36,14.1692158253028
2023-10-26,34151.66,-0.01003363081588025,44.49336744743099,55.02,10.526632552569012
2023-10-27,33892.02,-0.00763160546721126,44.852515562187826,47.19,2.337484437812172
2023-10-28,34081.0,0.005560455807826632,44.4897329399468,50.23,5.740267060053199
2023-10-29,34525.89,0.012969433130901344,44.31109151218262,54.21,9.89890848781738
2023-10-30,34474.73,-0.0014828854979810758,44.39122903280478,53.89,9.49877096719522
2023-10-31,34639.77,0.004775852062776867,43.1222581504708,54.76,11.637741849529199
2023-11-01,35421.43,0.022314560261213128,42.459907751301785,59.78,17.320092248698217
2023-11-02,34941.59,-0.013639193957310053,42.99635549674578,60.0,17.003644503254222
2023-11-03,34716.78,-0.0064546666973641625,43.2543352021831,57.89,14.6356647978169
2023-11-04,35062.07,0.00989677583723088,42.60417767843436,62.46,19.85582232156564
2023-11-05,35011.88,-0.0014324869251003767,42.55486458759109,60.1,17.54513541240891
2023-11-06,35046.09,0.0009766198683485855,42.55367208434105,57.36,14.806327915658947
2023-11-07,35399.12,0.010022908737337355,42.43771691665046,55.48,13.042283083349538
2023-11-08,35624.72,0.0063528178351219345,41.8457553883132,57.58,15.734244611686798
2023-11-09,36701.09,0.029766675983155067,42.08005776708023,58.87,16.78994223291977
2023-11-10,37301.63,0.01623057053490802,40.828817648203966,56.84,16.011182351796037
2023-11-11,37130.0,-0.004611757237879132,40.8425885297864,58.09,17.247411470213606
2023-11-12,37064.13,-0.0017756126342137468,41.01122931680358,58.33,17.31877068319642
2023-11-13,36462.93,-0.016353527492521336,41.92505137171174,56.26,14.33494862828826
2023-11-14,35551.19,-0.0253224983929354,43.71273642644719,56.24,12.527263573552816
2023-11-15,37858.2,0.06287397140001015,45.605877299984,60.51,14.904122700015996
2023-11-16,36163.51,-0.04579700167213188,49.34616809110134,55.35,6.003831908898661
2023-11-17,36613.92,0.012377896572665345,49.21310768447569,55.4,6.186892315524311
2023-11-18,36568.1,-0.001252220312786142,49.29137655342814,54.38,5.088623446571866
2023-11-19,37359.86,0.021420590373204398,48.73370094442522,56.54,7.806299055574776
2023-11-20,37448.78,0.0023772666332884944,48.76843519605251,57.94,9.17156480394749
2023-11-21,35741.65,-0.046657457238005864,52.29107103374487,55.72,3.4289289662551283
2023-11-22,37408.34,0.045576998787717926,43.129826581220314,55.5,12.370173418779686
2023-11-23,37294.28,-0.003053710529443689,42.495372913741924,53.87,11.374627086258073
2023-11-24,37713.57,0.011180012954367782,42.31479248493498,53.65,11.335207515065015
2023-11-25,37780.67,0.0017776195288349984,42.05764267053482,52.13,10.072357329465184
2023-11-26,37447.43,-0.008859513391713852,42.100215099277314,53.19,11.089784900722684
2023-11-27,37242.7,-0.005482130309367848,42.2024988666156,50.62,8.417501133384398
2023-11-28,37818.87,0.01535223194675372,42.28175871740059,50.58,8.298241282599406
2023-11-29,37854.64,0.0009453771250752638,42.257566924891265,51.9,9.642433075108734
2023-11-30,37723.96,-0.0034581251896556686,42.31446148136197,49.8,7.48553851863803
2023-12-01,38682.52,0.025092382063089787,42.4860892964427,51.46,8.973910703557301
2023-12-02,39450.35,0.019655100831166433,42.43845831759983,52.35,9.91154168240017
2023-12-03,39972.26,0.013142794289187723,42.378663799692966,54.72,12.341336200307033
2023-12-04,41991.1,0.049271977534901416,45.1232216069927,55.09,9.966778393007303
2023-12-05,44073.32,0.04839691964470645,47.37964656010623,55.71,8.33035343989377
2023-12-06,43762.69,-0.007072982823143485,47.6054789817012,53.71,6.104521018298804
2023-12-07,43273.14,-0.011249508685349425,48.03450422157921,52.4,4.365495778420787
2023-12-08,44170.99,0.020536119557329653,48.27595352328207,53.72,5.444046476717929
2023-12-09,43713.6,-0.010408972260493799,47.94162465048,53.98,6.038375349519995
2023-12-10,43789.51,0.0017350244818206502,47.812215144465135,55.03,7.217784855534866
2023-12-11,41253.4,-0.05966075735492428,52.84582685254345,55.59,2.74417314745655
2023-12-12,41492.39,0.005776503301278852,52.81639774511686,53.87,1.0536022548831383
2023-12-13,42869.03,0.032639616880829996,53.23092833419546,53.46,0.22907166580453975
2023-12-14,43022.26,0.0035680023564587876,52.073892202178484,53.13,1.056107797821518
2023-12-15,41940.3,-0.025470477640977214,49.03512667828322,54.15,5.114873321716779
2023-12-16,42278.03,0.008020387258140575,45.71836932939042,53.81,8.091630670609582
2023-12-17,41374.65,-0.021599191335207872,46.575710686465854,54.6,8.024289313534148
2023-12-18,42657.8,0.030541766708551847,47.43049425566447,56.02,8.589505744335533
2023-12-19,42275.99,-0.008990828549252048,47.302227561709984,57.62,10.317772438290014
2023-12-20,43668.93,0.03241755264462973,48.312638564738904,58.1,9.787361435261097
2023-12-21,43861.8,0.004406916568444891,44.56213750701857,58.63,14.067862492981433
2023-12-22,43969.04,0.0024419680670525194,42.324678264009925,57.24,14.915321735990076
2023-12-23,43702.16,-0.006088221088727501,42.41398105293866,56.97,14.55601894706134
2023-12-24,42991.5,-0.016395107062850675,43.01792800268511,58.73,15.712071997314887
2023-12-25,43576.13,0.013507101635684676,43.12352541537508,58.26,15.13647458462492
2023-12-26,42508.93,-0.02479535186467053,44.10394345646551,59.98,15.876056543534489
2023-12-27,43428.85,0.02140979529821103,44.35569165881081,64.35,19.994308341189182
2023-12-28,42563.76,-0.02012077980823538,45.046389095656686,63.75,18.703610904343314
2023-12-29,42066.95,-0.011740790238734814,45.36871833462875,62.5,17.131281665371247
2023-12-30,42140.28,0.0017416561151908701,45.304309173982,63.11,17.805690826018
2023-12-31,42283.58,0.0033947781497301243,44.641518854191425,64.71,20.06848114580857
2024-01-01,44179.55,0.04386318131378095,46.53878714496873,66.81,20.271212855031273
2024-01-02,44946.91,0.01722000317113513,46.66365581730312,63.75,17.086344182696877
2024-01-03,42845.23,-0.04788769521256018,47.08067253400516,65.17,18.08932746599484
2024-01-04,44151.1,0.03002352150755492,45.13235524715945,65.34,20.20764475284055
2024-01-05,44145.11,-0.0001356796630157846,45.059191615398845,67.64,22.580808384601156
2024-01-06,43968.32,-0.004012787545087865,44.89634043896591,71.39,26.493659561034093
2024-01-07,43929.02,-0.000894225072540774,44.312988666733396,71.81,27.497011333266606
2024-01-08,46951.04,0.06653020711240704,49.857943275863306,67.16,17.30205672413669
2024-01-09,46110.0,-0.018075510415030107,50.36653151723355,64.17,13.803468482766455
2024-01-10,46653.99,0.01172860796383382,45.31881354109232,62.7,17.381186458907685
2024-01-11,46339.16,-0.006771062230729273,45.471502912871905,57.3,11.828497087128092
2024-01-12,42782.73,-0.0798528754667809,52.79504868199773,57.42,4.6249513180022745
2024-01-13,42847.99,0.0015242196406752171,52.78214837500248,55.07,2.287851624997522
2024-01-14,41732.35,-0.02638212870563945,52.83815229878671,56.87,4.031847701213287
2024-01-15,42511.1,0.01848861088034885,53.16741653308614,55.96,2.792583466913861
2024-01-16,43137.95,0.014637901828299413,52.800036959798405,55.16,2.359963040201592
2024-01-17,42776.1,-0.008423584725432613,51.83286526966497,50.79,-1.042865269664972
2024-01-18,41327.5,-0.03445139745815894,53.13877499107815,48.31,-4.828774991078149
2024-01-19,41659.03,0.007990013891329613,51.88778247302398,48.04,-3.847782473023983
2024-01-20,41696.04,0.0008880084302503328,51.85126482049463,47.96,-3.8912648204946265
2024-01-21,41580.33,-0.002778941360300473,51.83090218626496,47.82,-4.010902186264957
2024-01-22,39568.02,-0.049606002668420156,54.43483261712281,48.98,-5.454832617122811
2024-01-23,39897.6,0.008294955472882228,54.369197751096756,49.59,-4.779197751096753
2024-01-24,40084.88,0.004683034141144241,54.129020878233106,47.54,-6.589020878233107
2024-01-25,39961.09,-0.003092975166303934,53.54442103853943,45.01,-8.534421038539435
2024-01-26,41823.51,0.04555239092628425,55.50274086734461,43.73,-11.772740867344616
2024-01-27,42120.63,0.00707902280697713,55.14888213646025,42.43,-12.718882136460252
2024-01-28,42031.06,-0.002128775638974226,55.0006947392025,45.25,-9.750694739202501
2024-01-29,43302.7,0.029806119942710457,55.97684998360675,45.36,-10.616849983606748
2024-01-30,42941.1,-0.008385579459892248,56.06170780596089,46.91,-9.151707805960896
2024-01-31,42580.0,-0.008444749797383772,53.89831437713859,45.79,-8.10831437713859
2024-02-01,43082.94,0.011742435619609937,53.695812326169005,44.76,-8.935812326169007
2024-02-02,43200.0,0.0027134001651212595,51.01741952918015,42.41,-8.607419529180156
2024-02-03,43011.09,-0.004382505832045197,49.89143313030519,41.52,-8.371433130305185
2024-02-04,42582.88,-0.010005694851545816,49.99178067054235,42.69,-7.30178067054235
2024-02-05,42708.7,0.002950351987088814,50.00148697050661,42.37,-7.631486970506614
2024-02-06,43098.95,0.009095988310426472,50.124637969129495,42.87,-7.254637969129497
2024-02-07,44349.6,0.028605054685199374,45.23562380152602,43.82,-1.4156238015260172
2024-02-08,45288.65,0.02095275967005496,45.5266030758933,44.91,-0.6166030758933019
2024-02-09,47132.77,0.03991206359421791,47.50548147292743,47.79,0.28451852707257075
2024-02-10,47751.09,0.013033381077871586,47.63442284850634,49.91,2.275577151493657
2024-02-11,48299.99,0.01142945972783506,37.74884931720336,51.29,13.54115068279664
2024-02-12,49917.27,0.03293568144658824,39.05257772054587,54.28,15.227422279454132
2024-02-13,49699.59,-0.004370351494182536,37.54554892257359,52.19,14.64445107742641
2024-02-14,51795.17,0.041300218103198914,39.31542926783998,55.13,15.814570732160021
2024-02-15,51880.0,0.0016364577734705157,39.24171072951227,55.08,15.838289270487728
2024-02-16,52124.11,0.004694246184426713,38.89372136771414,55.24,16.34627863228586
2024-02-17,51642.64,-0.009279917800631372,36.466033605933426,56.24,19.773966394066576
2024-02-18,52137.67,0.009540032294676114,36.47305127007049,57.24,20.76694872992951
2024-02-19,51774.73,-0.00698552773070659,36.754441170000625,56.83,20.075558829999373
2024-02-20,52258.82,0.009306488030900633,36.582114593602995,55.63,19.047885406397008
2024-02-21,51849.39,-0.007865510526459354,30.805111558401915,54.01,23.204888441598083
2024-02-22,51288.42,-0.01087817419895304,31.577448081363524,55.38,23.80255191863648
2024-02-23,50744.15,-0.010668655359765033,32.250009434780964,52.23,19.979990565219033
2024-02-24,51568.22,0.016109250933854777,32.12447931865485,54.18,22.05552068134515
2024-02-25,51728.85,0.0031100616788884284,29.245299587269606,55.17,25.924700412730395
2024-02-26,54476.47,0.051753212367562834,33.13665623116126,56.05,22.913343768838736
2024-02-27,57037.34,0.045937275755513214,35.3500843699076,58.36,23.0099156300924
2024-02-28,62432.1,0.09037342510456357,44.66796690878416,67.76,23.092033091215846
2024-02-29,61130.98,-0.021060790861507746,45.61185665520049,65.54,19.928143344799516
2024-03-01,62387.9,0.02035257099534111,45.10853540727279,65.37,20.261464592727215
2024-03-02,61987.28,-0.006442143609634661,45.60204347623406,65.82,20.217956523765935
2024-03-03,63113.97,0.018012936948412033,45.516726177071675,71.72,26.203273822928324
2024-03-04,68245.71,0.07817243529189463,50.47070085188068,74.81,24.339299148119323
2024-03-05,63724.01,-0.06855316030923639,57.78059314320109,73.19,15.40940685679891
2024-03-06,66074.04,0.03621451680304252,58.184302831881254,74.85,16.66569716811874
2024-03-07,66823.17,0.011273945248864211,58.16358316099136,69.68,11.516416839008649
2024-03-08,68124.19,0.019282486315176334,57.97200817513287,71.87,13.897991824867134
2024-03-09,68313.27,0.0027716745979517753,58.05651229401745,75.04,16.983487705982554
2024-03-10,68955.88,0.009362842188647231,57.29351345016379,80.12,22.82648654983621
2024-03-11,72078.1,0.044283373561153284,58.34480067961789,83.02,24.675199320382106
2024-03-12,71452.01,-0.008724217811494954,58.8657675199835,78.08,19.2142324800165
2024-03-13,73072.41,0.022424831790492365,58.53216379002074,77.5,18.96783620997926
2024-03-14,71388.94,-0.02330791194500903,59.590570126224705,74.58,14.989429873775293
2024-03-15,69499.85,-0.02681836109117046,60.119878281353834,76.7,16.58012171864617
2024-03-16,65300.63,-0.062322910279710986,65.1426335228538,75.73,10.587366477146205
2024-03-17,68393.48,0.046275814432356635,66.50406917666646,75.93,9.425930823333545
2024-03-18,67609.99,-0.01152174525222046,66.58640615916173,74.08,7.4935938408382725
2024-03-19,61937.4,-0.08763155563733493,74.62488006125191,76.61,1.9851199387480847
2024-03-20,67840.51,0.09103531158594273,80.14882426049662,77.73,-2.4188242604966206
2024-03-21,65501.27,-0.03508997737785613,81.61075476717447,75.26,-6.350754767174465
2024-03-22,63796.64,-0.026369007379098856,82.30233427405012,72.46,-9.842334274050131
2024-03-23,63990.01,0.003026453038660462,82.0666160987849,73.68,-8.386616098784899
2024-03-24,67209.99,0.04909491976870599,83.05438518855969,72.62,-10.434385188559688
2024-03-25,69880.01,0.038957731173826136,83.66793006548527,76.25,-7.417930065485265
2024-03-26,69988.0,0.0015441704140665396,83.68624484586695,75.39,-8.296244845866951
2024-03-27,69469.99,-0.007428938024621631,82.51456174039049,75.78,-6.73456174039049
2024-03-28,70780.6,0.01869009109453202,81.4830707342234,76.53,-4.953070734223402
2024-03-29,69850.54,-0.01322713532737063,76.00120475280697,73.11,-2.8912047528069706
2024-03-30,69582.18,-0.0038493164497219014,75.52988298239048,74.93,-0.5998829823904686
2024-03-31,71280.01,0.024107423379159526,75.6414955114373,76.64,0.9985044885627019
2024-04-01,69649.8,-0.02313609473301786,76.16612658170204,73.81,-2.3561265817020427
2024-04-02,65463.99,-0.06197960825197718,79.34305202011868,74.37,-4.973052020118672
2024-04-03,65963.28,0.007598003093028574,74.39223215755865,72.45,-1.9422321575586494
2024-04-04,68487.79,0.03755725764251874,71.43734364179724,72.31,0.8726563582027609
2024-04-05,67820.62,-0.009789202703133824,70.4928239942735,71.96,1.4671760057265004
2024-04-06,68896.0,0.015731842680183246,70.59271459826394,72.3,1.7072854017360584
2024-04-07,69360.39,0.006717834111896003,70.3190756663256,77.43,7.110924333674404
2024-04-08,71620.0,0.03205840927643814,71.16980727191356,76.25,5.080192728086445
2024-04-09,69146.0,-0.03515415339654028,72.2425980141134,73.69,1.4474019858866
2024-04-10,70631.08,0.02125006308303191,70.90357217273908,72.32,1.416427827260918
2024-04-11,70006.23,-0.00888603616768445,70.90590642196814,68.42,-2.4859064219681386
2024-04-12,67116.52,-0.04215402471169341,71.82919750371029,66.94,-4.889197503710292
2024-04-13,63924.51,-0.04872735746222276,73.27383126565714,72.95,-0.3238312656571338
2024-04-14,65661.84,0.026815078915186055,73.53002808837871,71.99,-1.540028088378719
2024-04-15,63419.99,-0.03473882339914055,71.27161355537208,70.48,-0.7916135553720807
2024-04-16,63793.39,0.005870468536476564,69.2654036808382,70.88,1.614596319161791
2024-04-17,61277.37,-0.040238973210926274,70.45951420483705,70.72,0.2604857951629498
2024-04-18,63470.08,0.035158006998813135,64.74301680645017,69.98,5.2369831935498325
2024-04-19,63818.01,0.005466825160537417,56.028378063849885,70.4,14.37162193615012
2024-04-20,64940.59,0.01743741302682119,55.1165947481494,71.98,16.8634052518506
2024-04-21,64941.15,8.623229100669178e-06,54.30752861484785,72.05,17.74247138515215
2024-04-22,66819.32,0.028510785110948657,55.17188426430181,69.37,14.198115735698195
2024-04-23,66414.0,-0.006084382651452649,52.46415195918652,64.16,11.695848040813473
2024-04-24,64289.59,-0.03251015685090299,51.63252354802906,62.44,10.807476451970935
2024-04-25,64498.34,0.0032417662557915235,51.65380608312047,59.29,7.636193916879527
2024-04-26,63770.01,-0.011356469895713836,51.716971947847824,55.12,3.403028052152173
2024-04-27,63461.98,-0.004842030716018614,51.131227044704175,54.69,3.5587729552958223
2024-04-28,63118.62,-0.005425173243951366,51.01936941848643,56.79,5.770630581513572
2024-04-29,63866.0,0.01177132522006203,51.29142487932394,55.33,4.038575120676057
2024-04-30,60672.0,-0.051304831768252054,53.01749213529205,59.81,6.79250786470795
2024-05-01,58364.97,-0.03876642553474422,53.94882177836163,61.22,7.271178221638365
2024-05-02,59060.61,0.011848323644138173,50.31185065524203,56.77,6.45814934475797
2024-05-03,62882.01,0.06269590851696512,55.25943077107394,55.88,0.6205692289260654
2024-05-04,63892.04,0.01593467072506892,53.82738655141199,56.89,3.06261344858801
2024-05-05,64012.0,0.0018757817997593531,53.77729134012984,58.65,4.872708659870156
2024-05-06,63165.19,-0.013317207511333138,53.530748632975914,55.57,2.039251367024086
2024-05-07,62312.08,-0.013598050793730939,53.540620421649066,53.76,0.21937957835093158
2024-05-08,61193.03,-0.018122013335120257,52.18135310465234,55.43,3.2486468953476617
2024-05-09,63074.01,0.030275504659909153,52.451292935541005,52.17,-0.28129293554100343
2024-05-10,60799.99,-0.03671917430504504,52.96411885529042,54.27,1.3058811447095806
2024-05-11,60825.99,0.0004275402409262431,52.97765217229602,54.17,1.1923478277039834
2024-05-12,61483.99,0.01075965097938284,51.46080270539418,54.52,3.0591972946058235
2024-05-13,62940.08,0.023406346968515828,49.492935100745484,56.13,6.6370648992545185
2024-05-14,61577.49,-0.021886781008613777,49.02089872794686,56.23,7.2091012720531396
2024-05-15,66206.5,0.07248226375544757,54.055020311002444,58.61,4.554979688997555
2024-05-16,65235.21,-0.014779291590717515,54.32090683204229,57.49,3.169093167957712
2024-05-17,67024.0,0.027051410361314365,52.98542723037302,55.26,2.274572769626978
2024-05-18,66915.2,-0.0016246180943355483,51.71268093839102,56.67,4.957319061608985
2024-05-19,66274.01,-0.00962833180615985,51.84444840366124,57.32,5.475551596338761
2024-05-20,71446.62,0.07515278314448008,57.69034274060392,61.94,4.249657259396081
2024-05-21,70148.34,-0.018338454758227797,58.17034610680886,58.59,0.4196538931911462
2024-05-22,69166.62,-0.014093766386815483,57.67528694734134,56.8,-0.875286947341344
2024-05-23,67969.65,-0.017457094288918538,57.99041212910865,53.18,-4.810412129108649
2024-05-24,68549.99,0.008501978114690344,56.77971857977017,52.29,-4.4897185797701695
2024-05-25,69290.57,0.01074556177134258,56.858336254837425,52.21,-4.6483362548374245
2024-05-26,68507.67,-0.011363112097898122,56.85853840418821,53.73,-3.1285384041882125
2024-05-27,69436.43,0.013465947937329524,56.92407538762804,53.91,-3.01407538762804
2024-05-28,68398.39,-0.0150623714003808,57.20215562243565,54.76,-2.4421556224356493
2024-05-29,67652.42,-0.010966160005080427,57.29694483604851,53.24,-4.056944836048508
2024-05-30,68352.17,0.010290184685345129,54.03045665877131,53.27,-0.7604566587713038
2024-05-31,67540.01,-0.011953148002230988,52.13722894329389,51.99,-0.14722894329388936
2024-06-01,67766.85,0.003352974306247208,52.078225604767624,50.68,-1.3982256047676245
2024-06-02,67765.63,-1.800306465331948e-05,47.678771126232874,51.11,3.4312288737671253
2024-06-03,68809.9,0.015292495676779325,47.65650593727936,52.77,5.11349406272064
2024-06-04,70537.84,0.02480167347858517,48.287169457537054,53.95,5.662830542462949
2024-06-05,71108.0,0.008050544645661345,47.939186305960284,55.62,7.680813694039713
2024-06-06,70799.06,-0.004354124285061161,47.620723136086134,51.87,4.249276863913863
2024-06-07,69355.6,-0.020598830454873523,47.77480498908487,50.02,2.2451950109151326
2024-06-08,69310.46,-0.00065106056369522,46.857224237853124,50.34,3.482775762146879
2024-06-09,69648.14,0.004860162159083764,44.59511741526223,51.79,7.194882584737769
2024-06-10,69540.0,-0.0015538683361776106,44.62339942466201,50.88,6.256600575337991
2024-06-11,67314.24,-0.032530322415029955,46.374955518547985,52.49,6.115044481452017
2024-06-12,68263.99,0.014010590579490376,45.96912364673314,50.56,4.590876353266864
2024-06-13,66773.01,-0.02208343776467173,45.982414992590556,49.23,3.247585007409441
2024-06-14,66043.99,-0.010977921824138023,38.675758798539626,48.56,9.884241201460377
2024-06-15,66228.25,0.0027860739213107213,38.31928127234745,48.03,9.710718727652548
2024-06-16,66676.87,0.006751007092293841,37.18662230366404,47.9,10.71337769633596
2024-06-17,66504.33,-0.002591057844952401,37.19289768767741,48.81,11.617102312322594
2024-06-18,65175.32,-0.020186188658431685,37.70831336367283,50.06,12.351686636327173
2024-06-19,64974.37,-0.0030879852219766885,25.992271612927066,48.6,22.607728387072935
2024-06-20,64869.99,-0.001607771373120505,25.411659218246484,48.28,22.868340781753517
2024-06-21,64143.56,-0.011261416759841722,25.26933190965331,47.11,21.84066809034669
2024-06-22,64262.01,0.001844936066219504,24.72365011866389,46.43,21.70634988133611
2024-06-23,63210.01,-0.016505957689856198,24.941084928056256,48.23,23.28891507194374
2024-06-24,60293.3,-0.04724168823827901,28.893830994744214,50.96,22.066169005255787
2024-06-25,61806.01,0.024779622477455705,30.538261611521218,48.14,17.601738388478783
2024-06-26,60864.99,-0.015342476362678105,30.18315988157064,47.05,16.86684011842936
2024-06-27,61706.47,0.013730655086801458,30.570412644438033,47.94,17.369587355561965
2024-06-28,60427.84,-0.020938861751513153,31.073524847870026,45.4,14.326475152129973
2024-06-29,60986.68,0.009205553774616642,31.01402545767727,43.47,12.455974542322728
2024-06-30,62772.01,0.028853793809744524,32.8743991027845,45.44,12.565600897215496
2024-07-01,62899.99,0.0020367312407112426,32.84840020518296,44.71,11.861599794817039
2024-07-02,62135.47,-0.012229003319739846,33.00875963544794,42.33,9.321240364552061
2024-07-03,60208.58,-0.0315021343281225,33.790583445890555,45.36,11.569416554109445
2024-07-04,57050.01,-0.05388661548310068,36.27276758201733,47.53,11.25723241798267
2024-07-05,56628.79,-0.007410738462197537,35.859917818800014,48.98,13.120082181199983
2024-07-06,58230.13,0.027885405242016163,37.929518269981905,48.21,10.280481730018096
2024-07-07,55857.81,-0.04159356377998373,39.58167611827748,50.99,11.408323881722524
2024-07-08,56714.62,0.015222671228313616,40.29382862862819,51.03,10.73617137137181
2024-07-09,58050.0,0.023272682322844962,41.45301790763805,50.05,8.596982092361948
2024-07-10,57725.85,-0.0055996280225802065,41.42152961410165,48.69,7.268470385898347
2024-07-11,57339.89,-0.006708538049520128,40.32074673778782,48.54,8.219253262212177
2024-07-12,57889.1,0.009532569171711086,40.07971162617447,46.32,6.240288373825528
2024-07-13,59204.02,0.022460333746386348,40.76502487051471,49.18,8.414975129485292
2024-07-14,60797.91,0.02656596839138983,42.04084881772629,49.3,7.259151182273705
2024-07-15,64724.14,0.06257882518464983,47.81077933231962,54.52,6.709220667680384
2024-07-16,65043.99,0.004929571655444641,47.77894757864163,56.49,8.711052421358374
2024-07-17,64087.99,-0.014806827344029673,48.02509382275984,58.28,10.254906177240159
2024-07-18,63987.92,-0.0015626673332034774,47.53691978410012,57.1,9.56308021589988
2024-07-19,66660.0,0.040910757335444886,49.67775017748583,60.8,11.12224982251417
2024-07-20,67139.96,0.00717432290208512,49.7174099263654,62.65,12.9325900736346
2024-07-21,68165.34,0.015156828740989328,49.741542458407835,66.0,16.258457541592165
2024-07-22,67532.01,-0.009334516829783621,49.89929415016703,67.63,17.730705849832965
2024-07-23,65936.01,-0.023916981434216472,50.304082457436685,63.91,13.605917542563311
2024-07-24,65376.0,-0.008529507623456261,47.31552816170372,61.39,14.074471838296283
2024-07-25,65799.95,0.006463859817351855,46.666537665337565,61.81,15.143462334662438
2024-07-26,67907.99,0.03153462223775808,47.322836057788464,60.1,12.777163942211537
2024-07-27,67896.5,-0.00016921384598440523,47.198363711709604,55.04,7.841636288290395
2024-07-28,68249.88,0.005191188977428364,46.39041682239392,52.65,6.259583177606082
2024-07-29,66784.69,-0.02170181316434392,47.20426238070042,51.73,4.525737619299576
2024-07-30,66188.0,-0.008974685027823451,46.43724530364551,50.62,4.182754696354486
2024-07-31,64628.0,-0.02385142421501373,47.28843644201393,48.73,1.4415635579860648
2024-08-01,65354.02,0.011171199683345215,47.174804412254474,49.81,2.635195587745528
2024-08-02,61498.33,-0.06080893312569105,50.742265715510804,51.4,0.6577342844891945
2024-08-03,60697.99,-0.013099436128860992,47.0814982718868,51.45,4.368501728113202
2024-08-04,58161.0,-0.04269555681819708,49.520886342462376,56.13,6.609113657537627
2024-08-05,54018.81,-0.07388270778154322,54.962101768453856,63.08,8.117898231546143
2024-08-06,56022.01,0.03641232998749407,54.71353401839774,61.54,6.8264659816022615
2024-08-07,55134.16,-0.015975161468007117,54.71024156690907,60.88,6.169758433090934
2024-08-08,61685.99,0.11228735091416127,67.08079895019563,56.81,-10.270798950195626
2024-08-09,60837.99,-0.013842409307287744,67.26009650288101,55.02,-12.24009650288101
2024-08-10,60923.51,0.001404713543484379,67.19117317344299,56.28,-10.91117317344299
2024-08-11,58712.59,-0.036964958668207114,68.48194730070203,57.11,-11.371947300702033
2024-08-12,59346.64,0.010741321896940523,68.12942189622629,57.48,-10.649421896226293
2024-08-13,60587.15,0.020687318243458014,67.87215305973105,56.92,-10.952153059731046
2024-08-14,58683.39,-0.031926101818424826,64.82132482742034,55.31,-9.511324827420339
2024-08-15,57541.06,-0.019657942646201854,64.99717787530767,55.64,-9.35717787530767
2024-08-16,58874.6,0.022910978337253942,65.54331918052996,53.12,-12.423319180529965
2024-08-17,59491.99,0.010431923382209742,65.70579943297406,53.71,-11.99579943297406
2024-08-18,58427.35,-0.018057579517003593,64.0078369985849,55.32,-8.687836998584906
2024-08-19,59438.5,0.017158062435947308,64.32886848419622,53.68,-10.648868484196221
2024-08-20,59013.8,-0.007170849698593443,63.95970359085285,54.06,-9.899703590852845
2024-08-21,61156.03,0.03565715238614722,65.46628219724708,54.68,-10.786282197247083
2024-08-22,60375.84,-0.012839442327577983,65.140540597669,53.99,-11.150540597669
2024-08-23,64037.24,0.05887576421662603,68.56515012053976,55.43,-13.135150120539755
2024-08-24,64157.01,0.0018685710918962383,68.52353014632462,55.14,-13.383530146324617
2024-08-25,64220.0,0.0009813284334161388,67.5280329187907,54.2,-13.328032918790697
2024-08-26,62834.0,-0.021818360418123024,67.88105348076886,51.58,-16.301053480768857
2024-08-27,59415.0,-0.05594960850125526,70.3064918974484,52.69,-17.616491897448398
2024-08-28,59034.9,-0.006417925294743356,70.04076135591986,52.91,-17.13076135591986
2024-08-29,59359.01,0.005475126375226921,70.09581096754627,52.98,-17.115810967546274
2024-08-30,59123.99,-0.003967156608714223,69.71593563133486,51.96,-17.755935631334857
2024-08-31,58973.99,-0.00254026496747557,69.52975858824371,50.48,-19.049758588243712
2024-09-01,57301.86,-0.028763415319443375,67.05539722512806,54.36,-12.695397225128062
2024-09-02,59132.13,0.03144134758080365,67.95102712991431,52.92,-15.031027129914307
2024-09-03,57487.73,-0.028202897779850595,67.00981281219912,55.29,-11.719812812199116
2024-09-04,57970.9,0.008369626775024829,61.577157487841816,55.73,-5.8471574878418195
2024-09-05,56180.0,-0.03138033882672037,61.3978345815009,56.79,-4.607834581500903
2024-09-06,53962.97,-0.040262751080288636,62.767078120565934,59.46,-3.307078120565933
2024-09-07,54160.86,0.0036604367595428834,47.805769197287226,58.84,11.034230802712777
2024-09-08,54869.95,0.01300733247035669,48.0505464391082,59.32,11.269453560891797
2024-09-09,57042.0,0.03882199877924005,50.24780224571437,58.82,8.572197754285632
2024-09-10,57635.99,0.010359360363052208,48.81715515159774,57.18,8.362844848402261
2024-09-11,57338.0,-0.005183618786241656,48.6666019708703,54.84,6.1733980291297
2024-09-12,58132.32,0.013758211280425158,48.3341956153719,53.96,5.625804384628104
2024-09-13,60498.0,0.039888515176949337,49.10652643707743,52.51,3.4034735629225707
2024-09-14,59993.03,-0.008381917831569096,48.66457949547158,52.48,3.8154205045284186
2024-09-15,59132.0,-0.014456155768720775,48.3291138355407,53.21,4.880886164459298
2024-09-16,58213.99,-0.01564652918074257,48.486291282388855,53.29,4.803708717611144
2024-09-17,60313.99,0.035438379599161005,49.6557003990269,53.12,3.4642996009730993
2024-09-18,61759.99,0.023691660342147144,49.97358585167577,51.59,1.6164141483242318
2024-09-19,62947.99,0.01905308607791393,50.25198607861859,51.95,1.6980139213814098
2024-09-20,63201.05,0.004012085061529829,48.787274248733944,50.15,1.3627257512660549
2024-09-21,63348.96,0.0023375749611005414,48.52815887917272,51.04,2.5118411208272775
2024-09-22,63578.76,0.0036209624041565595,43.92980012646144,51.13,7.2001998735385655
2024-09-23,63339.99,-0.0037625690717466927,43.93969917541789,50.45,6.51030082458211
2024-09-24,64262.7,0.01446248637939056,44.24464941838859,51.52,7.275350581611413
2024-09-25,63152.01,-0.017434692343162504,43.99802893166319,49.75,5.7519710683368075
2024-09-26,65173.99,0.03151578569135097,40.38618962096422,52.38,11.993810379035786
2024-09-27,65769.95,0.009102584128001627,40.28932864221482,51.91,11.620671357785177
2024-09-28,65858.0,0.0013378619530761801,40.290953147336765,52.6,12.309046852663236
2024-09-29,65602.01,-0.003894573316477157,40.28927631643171,54.02,13.730723683568293
2024-09-30,63327.59,-0.03528524055475455,42.46393566804804,54.21,11.746064331951963
2024-10-01,60805.78,-0.04063624492665931,43.742389306075054,56.64,12.897610693924946
2024-10-02,60649.28,-0.002577086316775542,42.44875575207197,56.35,13.901244247928034
2024-10-03,60752.71,0.001703926352847916,41.13443224821399,57.45,16.315567751786013
2024-10-04,62086.0,0.02170883041003728,41.660663451727565,55.53,13.869336548272436
2024-10-05,62058.0,-0.00045108906551724495,39.87337052171807,55.41,15.536629478281924
2024-10-06,62819.91,0.012202629820996201,36.73198535162332,57.17,20.43801464837668
2024-10-07,62224.0,-0.009531284031326389,37.082045740714264,56.6,19.517954259285737
2024-10-08,62160.49,-0.0010211885021863328,37.00574503850092,55.63,18.624254961499084
2024-10-09,60636.02,-0.024830482976427176,36.151974235313794,56.11,19.958025764686205
2024-10-10,60326.39,-0.005119452832531935,36.10661295912773,54.97,18.86338704087227
2024-10-11,62540.0,0.03603669892744918,37.95849832253352,57.51,19.551501677466476
2024-10-12,63206.22,0.010596362001929363,37.860501325190235,56.84,18.97949867480977
2024-10-13,62870.02,-0.0053332935199566596,35.495240570439385,57.14,21.644759429560615
2024-10-14,66083.99,0.04985708823410627,39.12677738846166,57.85,18.72322261153834
2024-10-15,67074.14,0.014872066015212413,38.794782166213814,58.15,19.355217833786185
2024-10-16,67620.01,0.008105370403983361,38.14456079052555,57.44,19.295439209474445
2024-10-17,67421.78,-0.0029358340463448997,36.60702048903815,56.4,19.79297951096185
2024-10-18,68428.0,0.014813986471420449,36.125020589599366,55.18,19.054979410400634
2024-10-19,68378.0,-0.0007309621248523259,35.70394346344429,54.7,18.996056536555713
2024-10-20,69031.99,0.00951888488044817,35.77987424181805,56.66,20.880125758181947
2024-10-21,67377.5,-0.02425888605349007,37.01765982904543,55.69,18.67234017095457
2024-10-22,67426.0,0.0007195659176902162,37.01604655980823,55.77,18.753953440191772
2024-10-23,66668.65,-0.01129587277243706,37.25508120369167,56.29,19.034918796308332
2024-10-24,68198.28,0.02268451715263484,37.716909111945625,57.3,19.58309088805437
2024-10-25,66698.33,-0.022239429463163648,38.063854710064504,58.08,20.016145289935494
2024-10-26,67092.76,0.005896224370562871,36.56790963318417,55.36,18.792090366815827
2024-10-27,68021.7,0.013750632418520554,36.73362448350282,57.18,20.446375516497177
2024-10-28,69962.21,0.02812846721520796,37.92279895352654,57.78,19.857201046473463
2024-10-29,72736.42,0.03888698282937757,39.96470773145041,59.83,19.865292268549588
2024-10-30,72344.74,-0.005399473668343945,37.609942440571935,59.11,21.500057559428065
2024-10-31,70292.01,-0.02878461169591104,36.01565141706358,58.23,22.214348582936417
2024-11-01,69496.01,-0.011388795745506882,36.373195195548156,59.77,23.396804804451847
2024-11-02,69374.74,-0.0017465165389545408,36.42691347195882,60.26,23.83308652804118
2024-11-03,68775.99,-0.008668122839253566,36.152681975828195,62.49,26.337318024171807
2024-11-04,67850.01,-0.013555167807772158,36.61486898799232,64.97,28.355131012007682
2024-11-05,69372.01,0.02218393837390412,37.09388465694005,63.71,26.616115343059953
2024-11-06,75571.99,0.08560223984821512,46.57941645966987,55.97,9.390583540330127
2024-11-07,75857.89,0.0037760095920657505,46.512213108049565,53.55,7.037786891950432
2024-11-08,76509.78,0.00855685431952021,45.105822967332166,49.85,4.744177032667835
2024-11-09,76677.46,0.0021892171563324633,44.914982678506824,50.54,5.625017321493175
2024-11-10,80370.01,0.04703330369431591,45.93138224252822,53.28,7.348617757471779
2024-11-11,88647.99,0.09803226217915882,55.579080820025574,61.52,5.940919179974429
2024-11-12,87952.01,-0.007882034011635572,55.68195904581494,57.69,2.0080409541850557
2024-11-13,90375.2,0.027178568661184198,54.243154004292485,58.54,4.296845995707514
2024-11-14,87325.59,-0.03432634643790914,56.40796659357882,59.46,3.052033406421181
2024-11-15,91032.07,0.041568314974823425,57.55249412406754,56.29,-1.262494124067544
2024-11-16,90586.92,-0.004902030249246929,57.61178672677018,56.84,-0.7717867267701735
2024-11-17,89855.99,-0.008101554091419313,57.91669142787394,57.23,-0.6866914278739458
2024-11-18,90464.08,0.006744588166355547,57.81590324721244,58.3,0.4840967527875577
2024-11-19,92310.79,0.02020817024435305,57.94038737005748,58.25,0.3096126299425208
2024-11-20,94286.56,0.021177619537080205,56.745209085181884,60.18,3.434790914818116
2024-11-21,98317.12,0.04185951709945262,57.59683173592527,61.29,3.6931682640747283
2024-11-22,98892.0,0.005830172847894076,57.01038176095764,60.78,3.7696182390423587
2024-11-23,97672.4,-0.012409323871574746,57.58243802414644,60.89,3.3075619758535595
2024-11-24,97900.04,0.002327936418892903,56.37012758285677,64.09,7.719872417143236
2024-11-25,93010.01,-0.051239836346874276,60.61318127659072,60.65,0.03681872340927583
2024-11-26,91965.16,-0.011297312096130885,61.09206223017941,61.23,0.13793776982058858
2024-11-27,95863.11,0.04151142667791282,61.7650764886602,59.73,-2.035076488660202
2024-11-28,95643.98,-0.002288480239917697,61.04884790349696,57.55,-3.4988479034969657
2024-11-29,97460.0,0.01880928130380514,60.90769188935745,56.11,-4.797691889357452
2024-11-30,96407.99,-0.010852955416106586,59.78379388600107,55.17,-4.613793886001069
2024-12-01,97185.18,0.008029148706736931,59.26916459168077,57.2,-2.0691645916807673
2024-12-02,95840.62,-0.013931627244584067,59.75401800340149,55.94,-3.814018003401493
2024-12-03,95849.69,9.463180488125695e-05,59.47271398308737,56.5,-2.972713983087367
2024-12-04,98587.32,0.028161417666881416,59.077974372158636,57.17,-1.907974372158634
2024-12-05,96945.63,-0.01679234704122157,59.82960440685662,60.96,1.1303955931433833
2024-12-06,99740.84,0.028424916087496886,53.90580056466868,58.44,4.534199435331317
2024-12-07,99831.99,0.0009134510578209996,53.95161229901924,57.2,3.2483877009807642
2024-12-08,101109.59,0.012716305068205409,53.96532177091687,58.15,4.184678229083126
2024-12-09,97276.47,-0.03864784755258232,56.46395881359595,59.74,3.2760411864040506
2024-12-10,96593.0,-0.007050855728157901,54.879177264217184,59.18,4.300822735782816
2024-12-11,101125.0,0.04585110055392514,46.21506130197574,59.94,13.72493869802426
2024-12-12,100004.29,-0.011144290310743151,46.33793180390458,60.14,13.80206819609542
2024-12-13,101424.25,0.014099129370686553,45.745257127604305,59.0,13.254742872395695
2024-12-14,101420.0,-4.190407172619906e-05,43.660203542091466,58.08,14.419796457908532
2024-12-15,104463.99,0.02957210835064263,42.5823686165413,60.65,18.067631383458696
2024-12-16,106058.66,0.015149918553743596,42.59434264985261,58.54,15.945657350147393
2024-12-17,106133.74,0.0007076596818099129,42.35680797023026,59.51,17.15319202976974
2024-12-18,100204.01,-0.057491789143001994,47.71596229741115,60.49,12.77403770258885
2024-12-19,97461.86,-0.02774708582409932,48.51611780005869,59.6,11.083882199941314
2024-12-20,97805.44,0.003519077229743537,48.0173057944183,58.87,10.852694205581699
2024-12-21,97291.99,-0.005263536125710258,45.75786876145869,57.87,12.11213123854131
2024-12-22,95186.27,-0.02188095438284901,46.304484899423436,61.43,15.125515100576564
2024-12-23,94881.47,-0.0032072803231183965,46.13688382102561,60.21,14.073116178974388
2024-12-24,98663.58,0.039087452998785556,48.20268155347013,60.83,12.62731844652987
2024-12-25,99429.6,0.007733974670366026,44.52120613152572,60.73,16.208793868474274
2024-12-26,95791.6,-0.03727485759295436,46.396827974103104,61.67,15.273172025896898
2024-12-27,94299.03,-0.01570409519397809,44.41460153764617,60.61,16.19539846235383
2024-12-28,95300.0,0.010558907393903796,44.57702290798051,60.43,15.852977092019486
2024-12-29,93738.2,-0.016524020398176582,44.39191633949197,60.48,16.088083660508026
2024-12-30,92792.05,-0.010144822242994745,44.37341561121269,61.03,16.65658438878731
2024-12-31,93576.0,0.008412972329420844,44.383744903928616,60.03,15.646255096071386
