janela,bloco,estatistica,B,modelo,perda_media,ordem_eliminacao,estatistica_passo,p_passo,p_mcs,no_mcs_10,no_mcs_25,grupo_identico
expansiva,60,T_max,9999,persistencia_viavel,433.32772985657533,1,3.5938693690512316,0.0,0.0,False,False,6
expansiva,60,T_max,9999,proxy_retrospectiva,325.9260762290747,2,3.7189324138504474,0.0008000800080008001,0.0008000800080008001,False,False,7
expansiva,60,T_max,9999,media_historica,216.36220279272243,3,1.793356325045456,0.18381838183818383,0.18381838183818383,True,False,5
expansiva,60,T_max,9999,XGBoost,194.80048378362682,4,0.9213506533352661,0.6522652265226523,0.6522652265226523,True,True,4
expansiva,60,T_max,9999,MQO,195.4202086572388,5,0.8249665017897604,0.7071707170717072,0.7071707170717072,True,True,0
expansiva,60,T_max,9999,LASSO,189.78734606684165,6,1.182277606203263,0.3647364736473647,0.7071707170717072,True,True,2
expansiva,60,T_max,9999,floresta_aleatoria,185.47244397961353,7,1.2043711866328384,0.22862286228622863,0.7071707170717072,True,True,3
expansiva,60,T_max,9999,Ridge,168.1205692843643,8,,,1.0,True,True,1
expansiva,60,T_R,9999,proxy_retrospectiva,325.9260762290747,1,4.256117892625201,0.00040004000400040005,0.00040004000400040005,False,False,7
expansiva,60,T_R,9999,persistencia_viavel,433.32772985657533,2,3.9304918820684422,0.0008000800080008001,0.0008000800080008001,False,False,6
expansiva,60,T_R,9999,MQO,195.4202086572388,3,2.293653924247515,0.10661066106610662,0.10661066106610662,True,False,0
expansiva,60,T_R,9999,media_historica,216.36220279272243,4,2.245036577119208,0.10131013101310131,0.10661066106610662,True,False,5
expansiva,60,T_R,9999,XGBoost,194.80048378362682,5,1.9326325313797215,0.1631163116311631,0.1631163116311631,True,False,4
expansiva,60,T_R,9999,LASSO,189.78734606684165,6,1.8638669536417614,0.148014801480148,0.1631163116311631,True,False,2
expansiva,60,T_R,9999,floresta_aleatoria,185.47244397961353,7,1.2043711866328366,0.22862286228622863,0.22862286228622863,True,False,3
expansiva,60,T_R,9999,Ridge,168.1205692843643,8,,,1.0,True,True,1
expansiva,30,T_max,9999,persistencia_viavel,433.32772985657533,1,4.090595059987065,0.0,0.0,False,False,6
expansiva,30,T_max,9999,proxy_retrospectiva,325.9260762290747,2,4.2337563021469,0.00030003000300030005,0.00030003000300030005,False,False,7
expansiva,30,T_max,9999,media_historica,216.36220279272243,3,1.5754119419949382,0.25132513251325134,0.25132513251325134,True,True,5
expansiva,30,T_max,9999,XGBoost,194.80048378362682,4,0.9006872301522352,0.6226622662266227,0.6226622662266227,True,True,4
expansiva,30,T_max,9999,MQO,195.4202086572388,5,0.8178494126407979,0.6624662466246625,0.6624662466246625,True,True,0
expansiva,30,T_max,9999,LASSO,189.78734606684165,6,1.1536149898591874,0.36603660366036606,0.6624662466246625,True,True,2
expansiva,30,T_max,9999,floresta_aleatoria,185.47244397961353,7,1.2470645224035193,0.20942094209420942,0.6624662466246625,True,True,3
expansiva,30,T_max,9999,Ridge,168.1205692843643,8,,,1.0,True,True,1
expansiva,30,T_R,9999,proxy_retrospectiva,325.9260762290747,1,4.7664118520919425,0.00040004000400040005,0.00040004000400040005,False,False,7
expansiva,30,T_R,9999,persistencia_viavel,433.32772985657533,2,4.446667585661909,0.0007000700070007,0.0007000700070007,False,False,6
expansiva,30,T_R,9999,MQO,195.4202086572388,3,2.397310942313039,0.08740874087408741,0.08740874087408741,False,False,0
expansiva,30,T_R,9999,media_historica,216.36220279272243,4,1.9945978733304615,0.17431743174317432,0.17431743174317432,True,False,5
expansiva,30,T_R,9999,XGBoost,194.80048378362682,5,1.8394735805233426,0.20352035203520352,0.20352035203520352,True,False,4
expansiva,30,T_R,9999,LASSO,189.78734606684165,6,1.6764433678531836,0.20902090209020902,0.20902090209020902,True,False,2
expansiva,30,T_R,9999,floresta_aleatoria,185.47244397961353,7,1.247064522403517,0.20942094209420942,0.20942094209420942,True,False,3
expansiva,30,T_R,9999,Ridge,168.1205692843643,8,,,1.0,True,True,1
expansiva,90,T_max,9999,proxy_retrospectiva,325.9260762290747,1,3.37101097389189,0.0011001100110011,0.0011001100110011,False,False,7
expansiva,90,T_max,9999,persistencia_viavel,433.32772985657533,2,3.3858034308449247,0.0013001300130013002,0.0013001300130013002,False,False,6
expansiva,90,T_max,9999,media_historica,216.36220279272243,3,2.1132521761699823,0.09410941094109411,0.09410941094109411,False,False,5
expansiva,90,T_max,9999,XGBoost,194.80048378362682,4,0.9751643334281287,0.6361636163616362,0.6361636163616362,True,True,4
expansiva,90,T_max,9999,MQO,195.4202086572388,5,0.8518068690531876,0.7208720872087209,0.7208720872087209,True,True,0
expansiva,90,T_max,9999,LASSO,189.78734606684165,6,1.1471648821274916,0.4000400040004,0.7208720872087209,True,True,2
expansiva,90,T_max,9999,floresta_aleatoria,185.47244397961353,7,1.178703557311244,0.2446244624462446,0.7208720872087209,True,True,3
expansiva,90,T_max,9999,Ridge,168.1205692843643,8,,,1.0,True,True,1
expansiva,90,T_R,9999,proxy_retrospectiva,325.9260762290747,1,4.054331970777803,0.00040004000400040005,0.00040004000400040005,False,False,7
expansiva,90,T_R,9999,persistencia_viavel,433.32772985657533,2,3.6653143343600836,0.0021002100210021,0.0021002100210021,False,False,6
expansiva,90,T_R,9999,media_historica,216.36220279272243,3,2.5497286472409693,0.056105610561056105,0.056105610561056105,False,False,5
expansiva,90,T_R,9999,MQO,195.4202086572388,4,2.3354650071333065,0.0776077607760776,0.0776077607760776,False,False,0
expansiva,90,T_R,9999,XGBoost,194.80048378362682,5,2.0392671807767977,0.1269126912691269,0.1269126912691269,True,False,4
expansiva,90,T_R,9999,LASSO,189.78734606684165,6,1.9259184522894246,0.1263126312631263,0.1269126912691269,True,False,2
expansiva,90,T_R,9999,floresta_aleatoria,185.47244397961353,7,1.1787035573112423,0.2446244624462446,0.2446244624462446,True,False,3
expansiva,90,T_R,9999,Ridge,168.1205692843643,8,,,1.0,True,True,1
movel,60,T_max,9999,proxy_retrospectiva,325.9260762290747,1,3.7108641308197456,0.0,0.0,False,False,7
movel,60,T_max,9999,persistencia_viavel,433.32772985657533,2,3.684749630823024,0.0,0.0,False,False,6
movel,60,T_max,9999,MQO,204.53805271274894,3,1.0215985198340989,0.6466646664666467,0.6466646664666467,True,True,0
movel,60,T_max,9999,media_historica,197.25741488923535,4,1.4375778412007267,0.31473147314731476,0.6466646664666467,True,True,5
movel,60,T_max,9999,LASSO,189.50932641560354,5,1.0351971900660888,0.5233523352335233,0.6466646664666467,True,True,2
movel,60,T_max,9999,XGBoost,184.17845494239324,6,0.8262516895421347,0.5836583658365837,0.6466646664666467,True,True,4
movel,60,T_max,9999,floresta_aleatoria,182.89148793785102,7,0.37976194903445676,0.6872687268726873,0.6872687268726873,True,True,3
movel,60,T_max,9999,Ridge,178.48651888581037,8,,,1.0,True,True,1
movel,60,T_R,9999,proxy_retrospectiva,325.9260762290747,1,4.429839437397225,0.0007000700070007,0.0007000700070007,False,False,7
movel,60,T_R,9999,persistencia_viavel,433.32772985657533,2,3.9757695518343072,0.0018001800180018,0.0018001800180018,False,False,6
movel,60,T_R,9999,MQO,204.53805271274894,3,1.6994355973838273,0.44294429442944294,0.44294429442944294,True,True,0
movel,60,T_R,9999,media_historica,197.25741488923535,4,1.6836462002475039,0.38173817381738173,0.44294429442944294,True,True,5
movel,60,T_R,9999,LASSO,189.50932641560354,5,1.614602507572652,0.3205320532053205,0.44294429442944294,True,True,2
movel,60,T_R,9999,XGBoost,184.17845494239324,6,0.7482525993716581,0.6872687268726873,0.6872687268726873,True,True,4
movel,60,T_R,9999,floresta_aleatoria,182.89148793785102,7,0.37976194903445687,0.6872687268726873,0.6872687268726873,True,True,3
movel,60,T_R,9999,Ridge,178.48651888581037,8,,,1.0,True,True,1
movel,30,T_max,9999,persistencia_viavel,433.32772985657533,1,4.0959897296491565,0.00010001000100010001,0.00010001000100010001,False,False,6
movel,30,T_max,9999,proxy_retrospectiva,325.9260762290747,2,4.270820481327802,0.00020002000200020003,0.00020002000200020003,False,False,7
movel,30,T_max,9999,MQO,204.53805271274894,3,1.0411255170630889,0.6234623462346235,0.6234623462346235,True,True,0
movel,30,T_max,9999,media_historica,197.25741488923535,4,1.2019046931994328,0.4513451345134513,0.6234623462346235,True,True,5
movel,30,T_max,9999,LASSO,189.50932641560354,5,0.9514719877616328,0.5724572457245725,0.6234623462346235,True,True,2
movel,30,T_max,9999,XGBoost,184.17845494239324,6,0.6774964437659713,0.6696669666966697,0.6696669666966697,True,True,4
movel,30,T_max,9999,floresta_aleatoria,182.89148793785102,7,0.3907299630627151,0.6871687168716871,0.6871687168716871,True,True,3
movel,30,T_max,9999,Ridge,178.48651888581037,8,,,1.0,True,True,1
movel,30,T_R,9999,proxy_retrospectiva,325.9260762290747,1,4.7862700457716025,0.00010001000100010001,0.00010001000100010001,False,False,7
movel,30,T_R,9999,persistencia_viavel,433.32772985657533,2,4.419144166456465,0.00020002000200020003,0.00020002000200020003,False,False,6
movel,30,T_R,9999,MQO,204.53805271274894,3,1.724356249657189,0.4221422142214221,0.4221422142214221,True,True,0
movel,30,T_R,9999,LASSO,189.50932641560354,4,1.5366243719106734,0.46164616461646163,0.46164616461646163,True,True,2
movel,30,T_R,9999,media_historica,197.25741488923535,5,1.3947974663444325,0.44354435443544354,0.46164616461646163,True,True,5
movel,30,T_R,9999,XGBoost,184.17845494239324,6,0.7437460858126927,0.7134713471347135,0.7134713471347135,True,True,4
movel,30,T_R,9999,floresta_aleatoria,182.89148793785102,7,0.3907299630627151,0.6871687168716871,0.7134713471347135,True,True,3
movel,30,T_R,9999,Ridge,178.48651888581037,8,,,1.0,True,True,1
movel,90,T_max,9999,proxy_retrospectiva,325.9260762290747,1,3.5977266151802425,0.00040004000400040005,0.00040004000400040005,False,False,7
movel,90,T_max,9999,persistencia_viavel,433.32772985657533,2,3.4497477806334413,0.0014001400140014,0.0014001400140014,False,False,6
movel,90,T_max,9999,MQO,204.53805271274894,3,1.0935481067177697,0.611961196119612,0.611961196119612,True,True,0
movel,90,T_max,9999,media_historica,197.25741488923535,4,1.4443875065050815,0.34863486348634865,0.611961196119612,True,True,5
movel,90,T_max,9999,LASSO,189.50932641560354,5,1.100679709995618,0.5005500550055005,0.611961196119612,True,True,2
movel,90,T_max,9999,XGBoost,184.17845494239324,6,0.8155137329799322,0.6158615861586159,0.6158615861586159,True,True,4
movel,90,T_max,9999,floresta_aleatoria,182.89148793785102,7,0.34544880143426065,0.7254725472547254,0.7254725472547254,True,True,3
movel,90,T_max,9999,Ridge,178.48651888581037,8,,,1.0,True,True,1
movel,90,T_R,9999,proxy_retrospectiva,325.9260762290747,1,4.2856755559056525,0.0023002300230023,0.0023002300230023,False,False,7
movel,90,T_R,9999,persistencia_viavel,433.32772985657533,2,3.734833244979174,0.004800480048004801,0.004800480048004801,False,False,6
movel,90,T_R,9999,MQO,204.53805271274894,3,1.8446895944514363,0.35493549354935494,0.35493549354935494,True,True,0
movel,90,T_R,9999,media_historica,197.25741488923535,4,1.5861043945142068,0.4231423142314231,0.4231423142314231,True,True,5
movel,90,T_R,9999,LASSO,189.50932641560354,5,1.5565807533171636,0.34493449344934496,0.4231423142314231,True,True,2
movel,90,T_R,9999,XGBoost,184.17845494239324,6,0.6924405927557638,0.7256725672567257,0.7256725672567257,True,True,4
movel,90,T_R,9999,floresta_aleatoria,182.89148793785102,7,0.34544880143426065,0.7254725472547254,0.7256725672567257,True,True,3
movel,90,T_R,9999,Ridge,178.48651888581037,8,,,1.0,True,True,1
