definicao,rotulo,inicio,primeira_data,N,media,ep,t,p,ic_inf,ic_sup
bvrp_30d_fut,BVRP prospectivo,1,2021-03-24,61,-10.639081408522008,2.4794635293461535,-4.290880379001818,6.581860771471004e-05,-15.598746906036911,-5.679415911007106
bvrp_30d_fut,BVRP prospectivo,2,2021-03-25,61,-10.50298651961083,2.382399549050252,-4.408574759761798,4.378934537638467e-05,-15.268495148743806,-5.737477890477856
bvrp_30d_fut,BVRP prospectivo,3,2021-03-26,61,-10.41249122246359,2.395807397535327,-4.346130341351889,5.4391202486618755e-05,-15.204819541719157,-5.620162903208022
bvrp_30d_fut,BVRP prospectivo,4,2021-03-27,61,-9.69005851518531,2.1672421552660315,-4.471147117381465,3.5191638276391914e-05,-14.025188278141444,-5.354928752229176
bvrp_30d_fut,BVRP prospectivo,5,2021-03-28,61,-9.200866230778425,2.1431511914053707,-4.293148457130064,6.5306749394548e-05,-13.487806891193856,-4.913925570362995
bvrp_30d_fut,BVRP prospectivo,6,2021-03-29,61,-9.366214251179688,2.2170028792911833,-4.224719028860368,8.258500698866805e-05,-13.800880282025187,-4.931548220334189
bvrp_30d_fut,BVRP prospectivo,7,2021-03-30,60,-9.872962760468539,2.2798941804926733,-4.3304478097904715,5.853168975877699e-05,-14.435020478164716,-5.3109050427723625
bvrp_30d_fut,BVRP prospectivo,8,2021-03-31,60,-9.728594271981269,2.181945313957942,-4.458679239001675,3.7541059887655936e-05,-14.094656760452462,-5.362531783510074
bvrp_30d_fut,BVRP prospectivo,9,2021-04-01,60,-9.604680113079292,2.1751343097722327,-4.415672204667231,4.3597638591067595e-05,-13.957113813654743,-5.252246412503841
bvrp_30d_fut,BVRP prospectivo,10,2021-04-02,60,-9.69361843128556,2.1291738228734354,-4.5527604778662445,2.7008842561977012e-05,-13.95408541000183,-5.43315145256929
bvrp_30d_fut,BVRP prospectivo,11,2021-04-03,60,-8.98202509976648,2.053380084629776,-4.374263277899638,5.032155022714095e-05,-13.090829158569155,-4.873221040963804
bvrp_30d_fut,BVRP prospectivo,12,2021-04-04,60,-8.732251775940217,2.0147431154730757,-4.334176257447999,5.778522771792852e-05,-12.763743438036997,-4.700760113843437
bvrp_30d_fut,BVRP prospectivo,13,2021-04-05,60,-8.106915105180896,2.1034411320092437,-3.8541202707379925,0.00028919577251802184,-12.315891088412144,-3.897939121949647
bvrp_30d_fut,BVRP prospectivo,14,2021-04-06,60,-8.081499898185701,2.254366335424773,-3.584821052015473,0.0006848826853915035,-12.592476515888455,-3.5705232804829468
bvrp_30d_fut,BVRP prospectivo,15,2021-04-07,60,-7.83948131540021,2.2686917860547005,-3.4555074266095978,0.0010240214061434999,-12.37912309360248,-3.299839537197939
bvrp_30d_fut,BVRP prospectivo,16,2021-04-08,60,-8.192345812149718,2.2480495662724045,-3.6442015937103323,0.0005678863776238571,-12.690682603974132,-3.6940090203253027
bvrp_30d_fut,BVRP prospectivo,17,2021-04-09,60,-8.055023330278784,2.2860447527841457,-3.5235632725337815,0.0008294675099884296,-12.629388314702794,-3.480658345854774
bvrp_30d_fut,BVRP prospectivo,18,2021-04-10,60,-7.484159430880593,2.2114196377391946,-3.3843234920948295,0.0012734520968340976,-11.90919990501035,-3.0591189567508357
bvrp_30d_fut,BVRP prospectivo,19,2021-04-11,60,-7.389464318202235,2.2398966597506766,-3.2990201963267167,0.001648148125101531,-11.871487181758686,-2.9074414546457827
bvrp_30d_fut,BVRP prospectivo,20,2021-04-12,60,-7.164097099519867,2.195999800560812,-3.262339594789721,0.001839374433598509,-11.558282550724808,-2.7699116483149266
bvrp_30d_fut,BVRP prospectivo,21,2021-04-13,60,-7.492561891585624,2.2170255549213507,-3.379555943752495,0.0012920660039192446,-11.928819780086823,-3.056304003084426
bvrp_30d_fut,BVRP prospectivo,22,2021-04-14,60,-7.561400228756936,2.1804462081286284,-3.4678224120220422,0.000985874189226189,-11.924463013392408,-3.1983374441214627
bvrp_30d_fut,BVRP prospectivo,23,2021-04-15,60,-7.246203277138052,2.188701623352589,-3.3107314399660055,0.0015911542123311305,-11.62578510948087,-2.866621444795234
bvrp_30d_fut,BVRP prospectivo,24,2021-04-16,60,-7.987351440779392,2.1750846406425888,-3.6722025853760227,0.0005195849800358005,-12.339685753655992,-3.6350171279027927
bvrp_30d_fut,BVRP prospectivo,25,2021-04-17,60,-8.267219762689516,2.1427772088904966,-3.8581798090759887,0.0002853928666594051,-12.554907053952277,-3.9795324714267553
bvrp_30d_fut,BVRP prospectivo,26,2021-04-18,60,-9.24322537070617,2.2209026947930224,-4.161922713848386,0.00010402051551001174,-13.687241398170785,-4.7992093432415555
bvrp_30d_fut,BVRP prospectivo,27,2021-04-19,60,-8.481541246752176,2.1879176860022715,-3.8765358043471525,0.0002687888767470855,-12.859554424080297,-4.103528069424055
bvrp_30d_fut,BVRP prospectivo,28,2021-04-20,60,-8.902580746041972,2.30646190046827,-3.8598429673754957,0.00028384876048248244,-13.51780034861566,-4.287361143468283
bvrp_30d_fut,BVRP prospectivo,29,2021-04-21,60,-9.076883140344973,2.4158248745601645,-3.757260402411226,0.00039578224962290477,-13.91093754861053,-4.242828732079417
bvrp_30d_fut,BVRP prospectivo,30,2021-04-22,60,-9.828071568881912,2.5909031023020397,-3.7932995487749372,0.0003523380611671144,-15.012456701662845,-4.643686436100978
vrp_30d,BVRP retrospectivo (proxy),1,2021-03-24,61,-10.181646760908784,1.5167122840528753,-6.712971779790657,7.70728534128244e-09,-13.215523039322024,-7.1477704824955435
vrp_30d,BVRP retrospectivo (proxy),2,2021-03-25,61,-10.167497650073582,1.5096732125680543,-6.734899689170475,7.073462057330593e-09,-13.187293689126733,-7.14770161102043
vrp_30d,BVRP retrospectivo (proxy),3,2021-03-26,61,-10.00901734350205,1.5030654193332367,-6.659069668399446,9.51614631061915e-09,-13.015595828139274,-7.002438858864826
vrp_30d,BVRP retrospectivo (proxy),4,2021-03-27,61,-9.326928659024384,1.3647423783148476,-6.834204614163927,4.79406246031615e-09,-12.056819865978134,-6.597037452070633
vrp_30d,BVRP retrospectivo (proxy),5,2021-03-28,61,-8.798965242856337,1.423544798052204,-6.181024478397667,6.112020042203838e-08,-11.64647880193989,-5.951451683772783
vrp_30d,BVRP retrospectivo (proxy),6,2021-03-29,61,-8.955306488761844,1.4572269812348755,-6.145443780606495,7.013306756826999e-08,-11.870194445506382,-6.0404185320173065
vrp_30d,BVRP retrospectivo (proxy),7,2021-03-30,60,-10.053142242939463,1.3038025937735582,-7.710632185385476,1.6903809335212804e-10,-12.662045207019847,-7.444239278859079
vrp_30d,BVRP retrospectivo (proxy),8,2021-03-31,60,-10.030325408629505,1.2843339561157916,-7.809748672350139,1.1484038052992942e-10,-12.600271718739023,-7.4603790985199865
vrp_30d,BVRP retrospectivo (proxy),9,2021-04-01,60,-9.919734970505305,1.315869043343103,-7.538542699737946,3.3085716297468686e-10,-12.552782844404284,-7.286687096606325
vrp_30d,BVRP retrospectivo (proxy),10,2021-04-02,60,-9.717137407451311,1.345143126418815,-7.223868759097273,1.1299574977518345e-09,-12.408762586282561,-7.025512228620061
vrp_30d,BVRP retrospectivo (proxy),11,2021-04-03,60,-8.78308396407029,1.4556868474900908,-6.033635585300621,1.1371548675912178e-07,-11.695906617841842,-5.870261310298738
vrp_30d,BVRP retrospectivo (proxy),12,2021-04-04,60,-8.548008701362669,1.5047703402716563,-5.6806068491617765,4.3532091767083543e-07,-11.559047197330562,-5.536970205394775
vrp_30d,BVRP retrospectivo (proxy),13,2021-04-05,60,-7.923834166240761,1.4829742400743489,-5.3432041852888155,1.5414650986503167e-06,-10.891258766453493,-4.956409566028029
vrp_30d,BVRP retrospectivo (proxy),14,2021-04-06,60,-7.9212367160420945,1.4923376886370603,-5.307938529165269,1.7570776372075059e-06,-10.90739753355178,-4.93507589853241
vrp_30d,BVRP retrospectivo (proxy),15,2021-04-07,60,-7.663737155993473,1.5770814355988985,-4.8594428816436865,9.064376191078593e-06,-10.819469819495676,-4.508004492491268
vrp_30d,BVRP retrospectivo (proxy),16,2021-04-08,60,-8.017071792587071,1.5585686371223058,-5.143868291479002,3.219693788655947e-06,-11.135760431902135,-4.8983831532720075
vrp_30d,BVRP retrospectivo (proxy),17,2021-04-09,60,-7.882177740951714,1.618347821683261,-4.87050906816396,8.709919114005735e-06,-11.120484252279134,-4.643871229624294
vrp_30d,BVRP retrospectivo (proxy),18,2021-04-10,60,-7.297865281767391,1.665756761273279,-4.381111006981003,4.914397493852019e-05,-10.631036862094502,-3.9646937014402783
vrp_30d,BVRP retrospectivo (proxy),19,2021-04-11,60,-7.216725159969856,1.749651966406435,-4.124663246481014,0.00011795751210561686,-10.717770658012181,-3.715679661927532
vrp_30d,BVRP retrospectivo (proxy),20,2021-04-12,60,-7.070238801149456,1.682064641425875,-4.203309805713567,9.040679243243841e-05,-10.43604237428833,-3.7044352280105817
vrp_30d,BVRP retrospectivo (proxy),21,2021-04-13,60,-7.385105761572623,1.6396916405517146,-4.503960122092056,3.205041271875089e-05,-10.666121155806572,-4.104090367338674
vrp_30d,BVRP retrospectivo (proxy),22,2021-04-14,60,-7.513972706231839,1.7001843596493538,-4.419504663471626,4.302147327988946e-05,-10.916033751788156,-4.111911660675522
vrp_30d,BVRP retrospectivo (proxy),23,2021-04-15,60,-7.205196807870692,1.7182968542845456,-4.193220042220673,9.355724481710428e-05,-10.643500871477677,-3.766892744263708
vrp_30d,BVRP retrospectivo (proxy),24,2021-04-16,60,-7.96212672429979,1.7200155574686053,-4.629101573951966,2.063425904291581e-05,-11.403869905034384,-4.520383543565197
vrp_30d,BVRP retrospectivo (proxy),25,2021-04-17,60,-8.242099088556676,1.7909281819864644,-4.602138249572182,2.269716182045547e-05,-11.825738103199615,-4.658460073913738
vrp_30d,BVRP retrospectivo (proxy),26,2021-04-18,60,-9.17503707183152,1.751712568605338,-5.237752606374466,2.2783257032873987e-06,-12.680205825349928,-5.669868318313112
vrp_30d,BVRP retrospectivo (proxy),27,2021-04-19,60,-8.411878857554694,1.4761299297382051,-5.698603278809311,4.0670619230008156e-07,-11.3656080244186,-5.458149690690787
vrp_30d,BVRP retrospectivo (proxy),28,2021-04-20,60,-8.795104526662465,1.400633184870089,-6.279377514162086,4.426230718975481e-08,-11.597765055984562,-5.992443997340368
vrp_30d,BVRP retrospectivo (proxy),29,2021-04-21,60,-9.013466132997518,1.5102173739921785,-5.968323691821201,1.4595795342413865e-07,-12.035404118264466,-5.99152814773057
vrp_30d,BVRP retrospectivo (proxy),30,2021-04-22,60,-9.691987995101508,1.6048291289418921,-6.0392647543054645,1.112923769669898e-07,-12.903243664735653,-6.480732325467363
