model,n_estimators,max_depth,min_samples_leaf,max_features,rmse_val
random_forest,300,10.0,1,1.0,7.843032734082773
random_forest,300,10.0,3,1.0,7.846532673201904
random_forest,300,,3,1.0,7.875084261850789
random_forest,600,10.0,3,1.0,7.894549594011908
random_forest,600,,3,1.0,7.895609523931865
random_forest,300,,5,1.0,7.905278776372511
random_forest,300,,1,1.0,7.926851564488219
random_forest,600,10.0,1,1.0,7.930385582612313
random_forest,300,10.0,5,1.0,7.930731093899835
random_forest,600,,1,1.0,7.967866687967605
random_forest,600,,5,1.0,7.992268714380385
random_forest,600,10.0,5,1.0,8.009747425484624
random_forest,300,,10,1.0,8.221189987616503
random_forest,300,10.0,10,1.0,8.221189987616503
random_forest,300,6.0,5,1.0,8.231264905178023
random_forest,600,,10,1.0,8.259057435387051
random_forest,600,10.0,10,1.0,8.259057435387051
random_forest,300,6.0,10,1.0,8.306630940316966
random_forest,600,6.0,5,1.0,8.310060848452155
random_forest,600,6.0,10,1.0,8.338052557145517
random_forest,300,6.0,3,1.0,8.430213555065993
random_forest,600,6.0,3,1.0,8.435650351620199
random_forest,300,10.0,1,0.7,8.485814537455287
random_forest,300,10.0,1,sqrt,8.485814537455289
random_forest,600,,1,sqrt,8.50222227475798
random_forest,600,,1,0.7,8.502222274757981
random_forest,600,6.0,1,1.0,8.508032774864741
random_forest,300,6.0,1,1.0,8.51005632791999
random_forest,300,,1,0.7,8.56103504455969
random_forest,300,,1,sqrt,8.56103504455969
random_forest,300,,3,sqrt,8.60408552778723
random_forest,300,,3,0.7,8.60408552778723
random_forest,600,10.0,1,0.7,8.618925571486756
random_forest,600,10.0,1,sqrt,8.618925571486756
random_forest,600,,3,sqrt,8.705660771346759
random_forest,600,,3,0.7,8.705660771346759
random_forest,600,10.0,3,sqrt,8.758514537122894
random_forest,600,10.0,3,0.7,8.758514537122894
random_forest,300,10.0,3,sqrt,8.764678050041407
random_forest,300,10.0,3,0.7,8.764678050041407
random_forest,600,10.0,5,0.7,8.974810217560782
random_forest,600,10.0,5,sqrt,8.974810217560782
random_forest,300,10.0,5,0.7,9.045956743504565
random_forest,300,10.0,5,sqrt,9.045956743504565
random_forest,600,,5,sqrt,9.072325575316974
random_forest,600,,5,0.7,9.072325575316974
random_forest,300,,5,sqrt,9.157065797634193
random_forest,300,,5,0.7,9.157065797634193
random_forest,300,,10,0.7,9.28186011703054
random_forest,300,,10,sqrt,9.28186011703054
random_forest,300,6.0,3,sqrt,9.317309593035137
random_forest,300,6.0,3,0.7,9.317309593035137
random_forest,300,10.0,10,0.7,9.325421299129262
random_forest,300,10.0,10,sqrt,9.325421299129262
random_forest,600,6.0,3,0.7,9.34559613111516
random_forest,600,6.0,3,sqrt,9.345596131115162
random_forest,600,,10,sqrt,9.361218733388103
random_forest,600,,10,0.7,9.361218733388103
random_forest,600,6.0,1,0.7,9.371098078421912
random_forest,600,6.0,1,sqrt,9.371098078421912
random_forest,600,10.0,10,0.7,9.383811347935424
random_forest,600,10.0,10,sqrt,9.383811347935424
random_forest,300,6.0,5,sqrt,9.390245798265667
random_forest,300,6.0,5,0.7,9.390245798265667
random_forest,600,6.0,5,sqrt,9.395878611669241
random_forest,600,6.0,5,0.7,9.395878611669241
random_forest,300,6.0,1,0.7,9.459346755897982
random_forest,300,6.0,1,sqrt,9.459346755897982
random_forest,600,6.0,10,sqrt,9.467079183865106
random_forest,600,6.0,10,0.7,9.467079183865106
random_forest,300,6.0,10,sqrt,9.477619188973748
random_forest,300,6.0,10,0.7,9.477619188973748
random_forest,300,4.0,10,1.0,9.732313368202382
random_forest,600,4.0,10,1.0,9.763124041661326
random_forest,300,4.0,5,1.0,9.814517953337953
random_forest,600,4.0,5,1.0,9.832723181480311
random_forest,300,4.0,3,1.0,9.836049155592901
random_forest,600,4.0,3,1.0,9.856131289272726
random_forest,300,4.0,1,1.0,9.925945285512924
random_forest,600,4.0,1,1.0,9.944155643017316
random_forest,300,4.0,10,0.7,9.956490337003554
random_forest,300,4.0,10,sqrt,9.956490337003554
random_forest,300,4.0,3,sqrt,9.96788134927844
random_forest,300,4.0,3,0.7,9.96788134927844
random_forest,300,4.0,1,sqrt,10.02882901345315
random_forest,300,4.0,1,0.7,10.02882901345315
random_forest,600,4.0,3,sqrt,10.035587109157206
random_forest,600,4.0,3,0.7,10.035587109157206
random_forest,300,4.0,5,sqrt,10.07386138943158
random_forest,300,4.0,5,0.7,10.073861389431581
random_forest,600,4.0,10,sqrt,10.080766423096673
random_forest,600,4.0,10,0.7,10.080766423096673
random_forest,600,4.0,1,sqrt,10.099345319973219
random_forest,600,4.0,1,0.7,10.099345319973219
random_forest,600,4.0,5,0.7,10.107874110310146
random_forest,600,4.0,5,sqrt,10.107874110310147
