regressor,variante,bloco,B,h,beta,ep_hac,p_hac,media_boot,vies,razao_media_beta,ep_boot,ep_corrigido,ep_so_segundo_nivel,razao_ep_boot_so2,razao_ep_corrigido_so2,razao_ep_corrigido_hac,z_boot,p_boot,ic_inf,ic_sup,ic_basico_inf,ic_basico_sup,sobrevive_bonferroni_boot
Ridge_direto,dois_niveis,60,999,1,-0.00044975267172389015,0.00017785675476105525,0.01144742927795634,-0.00026731487141938337,0.00018243780030450678,0.5943597186310701,0.000132126861038099,0.00022230117031217007,0.0001490128243306843,0.8866811405767833,1.4918257627199034,1.24988882548107,-2.0231682590438798,0.043055802962093145,-0.0008854629655357434,-1.4042377912036814e-05,-0.0008740912951673675,-0.00034787414775319127,False
Ridge_direto,dois_niveis,60,999,5,-0.0014439304945701075,0.0006425782018093185,0.02463433126636189,-0.000977264557646413,0.00046666593692369445,0.6768085869239627,0.0005582472660495212,0.0008248229659536492,0.0006289713075514241,0.8875560130441712,1.3113840902610847,1.2836149182016772,-1.7505944356200782,0.08001579444336282,-0.0030605835078392598,0.00017272251869904502,-0.002984889134982992,-0.0007294294665832466,False
Ridge_direto,dois_niveis,60,999,10,-0.0024965780902862834,0.0011407667556927671,0.02863256053368712,-0.0016015633336404923,0.0008950147566457911,0.6415034001427291,0.0011666128898656797,0.0018185607272013181,0.001314694276874566,0.8873643936741541,1.3832575064710848,1.594156490032828,-1.37283185155351,0.16980462632805826,-0.006060957115600867,0.0010678009350283003,-0.005681483668535873,-0.0009104246302397692,False
Ridge_direto,dois_niveis,60,999,20,-0.004589988153470259,0.002296648854020862,0.04565609418656717,-0.002907685493743768,0.001682302659726491,0.633484313362642,0.0024857288926252684,0.003923899677058456,0.0028543184497267396,0.8708660005554887,1.3747238600633764,1.7085327041566158,-1.1697516581033323,0.24210092286730378,-0.012280831520504833,0.003100855213564315,-0.011039655399297523,-0.0013306145846590962,False
Ridge_direto,dois_niveis,60,999,30,-0.005863857778972743,0.0034684818102332163,0.09091088669377481,-0.00390316669268816,0.0019606910862845833,0.6656312004504199,0.0037917834326227375,0.005696522984585023,0.004350557207805786,0.8715627105924513,1.3093777905883641,1.6423678416817171,-1.0293749002401174,0.3033035390785167,-0.01702904282875939,0.0053013272708139015,-0.015473427498552236,-4.166800044816746e-06,False
Ridge_direto,dois_niveis,60,999,60,-0.014333057550157359,0.0065436802612850765,0.028497672861416846,-0.010067230120333419,0.00426582742982394,0.7023784063591437,0.006874805079143397,0.009787893558373627,0.00817388782918369,0.8410691733006043,1.1974587568265083,1.4957780893242234,-1.4643658990238306,0.14309400033161132,-0.03351732892456967,0.004851213824254951,-0.03164233082916972,-0.0042605752028693315,False
Ridge_direto,so_segundo_nivel,60,999,1,-0.00044975267172389015,0.00017785675476105525,0.01144742927795634,-0.0004046553579881774,4.509731373571272e-05,0.8997286362683385,0.0001490128243306843,0.0001490128243306843,0.0001490128243306843,1.0,1.0,0.8378249368761853,-3.018214531158835,0.0025426883422602726,-0.0007418178074120314,-0.00015768753603574893,-0.0007546523000210341,-0.00017912645320185283,True
Ridge_direto,so_segundo_nivel,60,999,5,-0.0014439304945701075,0.0006425782018093185,0.02463433126636189,-0.0014853572020298554,-4.142670745974791e-05,1.0286902365560757,0.0006289713075514241,0.0006289713075514241,0.0006289713075514241,1.0,1.0,0.9788245318319525,-2.2957016913717534,0.02169294368234365,-0.0026767142573708986,-0.0002111467317693163,-0.002483829320026599,-6.628309171741653e-05,False
Ridge_direto,so_segundo_nivel,60,999,10,-0.0024965780902862834,0.0011407667556927671,0.02863256053368712,-0.00244878819099141,4.778989929487328e-05,0.9808578391836351,0.001314694276874566,0.001314694276874566,0.001314694276874566,1.0,1.0,1.1524654538834065,-1.8989799637839908,0.0575671104233519,-0.005073378872960433,8.022269238786581e-05,-0.004953492500151491,0.0001314691553420443,False
Ridge_direto,so_segundo_nivel,60,999,20,-0.004589988153470259,0.002296648854020862,0.04565609418656717,-0.004411232000914921,0.0001787561525553377,0.9610552039398644,0.0028543184497267396,0.0028543184497267396,0.0028543184497267396,1.0,1.0,1.2428188335058434,-1.608085514743348,0.10781645121132354,-0.010184452314934669,0.0010044760079941503,-0.01022201379424363,0.0011689350618534922,False
Ridge_direto,so_segundo_nivel,60,999,30,-0.005863857778972743,0.0034684818102332163,0.09091088669377481,-0.00583854764151077,2.531013746197297e-05,0.9956837054348875,0.004350557207805786,0.004350557207805786,0.004350557207805786,1.0,1.0,1.2543116688604632,-1.3478406325635226,0.1777096459783436,-0.014390949906272085,0.002663234348326598,-0.014508624977749783,0.003053256641251849,False
Ridge_direto,so_segundo_nivel,60,999,60,-0.014333057550157359,0.0065436802612850765,0.028497672861416846,-0.015595854381935236,-0.0012627968317778775,1.0881037997202498,0.00817388782918369,0.00817388782918369,0.00817388782918369,1.0,1.0,1.249127020698665,-1.7535177689842085,0.0795131721909354,-0.03035387769535739,0.001687762595042672,-0.02838152141091139,0.0038472248885322267,False
Ridge_rv_menos_iv,dois_niveis,60,999,1,-0.00012762388102923616,8.251452007431914e-05,0.12193948340726381,-9.522411726920297e-05,3.239976376003319e-05,0.7461308690917257,7.156922037197583e-05,9.592046561362341e-05,7.403118579060954e-05,0.9667442120190111,1.2956764718712692,1.1624677151031093,-1.3305177389705036,0.18334774568500078,-0.00031562799363193803,6.038023157346571e-05,-0.0003074666612112843,-1.712162537569051e-05,False
Ridge_rv_menos_iv,dois_niveis,60,999,5,-0.00027475104779680406,0.0003230889039336859,0.39510919747085715,-0.00018948666988367985,8.52643779131242e-05,0.6896667779910246,0.0003629126354855031,0.0005262144662711679,0.0003900927371710094,0.9303239996657743,1.3489470993162462,1.6286986642511674,-0.522127507713214,0.601581555127937,-0.0013061314016882932,0.0007566293060946852,-0.001123799735821091,0.00028019778240739716,False
Ridge_rv_menos_iv,dois_niveis,60,999,10,-0.00033861108999557414,0.0006121328727007406,0.580149749227773,-9.368907233223564e-05,0.0002449220176633385,0.2766863670456281,0.0007832939605153639,0.0028309814064174385,0.0008469731002091838,0.9248156291172734,3.3424690887092496,4.624782514827379,-0.11960908299432493,0.9047928241951538,-0.005887334646573754,0.005210112466582605,-0.0022534113401649707,0.0008471982095271299,False
Ridge_rv_menos_iv,dois_niveis,60,999,20,-0.00019027573933847998,0.001290928761212504,0.8828206831315535,0.00032319072645573525,0.0005134664657942152,-1.698538802578577,0.0015812071096603358,,0.0017341927267689402,0.9117828054822722,,,,,,,-0.0039684224036101836,0.002087221750427163,False
Ridge_rv_menos_iv,dois_niveis,60,999,30,0.00024306913187305162,0.0020176389595901087,0.9041092073591067,0.000855885651122468,0.0006128165192494164,3.5211614264927467,0.002275993013328619,0.0006463756521369207,0.0024880925152310747,0.9147541738886034,0.25978762774297015,0.320362396386435,0.37604933148311515,0.7068802218064165,-0.0010238271463153129,0.001509965410061416,-0.005007942656566755,0.003980822303444576,False
Ridge_rv_menos_iv,dois_niveis,60,999,60,0.0004730947774132537,0.0039026882957794904,0.9035145706392977,0.0010885753444654788,0.0006154805670522251,2.300966733172359,0.004020711004893505,0.0017474007541821875,0.004418228479352526,0.9100278592841635,0.3954980513905569,0.4477428433297864,0.27074200138746646,0.7865894703768906,-0.0029518107007838338,0.0038980002556103415,-0.007602062515530802,0.008316479764279622,False
Ridge_rv_menos_iv,so_segundo_nivel,60,999,1,-0.00012762388102923616,8.251452007431914e-05,0.12193948340726381,-0.00010681732138743226,2.0806559641803904e-05,0.8369696997614614,7.403118579060954e-05,7.403118579060954e-05,7.403118579060954e-05,1.0,1.0,0.8971898003397604,-1.7239205297914406,0.08472219060054612,-0.00027272500517883086,1.7477243120358544e-05,-0.0002960050576265533,3.724719992808409e-06,False
Ridge_rv_menos_iv,so_segundo_nivel,60,999,5,-0.00027475104779680406,0.0003230889039336859,0.39510919747085715,-0.0001921222159564771,8.262883184032696e-05,0.6992592657865448,0.0003900927371710094,0.0003900927371710094,0.0003900927371710094,1.0,1.0,1.2073851265751796,-0.7043223870029611,0.4812320277251084,-0.0010393328126519824,0.0004898307170583744,-0.0011743085839821677,0.0003778108080986029,False
Ridge_rv_menos_iv,so_segundo_nivel,60,999,10,-0.00033861108999557414,0.0006121328727007406,0.580149749227773,-3.291049332891365e-05,0.0003057005966666605,0.09719260325863459,0.0008469731002091838,0.0008469731002091838,0.0008469731002091838,1.0,1.0,1.3836425684383264,-0.39978966263739024,0.6893114452356451,-0.0019986783664055745,0.0013214561864144261,-0.0023917576196907063,0.0009002299500810582,False
Ridge_rv_menos_iv,so_segundo_nivel,60,999,20,-0.00019027573933847998,0.001290928761212504,0.8828206831315535,0.0006540452016311087,0.0008443209409695887,-3.4373546722508483,0.0017341927267689402,0.0017341927267689402,0.0017341927267689402,1.0,1.0,1.3433682623509764,-0.10972006536608654,0.9126313866316086,-0.0035892934838056027,0.003208742005128643,-0.004484901244411648,0.001980749283865003,False
Ridge_rv_menos_iv,so_segundo_nivel,60,999,30,0.00024306913187305162,0.0020176389595901087,0.9041092073591067,0.0014811541092485923,0.0012380849773755407,6.093550825787943,0.0024880925152310747,0.0024880925152310747,0.0024880925152310747,1.0,1.0,1.233170336746739,0.0976929637403283,0.9221761029526507,-0.0046335921979798545,0.005119730461725958,-0.005867744586310535,0.00340728645694735,False
Ridge_rv_menos_iv,so_segundo_nivel,60,999,60,0.0004730947774132537,0.0039026882957794904,0.9035145706392977,0.0023594302892332455,0.0018863355118199918,4.987225397274374,0.004418228479352526,0.004418228479352526,0.004418228479352526,1.0,1.0,1.1320987341291282,0.10707793397832242,0.9147271526412817,-0.008186633042117697,0.009132822596944205,-0.009528229393493395,0.007375463452101089,False
floresta_direta,dois_niveis,60,999,1,-0.0005734230562139905,0.00039638740102553575,0.14800259389417827,-0.00020496844847747383,0.00036845460773651665,0.3574471696878954,0.000264311338876413,0.0007394416889835669,0.0003939456518828216,0.6709335097701039,1.877014470015048,1.865452047846322,-0.7754811025088606,0.43805542780140694,-0.0020227287666217814,0.0008758826541938006,-0.0014694682875810421,-0.0003608463181244173,False
floresta_direta,dois_niveis,60,999,5,-0.001133769519100426,0.0011936993785506137,0.3422165045233587,-0.0006084660293100619,0.0005253034897903642,0.536675240478189,0.0011504428802301334,0.002143648138500044,0.0015315340271079567,0.7511703036742516,1.3996738567721942,1.7958023410407196,-0.5288972097322597,0.596876757704011,-0.005335319870560512,0.00306778083235966,-0.004097389074393314,0.0007373878582001702,False
floresta_direta,dois_niveis,60,999,10,-0.0014245305713050938,0.0020499471556544883,0.4871111571059411,-0.0006857565955240463,0.0007387739757810474,0.4813912802838521,0.0023415156496258854,0.00486405912513665,0.0030232890203266143,0.7744928235054831,1.6088634240503978,2.3727729330582172,-0.2928686791538689,0.7696225300795949,-0.010958086456572928,0.00810902531396274,-0.006832579209138857,0.0024397376956442575,False
floresta_direta,dois_niveis,60,999,20,-0.002941442565353155,0.0042898617955375055,0.4929193132376345,-0.0012621597039290634,0.0016792828614240918,0.42909547811535326,0.004822714718855723,0.011239257845451446,0.00620925171710871,0.7766982139840487,1.810082495847812,2.6199580268863194,-0.26171145869240503,0.793543905610166,-0.02497038794243799,0.019087502811731678,-0.01430604174164148,0.004349284404874841,False
floresta_direta,dois_niveis,60,999,30,-0.003572532011388495,0.006920538273544936,0.6056995781246244,-0.0015453550080583365,0.0020271770033301584,0.4325657553612014,0.007352678847098803,0.01699782924554248,0.009661321291759022,0.7610427833893217,1.7593690068087688,2.4561426544695073,-0.21017577949404084,0.833530482528356,-0.03688827733265176,0.029743213309874766,-0.01997923102291311,0.008461159427076759,False
floresta_direta,dois_niveis,60,999,60,-0.01234751788593292,0.012745781268610428,0.3326682834411634,-0.0046752303080749,0.00767228757785802,0.3786372574038723,0.013045274791715697,0.034453225446330005,0.016800660708605513,0.7764739148046566,2.050706578978922,2.7031081673415667,-0.3583849618134429,0.7200552440229526,-0.07987583976073973,0.05518080398887389,-0.0459785635954377,0.0081373511486078,False
floresta_direta,so_segundo_nivel,60,999,1,-0.0005734230562139905,0.00039638740102553575,0.14800259389417827,-0.00045245546617951994,0.00012096759003447054,0.789043030754369,0.0003939456518828216,0.0003939456518828216,0.0003939456518828216,1.0,1.0,0.9938399930562958,-1.455589250632354,0.14550620136400702,-0.0013455565339043208,0.00019871042147633978,-0.0014068620184644752,0.00015077838083659518,False
floresta_direta,so_segundo_nivel,60,999,5,-0.001133769519100426,0.0011936993785506137,0.3422165045233587,-0.001061504509056175,7.226501004425098e-05,0.9362612869487013,0.0015315340271079567,0.0015315340271079567,0.0015315340271079567,1.0,1.0,1.2830148483176231,-0.7402835973820041,0.45912793157403886,-0.004135576212232021,0.0018680371740311692,-0.004272461164252668,0.001828255752618942,False
floresta_direta,so_segundo_nivel,60,999,10,-0.0014245305713050938,0.0020499471556544883,0.4871111571059411,-0.0008608372603562318,0.0005636933109488619,0.6042953922481071,0.0030232890203266143,0.0030232890203266143,0.0030232890203266143,1.0,1.0,1.4748131492010907,-0.47118570594061093,0.6375081253837802,-0.007350177051145258,0.00450111590853507,-0.008202103080045969,0.003914912896688727,False
floresta_direta,so_segundo_nivel,60,999,20,-0.002941442565353155,0.0042898617955375055,0.4929193132376345,-0.0014844106982052697,0.0014570318671478855,0.5046539802238322,0.00620925171710871,0.00620925171710871,0.00620925171710871,1.0,1.0,1.4474246521339766,-0.47371933034192004,0.6357000669230584,-0.015111575930886226,0.009228690800179915,-0.017044836968382725,0.007433308411042768,False
floresta_direta,so_segundo_nivel,60,999,30,-0.003572532011388495,0.006920538273544936,0.6056995781246244,-0.0017320577333569118,0.0018404742780315831,0.48482637183808824,0.009661321291759022,0.009661321291759022,0.009661321291759022,1.0,1.0,1.3960361044011917,-0.3697767524236894,0.7115488382864372,-0.022508721743236176,0.015363657720459188,-0.025060558349594704,0.012898616287234014,False
floresta_direta,so_segundo_nivel,60,999,60,-0.01234751788593292,0.012745781268610428,0.3326682834411634,-0.010714835935153252,0.0016326819507796672,0.8677724571154724,0.016800660708605513,0.016800660708605513,0.016800660708605513,1.0,1.0,1.3181350248008106,-0.7349423989979372,0.46237457503735824,-0.045276812874799725,0.020581777102933886,-0.048152708975828976,0.018191910833386178,False
floresta_rv_menos_iv,dois_niveis,30,199,1,-5.71259991466061e-05,9.623337903833289e-05,0.552766713489284,-8.864977732468929e-05,-3.1523778178083186e-05,1.5518289158878726,8.996934639224295e-05,5.7976330683828866e-05,8.901998277025959e-05,1.0106646125110297,0.6512732184351534,0.6024555228465479,-0.9853331259982628,0.3244604663115699,-0.00017075960728691068,5.650760899369848e-05,-0.00019383756643855237,0.00015789621836133935,False
floresta_rv_menos_iv,dois_niveis,30,199,5,-6.248355340199906e-05,0.00037762420399556514,0.8685780700429193,-0.00018319707442243077,-0.00012071352102043171,2.93192471375307,0.0003674028303532508,0.00012531114070898135,0.00041904649692924744,0.8767591020222364,0.2990387501798854,0.33184086026025233,-0.4986272812495491,0.618041982283366,-0.0003080933891916025,0.00018312628238760436,-0.0007264855074804013,0.0006916662568057347,False
floresta_rv_menos_iv,dois_niveis,30,199,10,5.195955761847289e-05,0.0006605265933313584,0.9373000085826375,-0.00014308627980207052,-0.00019504583742054342,-2.7538009629088886,0.0007209118503746914,,0.0008312642035459566,0.8672475577553673,,,,,,,-0.001178500761643169,0.0015608709937957827,False
floresta_rv_menos_iv,dois_niveis,30,199,20,0.0002971775897916793,0.0013612908044938346,0.8271909062407629,-2.2797071002510636e-05,-0.0003199746607941899,-0.07671194526643588,0.0015039855942086137,,0.001639542640099159,0.917320207126576,,,,,,,-0.002596940231131591,0.0035199522453447383,False
floresta_rv_menos_iv,dois_niveis,30,199,30,0.0006969614614956375,0.0020867639505968605,0.738385958485349,0.0002836402646117249,-0.00041332119688391257,0.4069669275587346,0.0022086334753859413,0.005427058873395026,0.0023845652678440546,0.9262206009495485,2.2759112306880853,2.6007056868328435,0.12842342007976718,0.8978138980702011,-0.009940073930358612,0.011333996853349888,-0.003816506383187095,0.004924314660835016,False
floresta_rv_menos_iv,dois_niveis,30,199,60,-0.0007611538793566829,0.003706145796086841,0.8372782685841134,-0.000178552048556594,0.000582601830800089,0.23458075088246783,0.0035237653202343957,0.015021545062748607,0.004065664363523439,0.8667132859881685,3.694733189861851,4.053144665439014,-0.05067081156945974,0.959587835753286,-0.03020338220234395,0.028681074443630588,-0.008199728333519821,0.004624716240116122,False
floresta_rv_menos_iv,dois_niveis,60,999,1,-5.71259991466061e-05,9.623337903833289e-05,0.552766713489284,-6.612947680343349e-05,-9.003477656827389e-06,1.1576073555181274,8.822353856547996e-05,7.62119713086934e-05,8.901998277025959e-05,0.9910531974957233,0.8561220631257503,0.7919494469620119,-0.7495672683130008,0.4535153704607503,-0.00020650146291164515,9.224946461843295e-05,-0.0002204425795960671,0.00012365697879743317,False
floresta_rv_menos_iv,dois_niveis,60,999,5,-6.248355340199906e-05,0.00037762420399556514,0.8685780700429193,-0.00012216004340659972,-5.967649000460066e-05,1.9550751638701043,0.0003950248688707919,0.00020205098820284408,0.00041904649692924744,0.9426755068125259,0.4821684220807571,0.5350583624274703,-0.30924646277537754,0.7571340526599548,-0.0004585034902795734,0.00033353638347557535,-0.0008046800173821045,0.0007205873166010505,False
floresta_rv_menos_iv,dois_niveis,60,999,10,5.195955761847289e-05,0.0006605265933313584,0.9373000085826375,-1.811980508090075e-05,-7.007936269937365e-05,-0.3487290098570569,0.0008156384783435153,,0.0008312642035459566,0.9812024562879215,,,,,,,-0.0015393934527709917,0.0015902401763064605,False
floresta_rv_menos_iv,dois_niveis,60,999,20,0.0002971775897916793,0.0013612908044938346,0.8271909062407629,0.0001913049534956291,-0.00010587263629605018,0.6437395014534352,0.0015931115713093474,0.0024747767811551407,0.001639542640099159,0.9716804749969764,1.5094311795425261,1.8179633425756745,0.12008258363122633,0.9044177287987667,-0.004553384901272397,0.005147740080855755,-0.0029260213198313476,0.003489929074422361,False
floresta_rv_menos_iv,dois_niveis,60,999,30,0.0006969614614956375,0.0020867639505968605,0.738385958485349,0.0005778968873141035,-0.00011906457418153391,0.8291662010607753,0.0022979322526782025,0.0027713771373439897,0.0023845652678440546,0.9636692623455935,1.1622148383674402,1.3280740912508646,0.25148560695841843,0.8014386886872259,-0.004734937727698583,0.006128860650689857,-0.003866690898229777,0.004996283539717123,False
floresta_rv_menos_iv,dois_niveis,60,999,60,-0.0007611538793566829,0.003706145796086841,0.8372782685841134,9.477422500466656e-05,0.0008559281043613495,-0.1245138829020598,0.00400044346767319,,0.004065664363523439,0.9839581209813084,,,,,,,-0.009364543464165475,0.006674964952737758,False
floresta_rv_menos_iv,dois_niveis,90,199,1,-5.71259991466061e-05,9.623337903833289e-05,0.552766713489284,-4.350991620492522e-05,1.361608294168088e-05,0.7616482311891464,8.202334009632833e-05,0.00010769189336692466,8.901998277025959e-05,0.9214036842493218,1.2097496541293773,1.1190700611689783,-0.5304577471952143,0.5957945969417162,-0.00026820211014577845,0.00015395011185256625,-0.00023018332602158702,6.18379071757386e-05,False
floresta_rv_menos_iv,dois_niveis,90,199,5,-6.248355340199906e-05,0.00037762420399556514,0.8685780700429193,-2.5594974329562604e-05,3.688857907243646e-05,0.4096273809028238,0.0003803996963129344,0.0009286481178932151,0.00041904649692924744,0.9077744333874286,2.216098033746383,2.4591858998109166,-0.06728442366711826,0.9463552768990883,-0.0018826338644727005,0.0017576667576687025,-0.000933968606827894,0.0005737283547697703,False
floresta_rv_menos_iv,dois_niveis,90,199,10,5.195955761847289e-05,0.0006605265933313584,0.9373000085826375,0.00017943529606131002,0.00012747573844283715,3.45336458364142,0.0007601359754718079,0.00022011460332701916,0.0008312642035459566,0.9144336688976451,0.2647949982545472,0.33324109210633546,0.23605683963311502,0.8133885645291201,-0.00037946506490248465,0.00048338418013943045,-0.0016954377211294755,0.001348259578722378,False
floresta_rv_menos_iv,dois_niveis,90,199,20,0.0002971775897916793,0.0013612908044938346,0.8271909062407629,0.000552727406942356,0.00025554981715067676,1.8599229078135282,0.0014192558881998836,0.0007630724274848143,0.001639542640099159,0.8656413401447415,0.46541786033613863,0.5605506369144583,0.3894487326336966,0.696944228343741,-0.0011984443680785567,0.0017927995476619153,-0.0026246816528039977,0.0027171528588159372,False
floresta_rv_menos_iv,dois_niveis,90,199,30,0.0006969614614956375,0.0020867639505968605,0.738385958485349,0.0010395956775180926,0.0003426342160224551,1.4916114232301778,0.0020539430387106023,0.001376996050528133,0.0023845652678440546,0.8613490544411158,0.5774620930267552,0.659871496310966,0.5061463039260896,0.6127539468255754,-0.002001950797539503,0.003395873720530778,-0.0037006033246738167,0.003975667221823565,False
floresta_rv_menos_iv,dois_niveis,90,199,60,-0.0007611538793566829,0.003706145796086841,0.8372782685841134,0.00035748831527228955,0.0011186421946289724,-0.46966628558003787,0.003967033028353616,,0.004065664363523439,0.9757404137796694,,,,,,,-0.009871161055309989,0.005952336946864119,False
floresta_rv_menos_iv,so_segundo_nivel,60,999,1,-5.71259991466061e-05,9.623337903833289e-05,0.552766713489284,-2.0685514076028134e-05,3.644048507057797e-05,0.3621033222183402,8.901998277025959e-05,8.901998277025959e-05,8.901998277025959e-05,1.0,1.0,0.9250426791602114,-0.6417210761996591,0.5210543020947354,-0.0002316051653763149,0.0001173531670831027,-0.00026384983888898326,8.344264958580044e-05,False
floresta_rv_menos_iv,so_segundo_nivel,60,999,5,-6.248355340199906e-05,0.00037762420399556514,0.8685780700429193,8.617862654711755e-05,0.00014866217994911662,-1.3792209606369858,0.00041904649692924744,0.00041904649692924744,0.00041904649692924744,1.0,1.0,1.1096918377990643,-0.14910887899045938,0.8814677197959606,-0.000883814687383324,0.0007588475805793259,-0.0010617519729786743,0.0005831093820225814,False
floresta_rv_menos_iv,so_segundo_nivel,60,999,10,5.195955761847289e-05,0.0006605265933313584,0.9373000085826375,0.0003973705076432962,0.0003454109500248233,7.647688430319147,0.0008312642035459566,0.0008312642035459566,0.0008312642035459566,1.0,1.0,1.258487110039711,0.06250667043862462,0.9501593500874757,-0.001577318281331602,0.0016812373965685479,-0.0019495461731718568,0.0011916229530913914,False
floresta_rv_menos_iv,so_segundo_nivel,60,999,20,0.0002971775897916793,0.0013612908044938346,0.8271909062407629,0.0010511210445336135,0.0007539434547419342,3.537013155233026,0.001639542640099159,0.001639542640099159,0.001639542640099159,1.0,1.0,1.2044029348371204,0.181256395852996,0.8561663301262468,-0.0029163259848026726,0.0035106811643860307,-0.00389999740448822,0.0023476245992623186,False
floresta_rv_menos_iv,so_segundo_nivel,60,999,30,0.0006969614614956375,0.0020867639505968605,0.738385958485349,0.0018391999207054304,0.0011422384592097929,2.638883241490308,0.0023845652678440546,0.0023845652678440546,0.0023845652678440546,1.0,1.0,1.142709632856182,0.2922803040429159,0.7700723167505856,-0.00397678646347871,0.005370709386469984,-0.005214635519491858,0.0038816859252417124,False
floresta_rv_menos_iv,so_segundo_nivel,60,999,60,-0.0007611538793566829,0.003706145796086841,0.8372782685841134,0.0005832751355905372,0.0013444290149472202,-0.7663038334423435,0.004065664363523439,0.004065664363523439,0.004065664363523439,1.0,1.0,1.0970060508186694,-0.18721512926291875,0.8514919631220046,-0.008729856031862623,0.007207548273149257,-0.010164034023699772,0.006214959293460326,False
