variante,bloco,h_1,h_2,corr
Ridge_alpha_fixo,30,1,1,1.0000000000000002
Ridge_alpha_fixo,30,1,5,0.8374078050257362
Ridge_alpha_fixo,30,1,10,0.7388934432914065
Ridge_alpha_fixo,30,1,20,0.6092359275681464
Ridge_alpha_fixo,30,1,30,0.48483976147363006
Ridge_alpha_fixo,30,1,60,0.2006667402218743
Ridge_alpha_fixo,30,5,1,0.8374078050257362
Ridge_alpha_fixo,30,5,5,0.9999999999999999
Ridge_alpha_fixo,30,5,10,0.9203109772279209
Ridge_alpha_fixo,30,5,20,0.7655685702896945
Ridge_alpha_fixo,30,5,30,0.6421669495915079
Ridge_alpha_fixo,30,5,60,0.3097565416547193
Ridge_alpha_fixo,30,10,1,0.7388934432914065
Ridge_alpha_fixo,30,10,5,0.9203109772279209
Ridge_alpha_fixo,30,10,10,1.0000000000000002
Ridge_alpha_fixo,30,10,20,0.9213710745155358
Ridge_alpha_fixo,30,10,30,0.8153721776420297
Ridge_alpha_fixo,30,10,60,0.4598991773934765
Ridge_alpha_fixo,30,20,1,0.6092359275681464
Ridge_alpha_fixo,30,20,5,0.7655685702896945
Ridge_alpha_fixo,30,20,10,0.9213710745155358
Ridge_alpha_fixo,30,20,20,1.0000000000000002
Ridge_alpha_fixo,30,20,30,0.9528006398767003
Ridge_alpha_fixo,30,20,60,0.63061343605669
Ridge_alpha_fixo,30,30,1,0.48483976147363006
Ridge_alpha_fixo,30,30,5,0.6421669495915079
Ridge_alpha_fixo,30,30,10,0.8153721776420297
Ridge_alpha_fixo,30,30,20,0.9528006398767003
Ridge_alpha_fixo,30,30,30,0.9999999999999999
Ridge_alpha_fixo,30,30,60,0.7627066161836856
Ridge_alpha_fixo,30,60,1,0.2006667402218743
Ridge_alpha_fixo,30,60,5,0.3097565416547193
Ridge_alpha_fixo,30,60,10,0.4598991773934765
Ridge_alpha_fixo,30,60,20,0.63061343605669
Ridge_alpha_fixo,30,60,30,0.7627066161836856
Ridge_alpha_fixo,30,60,60,1.0
Ridge_alpha_fixo,60,1,1,0.9999999999999998
Ridge_alpha_fixo,60,1,5,0.8702279089738826
Ridge_alpha_fixo,60,1,10,0.7460001858928935
Ridge_alpha_fixo,60,1,20,0.633673299660911
Ridge_alpha_fixo,60,1,30,0.5518517594137292
Ridge_alpha_fixo,60,1,60,0.3730425447517173
Ridge_alpha_fixo,60,5,1,0.8702279089738826
Ridge_alpha_fixo,60,5,5,0.9999999999999998
Ridge_alpha_fixo,60,5,10,0.903532489293784
Ridge_alpha_fixo,60,5,20,0.7548947968952036
Ridge_alpha_fixo,60,5,30,0.6537362293444874
Ridge_alpha_fixo,60,5,60,0.4396936115785146
Ridge_alpha_fixo,60,10,1,0.7460001858928935
Ridge_alpha_fixo,60,10,5,0.903532489293784
Ridge_alpha_fixo,60,10,10,1.0000000000000002
Ridge_alpha_fixo,60,10,20,0.9354339868788026
Ridge_alpha_fixo,60,10,30,0.8586226956895893
Ridge_alpha_fixo,60,10,60,0.6312927439856683
Ridge_alpha_fixo,60,20,1,0.633673299660911
Ridge_alpha_fixo,60,20,5,0.7548947968952036
Ridge_alpha_fixo,60,20,10,0.9354339868788026
Ridge_alpha_fixo,60,20,20,1.0
Ridge_alpha_fixo,60,20,30,0.969109357356269
Ridge_alpha_fixo,60,20,60,0.754131431146362
Ridge_alpha_fixo,60,30,1,0.5518517594137292
Ridge_alpha_fixo,60,30,5,0.6537362293444874
Ridge_alpha_fixo,60,30,10,0.8586226956895893
Ridge_alpha_fixo,60,30,20,0.969109357356269
Ridge_alpha_fixo,60,30,30,1.0000000000000002
Ridge_alpha_fixo,60,30,60,0.8300435289928093
Ridge_alpha_fixo,60,60,1,0.3730425447517173
Ridge_alpha_fixo,60,60,5,0.4396936115785146
Ridge_alpha_fixo,60,60,10,0.6312927439856683
Ridge_alpha_fixo,60,60,20,0.754131431146362
Ridge_alpha_fixo,60,60,30,0.8300435289928093
Ridge_alpha_fixo,60,60,60,0.9999999999999999
Ridge_alpha_fixo,90,1,1,1.0000000000000002
Ridge_alpha_fixo,90,1,5,0.8700583285993773
Ridge_alpha_fixo,90,1,10,0.7318065417725838
Ridge_alpha_fixo,90,1,20,0.6507567940985197
Ridge_alpha_fixo,90,1,30,0.5721836635070991
Ridge_alpha_fixo,90,1,60,0.3552943935239777
Ridge_alpha_fixo,90,5,1,0.8700583285993773
Ridge_alpha_fixo,90,5,5,1.0
Ridge_alpha_fixo,90,5,10,0.8965870702390238
Ridge_alpha_fixo,90,5,20,0.7673176142116581
Ridge_alpha_fixo,90,5,30,0.6672745342745534
Ridge_alpha_fixo,90,5,60,0.45774659236980203
Ridge_alpha_fixo,90,10,1,0.7318065417725838
Ridge_alpha_fixo,90,10,5,0.8965870702390238
Ridge_alpha_fixo,90,10,10,1.0
Ridge_alpha_fixo,90,10,20,0.9429495333121584
Ridge_alpha_fixo,90,10,30,0.864992790949652
Ridge_alpha_fixo,90,10,60,0.6603821947456633
Ridge_alpha_fixo,90,20,1,0.6507567940985197
Ridge_alpha_fixo,90,20,5,0.7673176142116581
Ridge_alpha_fixo,90,20,10,0.9429495333121584
Ridge_alpha_fixo,90,20,20,1.0000000000000002
Ridge_alpha_fixo,90,20,30,0.9710050377056286
Ridge_alpha_fixo,90,20,60,0.7860088460503557
Ridge_alpha_fixo,90,30,1,0.5721836635070991
Ridge_alpha_fixo,90,30,5,0.6672745342745534
Ridge_alpha_fixo,90,30,10,0.864992790949652
Ridge_alpha_fixo,90,30,20,0.9710050377056286
Ridge_alpha_fixo,90,30,30,1.0
Ridge_alpha_fixo,90,30,60,0.859087164400438
Ridge_alpha_fixo,90,60,1,0.3552943935239777
Ridge_alpha_fixo,90,60,5,0.45774659236980203
Ridge_alpha_fixo,90,60,10,0.6603821947456633
Ridge_alpha_fixo,90,60,20,0.7860088460503557
Ridge_alpha_fixo,90,60,30,0.859087164400438
Ridge_alpha_fixo,90,60,60,1.0
Ridge_alpha_reescolhido,60,1,1,1.0000000000000002
Ridge_alpha_reescolhido,60,1,5,0.8543262972731699
Ridge_alpha_reescolhido,60,1,10,0.729220857985756
Ridge_alpha_reescolhido,60,1,20,0.6186863396324273
Ridge_alpha_reescolhido,60,1,30,0.5299441981016287
Ridge_alpha_reescolhido,60,1,60,0.3947180275356445
Ridge_alpha_reescolhido,60,5,1,0.8543262972731699
Ridge_alpha_reescolhido,60,5,5,1.0
Ridge_alpha_reescolhido,60,5,10,0.9137955960585091
Ridge_alpha_reescolhido,60,5,20,0.7657961083753099
Ridge_alpha_reescolhido,60,5,30,0.6661997355044542
Ridge_alpha_reescolhido,60,5,60,0.43950888117699194
Ridge_alpha_reescolhido,60,10,1,0.729220857985756
Ridge_alpha_reescolhido,60,10,5,0.9137955960585091
Ridge_alpha_reescolhido,60,10,10,1.0
Ridge_alpha_reescolhido,60,10,20,0.9264511469801435
Ridge_alpha_reescolhido,60,10,30,0.8415729031954585
Ridge_alpha_reescolhido,60,10,60,0.5783398488885464
Ridge_alpha_reescolhido,60,20,1,0.6186863396324273
Ridge_alpha_reescolhido,60,20,5,0.7657961083753099
Ridge_alpha_reescolhido,60,20,10,0.9264511469801435
Ridge_alpha_reescolhido,60,20,20,1.0
Ridge_alpha_reescolhido,60,20,30,0.9633684194180748
Ridge_alpha_reescolhido,60,20,60,0.7151689553329367
Ridge_alpha_reescolhido,60,30,1,0.5299441981016287
Ridge_alpha_reescolhido,60,30,5,0.6661997355044542
Ridge_alpha_reescolhido,60,30,10,0.8415729031954585
Ridge_alpha_reescolhido,60,30,20,0.9633684194180748
Ridge_alpha_reescolhido,60,30,30,1.0
Ridge_alpha_reescolhido,60,30,60,0.7991862306545662
Ridge_alpha_reescolhido,60,60,1,0.3947180275356445
Ridge_alpha_reescolhido,60,60,5,0.43950888117699194
Ridge_alpha_reescolhido,60,60,10,0.5783398488885464
Ridge_alpha_reescolhido,60,60,20,0.7151689553329367
Ridge_alpha_reescolhido,60,60,30,0.7991862306545662
Ridge_alpha_reescolhido,60,60,60,1.0000000000000002
Ridge_so_segundo_nivel,60,1,1,1.0
Ridge_so_segundo_nivel,60,1,5,0.8599616109146921
Ridge_so_segundo_nivel,60,1,10,0.7552633316868714
Ridge_so_segundo_nivel,60,1,20,0.64879569727021
Ridge_so_segundo_nivel,60,1,30,0.5750296149682774
Ridge_so_segundo_nivel,60,1,60,0.40001506781934454
Ridge_so_segundo_nivel,60,5,1,0.8599616109146921
Ridge_so_segundo_nivel,60,5,5,1.0
Ridge_so_segundo_nivel,60,5,10,0.8911237696278813
Ridge_so_segundo_nivel,60,5,20,0.7241014048836872
Ridge_so_segundo_nivel,60,5,30,0.6247222455639492
Ridge_so_segundo_nivel,60,5,60,0.46845106817916154
Ridge_so_segundo_nivel,60,10,1,0.7552633316868714
Ridge_so_segundo_nivel,60,10,5,0.8911237696278813
Ridge_so_segundo_nivel,60,10,10,0.9999999999999999
Ridge_so_segundo_nivel,60,10,20,0.9275805879079125
Ridge_so_segundo_nivel,60,10,30,0.8589167319446648
Ridge_so_segundo_nivel,60,10,60,0.6940327626671274
Ridge_so_segundo_nivel,60,20,1,0.64879569727021
Ridge_so_segundo_nivel,60,20,5,0.7241014048836872
Ridge_so_segundo_nivel,60,20,10,0.9275805879079125
Ridge_so_segundo_nivel,60,20,20,0.9999999999999998
Ridge_so_segundo_nivel,60,20,30,0.9740487305794046
Ridge_so_segundo_nivel,60,20,60,0.8180195836902947
Ridge_so_segundo_nivel,60,30,1,0.5750296149682774
Ridge_so_segundo_nivel,60,30,5,0.6247222455639492
Ridge_so_segundo_nivel,60,30,10,0.8589167319446648
Ridge_so_segundo_nivel,60,30,20,0.9740487305794046
Ridge_so_segundo_nivel,60,30,30,1.0
Ridge_so_segundo_nivel,60,30,60,0.8712510132415248
Ridge_so_segundo_nivel,60,60,1,0.40001506781934454
Ridge_so_segundo_nivel,60,60,5,0.46845106817916154
Ridge_so_segundo_nivel,60,60,10,0.6940327626671274
Ridge_so_segundo_nivel,60,60,20,0.8180195836902947
Ridge_so_segundo_nivel,60,60,30,0.8712510132415248
Ridge_so_segundo_nivel,60,60,60,1.0
floresta_hiperparametros_fixos,60,1,1,1.0
floresta_hiperparametros_fixos,60,1,5,0.8999082423681726
floresta_hiperparametros_fixos,60,1,10,0.789836263482521
floresta_hiperparametros_fixos,60,1,20,0.7258804202760888
floresta_hiperparametros_fixos,60,1,30,0.6649737480962262
floresta_hiperparametros_fixos,60,1,60,0.4424607739759552
floresta_hiperparametros_fixos,60,5,1,0.8999082423681726
floresta_hiperparametros_fixos,60,5,5,1.0
floresta_hiperparametros_fixos,60,5,10,0.9332272487487135
floresta_hiperparametros_fixos,60,5,20,0.8445148981269582
floresta_hiperparametros_fixos,60,5,30,0.7775960618870391
floresta_hiperparametros_fixos,60,5,60,0.5395358330853359
floresta_hiperparametros_fixos,60,10,1,0.789836263482521
floresta_hiperparametros_fixos,60,10,5,0.9332272487487135
floresta_hiperparametros_fixos,60,10,10,1.0
floresta_hiperparametros_fixos,60,10,20,0.9488810819342339
floresta_hiperparametros_fixos,60,10,30,0.8804501473515841
floresta_hiperparametros_fixos,60,10,60,0.5731541812575645
floresta_hiperparametros_fixos,60,20,1,0.7258804202760888
floresta_hiperparametros_fixos,60,20,5,0.8445148981269582
floresta_hiperparametros_fixos,60,20,10,0.9488810819342339
floresta_hiperparametros_fixos,60,20,20,1.0
floresta_hiperparametros_fixos,60,20,30,0.9682446357286572
floresta_hiperparametros_fixos,60,20,60,0.6479246651218694
floresta_hiperparametros_fixos,60,30,1,0.6649737480962262
floresta_hiperparametros_fixos,60,30,5,0.7775960618870391
floresta_hiperparametros_fixos,60,30,10,0.8804501473515841
floresta_hiperparametros_fixos,60,30,20,0.9682446357286572
floresta_hiperparametros_fixos,60,30,30,1.0
floresta_hiperparametros_fixos,60,30,60,0.7540097056895542
floresta_hiperparametros_fixos,60,60,1,0.4424607739759552
floresta_hiperparametros_fixos,60,60,5,0.5395358330853359
floresta_hiperparametros_fixos,60,60,10,0.5731541812575645
floresta_hiperparametros_fixos,60,60,20,0.6479246651218694
floresta_hiperparametros_fixos,60,60,30,0.7540097056895542
floresta_hiperparametros_fixos,60,60,60,1.0
