janela,modelo_1,modelo_2,dm_media,dm_t,dm_p_bilateral
expansiva,Ridge_direto,Ridge_rv_menos_iv,-64.08262856681529,-1.8587463762560983,0.06306309653256473
expansiva,Ridge_direto,floresta_direta,-17.35187469524927,-1.2574066088696465,0.20860643733641082
expansiva,Ridge_direto,floresta_rv_menos_iv,-46.252571732176484,-1.8821081357138,0.05982133496310375
expansiva,Ridge_direto,floresta_rv_menos_iv_com_regime,-57.1225947451912,-2.2348482768032083,0.02542731119928109
expansiva,Ridge_direto,media_historica,-48.24163350835814,-2.0386447114652246,0.04148549944392682
expansiva,Ridge_direto,media_rv_menos_iv,-175.41581378154348,-2.7586755583704883,0.0058036122523701375
expansiva,Ridge_direto,persistencia_viavel,-265.20716057221097,-4.200335895662344,2.6651928509135528e-05
expansiva,Ridge_direto,proxy_retrospectiva,-157.8055069447104,-4.393325135676341,1.1162998375210531e-05
expansiva,Ridge_rv_menos_iv,floresta_direta,46.73075387156602,1.253455289364243,0.21004006084768168
expansiva,Ridge_rv_menos_iv,floresta_rv_menos_iv,17.830056834638807,1.1926775032444044,0.23299569951835153
expansiva,Ridge_rv_menos_iv,floresta_rv_menos_iv_com_regime,6.960033821624083,0.46340536477017574,0.6430738339755315
expansiva,Ridge_rv_menos_iv,media_historica,15.840995058457143,0.3275994339532068,0.7432145499806577
expansiva,Ridge_rv_menos_iv,media_rv_menos_iv,-111.33318521472819,-2.811522120342341,0.004930770018786585
expansiva,Ridge_rv_menos_iv,persistencia_viavel,-201.12453200539568,-2.6674634326936313,0.007642620546648827
expansiva,Ridge_rv_menos_iv,proxy_retrospectiva,-93.7228783778951,-1.755687941199536,0.07914170695916826
expansiva,floresta_direta,floresta_rv_menos_iv,-28.900697036927216,-1.0712090416322073,0.2840754470472653
expansiva,floresta_direta,floresta_rv_menos_iv_com_regime,-39.77072004994194,-1.4495272357352866,0.14719039999034247
expansiva,floresta_direta,media_historica,-30.889758813108877,-1.9559793448276641,0.05046758735099128
expansiva,floresta_direta,media_rv_menos_iv,-158.06393908629425,-2.293531815156911,0.02181740585840348
expansiva,floresta_direta,persistencia_viavel,-247.8552858769617,-4.321095803559102,1.552562417408086e-05
expansiva,floresta_direta,proxy_retrospectiva,-140.45363224946112,-4.64231260618369,3.445310682251444e-06
expansiva,floresta_rv_menos_iv,floresta_rv_menos_iv_com_regime,-10.870023013014725,-2.8032462857015896,0.005059101974550986
expansiva,floresta_rv_menos_iv,media_historica,-1.9890617761816636,-0.05111289450237758,0.9592355610971723
expansiva,floresta_rv_menos_iv,media_rv_menos_iv,-129.163242049367,-2.7703559593388047,0.005599506081849183
expansiva,floresta_rv_menos_iv,persistencia_viavel,-218.9545888400345,-3.0956472174312615,0.001963838583785961
expansiva,floresta_rv_menos_iv,proxy_retrospectiva,-111.55293521253391,-2.4293249250676836,0.015126968757933502
expansiva,floresta_rv_menos_iv_com_regime,media_historica,8.880961236833063,0.22842668928021034,0.8193145428119111
expansiva,floresta_rv_menos_iv_com_regime,media_rv_menos_iv,-118.29321903635226,-2.5178782755648097,0.011806411546409531
expansiva,floresta_rv_menos_iv_com_regime,persistencia_viavel,-208.08456582701976,-2.969723980373384,0.002980674339928379
expansiva,floresta_rv_menos_iv_com_regime,proxy_retrospectiva,-100.68291219951917,-2.208725681317183,0.02719372702995945
expansiva,media_historica,media_rv_menos_iv,-127.17418027318533,-1.5991783815295213,0.10978097244877269
expansiva,media_historica,persistencia_viavel,-216.96552706385285,-4.065391154855785,4.795196980702262e-05
expansiva,media_historica,proxy_retrospectiva,-109.56387343635224,-3.901901282941448,9.544008170909757e-05
expansiva,media_rv_menos_iv,persistencia_viavel,-89.79134679066748,-0.8446925486920032,0.39828252084257576
expansiva,media_rv_menos_iv,proxy_retrospectiva,17.6103068368331,0.2051046762427443,0.837490342989939
expansiva,persistencia_viavel,proxy_retrospectiva,107.40165362750058,3.033053409513005,0.002420927485572023
movel,Ridge_direto,Ridge_rv_menos_iv,-27.984138570480248,-0.9278971382104715,0.3534609290433789
movel,Ridge_direto,floresta_direta,-4.404969052040698,-0.39501400376998824,0.6928325531403534
movel,Ridge_direto,floresta_rv_menos_iv,-32.306374221318066,-1.311495374918476,0.1896904552980716
movel,Ridge_direto,media_historica,-18.770896003424998,-1.3934332841293655,0.16348880656672915
movel,Ridge_direto,media_rv_menos_iv,-71.64961531538326,-1.6295932634237633,0.10318748911800635
movel,Ridge_direto,persistencia_viavel,-254.84121097076496,-4.288095896288205,1.802112936459505e-05
movel,Ridge_direto,proxy_retrospectiva,-147.43955734326437,-4.640093730406182,3.4825118687347896e-06
movel,Ridge_rv_menos_iv,floresta_direta,23.579169518439556,0.737891373963392,0.4605804612167196
movel,Ridge_rv_menos_iv,floresta_rv_menos_iv,-4.322235650837822,-0.2939024601916744,0.7688324381298429
movel,Ridge_rv_menos_iv,media_historica,9.213242567055254,0.24904988925594695,0.8033221908571466
movel,Ridge_rv_menos_iv,media_rv_menos_iv,-43.66547674490302,-1.9424785066545436,0.052079199441157194
movel,Ridge_rv_menos_iv,persistencia_viavel,-226.85707240028472,-3.0014041879205267,0.00268737594996129
movel,Ridge_rv_menos_iv,proxy_retrospectiva,-119.45541877278411,-2.3360127022058252,0.019490579527804173
movel,floresta_direta,floresta_rv_menos_iv,-27.901405169277375,-1.045634018736224,0.2957300366937028
movel,floresta_direta,media_historica,-14.365926951384301,-0.9496235438864725,0.34230357099132713
movel,floresta_direta,media_rv_menos_iv,-67.24464626334257,-1.4484445268632138,0.14749276957325502
movel,floresta_direta,persistencia_viavel,-250.43624191872425,-3.944353892419759,8.001542068827446e-05
movel,floresta_direta,proxy_retrospectiva,-143.03458829122368,-3.9209056971833474,8.821678291948048e-05
movel,floresta_rv_menos_iv,media_historica,13.535478217893074,0.41091776367252936,0.6811328365161731
movel,floresta_rv_menos_iv,media_rv_menos_iv,-39.343241094065185,-1.3955475155361712,0.16285079672440206
movel,floresta_rv_menos_iv,persistencia_viavel,-222.53483674944687,-3.1095733870636515,0.0018735773499198214
movel,floresta_rv_menos_iv,proxy_retrospectiva,-115.13318312194629,-2.496286696096639,0.01255011226561563
movel,media_historica,media_rv_menos_iv,-52.878719311958264,-1.0358218297827726,0.30028527140744377
movel,media_historica,persistencia_viavel,-236.07031496733995,-4.110321688310285,3.9510829019016934e-05
movel,media_historica,proxy_retrospectiva,-128.66866133983936,-4.1650732983682905,3.1125254951330695e-05
movel,media_rv_menos_iv,persistencia_viavel,-183.19159565538166,-2.2008543816479498,0.027746334286190357
movel,media_rv_menos_iv,proxy_retrospectiva,-75.78994202788108,-1.211460638054779,0.22571891159422408
movel,persistencia_viavel,proxy_retrospectiva,107.40165362750058,3.033053409513005,0.002420927485572023
