regressor,corte,h,n,b_bvrp_previsto,b_regime_alta,b_interacao,p_bvrp_previsto,p_regime_alta,p_interacao,qui2_3coef,p_3coef,qui2_2coef,p_2coef,r2
floresta_rv_menos_iv,fixo,1,987,-0.0001094167794266367,0.0011273896505025643,0.00011723217502969375,0.6932527852067387,0.5872335062105176,0.7050738438454024,1.3561747618320699,0.7158389805422201,0.7294773777014504,0.6943780759058014,0.0009062938100631301
floresta_rv_menos_iv,fixo,5,987,-0.0015473756905110237,0.0006651819285936724,0.0020048956972516497,0.2096339209860476,0.9429368746490473,0.13428230283435938,3.2326833774675885,0.3571222909792306,3.190473848022646,0.20286046029452073,0.011168051760343745
floresta_rv_menos_iv,fixo,10,987,-0.002316519047134524,0.004612107887477448,0.003347902778078878,0.3620850201781147,0.8043029296343198,0.2088112096600807,3.1940216742136744,0.36266729031774925,2.9737578572073975,0.226077158518314,0.016359824468401674
floresta_rv_menos_iv,fixo,20,987,-0.00410614048249844,0.005568667182051577,0.00609723679458766,0.3845231907331912,0.8734990730066985,0.2242484773116865,2.695747994595337,0.4409503618240458,2.18370205776914,0.3355947229008055,0.02326754600098313
floresta_rv_menos_iv,fixo,30,987,-0.004066792321202391,0.013060598852176232,0.006893520602023521,0.5367994334503869,0.7991914128292668,0.3266613264503765,1.9032279570154103,0.5927329498717628,1.3020005652199138,0.5215238445323055,0.020807612402640285
floresta_rv_menos_iv,fixo,60,987,0.0023590753699230787,0.05803384375973664,-0.001702645114795725,0.8104128571386084,0.42606844333137117,0.8750637132025154,0.6462609931680062,0.885765009358937,0.6342021931429962,0.7282571271052747,0.010145999971590047
floresta_rv_menos_iv,expansivo,1,987,-0.00026607355604652027,-0.00031622520057918873,0.00026614668522838953,0.44984538414400566,0.9060533796395069,0.4791462575428964,1.298833447980849,0.7294101042530465,0.7447552514208708,0.6890939737838245,0.0011293635563208726
floresta_rv_menos_iv,expansivo,5,987,-0.0010587252639330542,0.0037889340924517215,0.0014739803233836334,0.29487849868781135,0.6624990971169493,0.18613873798480152,2.807365348447119,0.4222888843433368,2.7770777446198935,0.24943950146041605,0.007838549675809547
floresta_rv_menos_iv,expansivo,10,987,-0.0004962177467848982,0.016534418427465263,0.0013703523157655437,0.7866777996305445,0.2810309367085331,0.48206452700130076,2.337757919916395,0.5053261076397055,2.100035587367797,0.34993152248486087,0.01141236829642045
floresta_rv_menos_iv,expansivo,20,987,-0.000975093471027019,0.025664399934216254,0.00268847868967339,0.7886064822328782,0.3579016228591374,0.48633906276450134,1.860874872348474,0.601778308329538,1.3977975629821828,0.4971324539298333,0.014723794264169587
floresta_rv_menos_iv,expansivo,30,987,-1.3531151177144589e-05,0.04435213184475457,0.002663353535117608,0.9980510974934933,0.3028640453160716,0.6408535101762212,1.6356976917720296,0.651322965740659,1.2009921821182954,0.5485394430700492,0.01963477167798222
floresta_rv_menos_iv,expansivo,60,987,0.005489840332635876,0.07951969410358813,-0.005250400691943201,0.5085004025045449,0.2903432684771109,0.546776556166021,1.511283553454279,0.6796685514568248,1.4774668763297387,0.47771859264709404,0.015782954969620122
Ridge_rv_menos_iv,fixo,1,987,-0.00012633005718553825,0.00021108513640496346,7.055565038867548e-06,0.5512582031536744,0.9176918225701406,0.9768572978708367,2.466194813603424,0.4814314272445901,0.018144076788908767,0.9909689883866126,0.0019762188879617337
Ridge_rv_menos_iv,fixo,5,987,-0.0013871144083974752,-0.003530203300320684,0.0014695898192062938,0.17959161903254295,0.7097435450466726,0.182146858563895,2.2924641418381446,0.5139661144425203,1.9625169607268724,0.3748390742824393,0.009356953628711362
Ridge_rv_menos_iv,fixo,10,987,-0.0022546422899215207,-0.0032545568936023714,0.0026510282411679087,0.31173750183608506,0.8656444249657731,0.2442499354383887,1.7208887346959205,0.6322997811099589,1.7183497535153385,0.4235113872771449,0.0134243652082493
Ridge_rv_menos_iv,fixo,20,987,-0.003282197133055871,-0.004141936054809037,0.00432499852369843,0.46623314736598076,0.9083704502827182,0.35375496739837653,1.2565388182405233,0.7394783042123649,1.042426688174358,0.5937996274293911,0.014370399327717442
Ridge_rv_menos_iv,fixo,30,987,-0.0021555894169818742,0.0066013512616592395,0.0037708743254285027,0.7521099604371919,0.9012673371027786,0.593511438662645,0.7330828737031546,0.8653962972512058,0.4414830288097176,0.8019239392890135,0.008301197158422036
Ridge_rv_menos_iv,fixo,60,987,0.005114559853786403,0.08052088958216934,-0.0033460113080983193,0.6350897464723494,0.31025354607481226,0.7643732857989421,1.0401130000131629,0.7915470610624227,1.0356565907191615,0.5958130739874254,0.017481877899712894
Ridge_rv_menos_iv,expansivo,1,987,-0.00020672163251271984,-0.0011240838445233982,6.989149667598922e-05,0.4112822705779863,0.6733746783490755,0.7986367413103459,2.609733758360386,0.455785648169004,0.17941967220652544,0.9141964135832755,0.0021841225439154233
Ridge_rv_menos_iv,expansivo,5,987,-0.0005016575527276788,0.0024003665276216826,0.0004250658226941945,0.5573515698666527,0.7789375515826711,0.647250709858624,1.0149243217546275,0.7976407744858348,0.47610948267042325,0.7881595450069906,0.0033221423422629126
Ridge_rv_menos_iv,expansivo,10,987,0.00020780075570629464,0.01507932084937068,-0.00019081178102302036,0.9047911563825666,0.31041383847973947,0.9173840431547662,1.286669766115031,0.732300880319885,1.0728798356218068,0.58482658136391,0.006244174970401306
Ridge_rv_menos_iv,expansivo,20,987,0.0010481835018651595,0.02837850931915386,-0.0006640056194164444,0.7931715664261014,0.2753892453788416,0.8744338214280379,1.235406988772323,0.7445253745797913,1.2271697635274614,0.5414065076877956,0.007195427082507644
Ridge_rv_menos_iv,expansivo,30,987,0.0034780864852851767,0.05573344317944847,-0.0024688566182139164,0.5953514396600253,0.1627579860885493,0.7121449980007812,1.9797422470340882,0.576621905667269,1.9487492675808005,0.37742831068771104,0.015443515696953014
Ridge_rv_menos_iv,expansivo,60,987,0.011608881937942565,0.12991871175875655,-0.010970934429683008,0.2516856492491285,0.06893745139788836,0.2627245324719094,4.734352854614099,0.19231511320194059,3.9312972129381833,0.14006501007581684,0.03812129628761862
floresta_direta,fixo,1,987,-0.0013723256168784918,0.006458856939092027,0.0009457371210971686,0.1478897735781347,0.35653123095733286,0.37321120840099753,4.199528653939883,0.24070908012061723,0.8501125494831377,0.6537329954393185,0.003633202526169832
floresta_direta,fixo,5,987,-0.007700557398298967,0.04935327792685343,0.007562785460520887,0.07141842092533124,0.06994445494715353,0.08904530480898246,4.3317169009455405,0.22780094350199978,3.3152206895126275,0.1905938900348246,0.01254514437889298
floresta_direta,fixo,10,987,-0.011181181418732956,0.07712922111243019,0.011451092624167845,0.0826496438659848,0.06829188831706208,0.08702117943288494,3.7485522241889506,0.2899273507128871,3.3243393592748935,0.18972688664516102,0.013487049592261213
floresta_direta,fixo,20,987,-0.02104290571090223,0.13454711285065504,0.02076249801402327,0.007234779360954206,0.0345200053730342,0.0201196978083365,7.416668831438667,0.059738691197564336,5.401982722295344,0.06713892081928541,0.019724640515069725
floresta_direta,fixo,30,987,-0.02594068530357937,0.16787415981939394,0.025747470872343414,0.008040711526185407,0.07721413737871334,0.02841843281096759,7.088805474725891,0.06912046411563198,5.07981575834063,0.07887366536350808,0.018226842292690892
floresta_direta,fixo,60,987,-0.014940094520605499,0.061098846394819835,0.005334856384324645,0.42661355621400465,0.7337119207974733,0.8259400545209633,1.8536579560973132,0.6033285466570677,0.16227007345062078,0.9220691698360979,0.018236336646405116
floresta_direta,expansivo,1,987,-0.001899003777999182,0.009085253761483596,0.0014753376004499566,0.060051636799509624,0.19725139372357559,0.1845070803910953,5.293127382720601,0.15154896697395495,1.7625209992512905,0.4142604073541196,0.00459054071614895
floresta_direta,expansivo,5,987,-0.007109769197461696,0.049102327194082786,0.007052902080819507,0.06952672069317158,0.05973943558389164,0.08854597676094278,5.084918937112463,0.16568352962785898,3.6685852859050576,0.1597264454445087,0.012034731033745083
floresta_direta,expansivo,10,987,-0.00881929683713815,0.07139322369450551,0.009251911697528495,0.11694250022011929,0.07576121716331069,0.12698923516762495,4.48865586228463,0.21330439328233147,3.270513007055062,0.1949023717410494,0.013573167627286442
floresta_direta,expansivo,20,987,-0.019218653189537523,0.14119989992246926,0.01957829836977484,0.001630325232213933,0.014659082994012876,0.010487788256974113,12.36394581284833,0.006234952748110137,6.731647605399894,0.03453355556036216,0.021083793433200437
floresta_direta,expansivo,30,987,-0.02405477710411591,0.1851832690458194,0.02500641881125147,0.002749291684238287,0.03580984104357025,0.015917327173834973,9.773814582354955,0.02058995832042321,5.812046610862248,0.05469279452215272,0.022221868558301217
floresta_direta,expansivo,60,987,-0.015034262421113576,0.07417587912993445,0.005741126147241314,0.3846215507431757,0.6754704739663353,0.802658576205393,2.6672647605941724,0.445818999903699,0.23057877178868771,0.8911082324378595,0.020256681398796994
Ridge_direto,fixo,1,987,-0.0007100874805328619,-0.0021949119825039392,0.00010503164718603601,0.15513008753128402,0.5244820766784789,0.857305935529808,6.969151182686806,0.07288755611263799,1.1801932929564554,0.5542737135434271,0.008125905020757163
Ridge_direto,fixo,5,987,-0.005275385662981094,0.004763315750587261,0.003962237657981745,0.03414911911449098,0.7162449551152043,0.13999581483748988,6.984156927999888,0.07240446309810926,2.7686268951498376,0.25049571921259334,0.03227456410012841
Ridge_direto,fixo,10,987,-0.01091150373451902,0.019946003218990135,0.009320467502281406,0.015081082718135666,0.368951456215043,0.046027367879381414,7.7439011853164645,0.051611898323257216,4.109137327251535,0.12814809859441306,0.05965914931968441
Ridge_direto,fixo,20,987,-0.02147199016289024,0.03452585385203447,0.018340810648760305,0.006482790338405072,0.4024214622572936,0.034011236120397186,9.470161791155329,0.023650916685034447,5.017529608394556,0.08136868345025887,0.10018749793776216
Ridge_direto,fixo,30,987,-0.029216084132893224,0.054826503331155116,0.025830929128816123,0.004936810966051707,0.3908328026150003,0.03069935223878202,9.462110281889629,0.02373787850871584,5.290579213984282,0.07098479307011507,0.10934148338033745
Ridge_direto,fixo,60,987,-0.0517150546710924,0.08815836293015185,0.041375477526317976,0.0007153933180474167,0.4712796710745467,0.026427265481281697,13.5530746747332,0.0035811507066840103,6.689200706204677,0.03527430960942711,0.1606845246825619
Ridge_direto,expansivo,1,987,-0.0007187107023319919,-0.0023463639146722956,0.00013643088766103836,0.22664702277867632,0.4287049516857131,0.8326011517161496,6.89201980217705,0.07542027623938345,1.4208714345443219,0.4914300262548089,0.008460795432936319
Ridge_direto,expansivo,5,987,-0.0029535466022179726,0.0015692866266112113,0.0015643682024709844,0.17637703894936174,0.89835165511935,0.5096629005230959,5.45469723741642,0.14137347290623697,0.5736334271741106,0.7506493000468011,0.017710512669964262
Ridge_direto,expansivo,10,987,-0.0054575127331104156,0.011036773293118255,0.0034995560213817957,0.1449650406830653,0.6286494244213771,0.3924338057988085,6.436734490012258,0.0921912102760941,0.731614544347367,0.6936364713777441,0.026384708058049378
Ridge_direto,expansivo,20,987,-0.013129945811055203,0.024686655230539555,0.00970627861969572,0.05543665993822839,0.5355369470764375,0.18409465438290762,7.133524169142424,0.06776150604799733,1.7644396890429175,0.4138631793165972,0.04840888436735402
Ridge_direto,expansivo,30,987,-0.02030094647881105,0.05461758721666425,0.017106885090853598,0.03686866288012605,0.3422514464955666,0.09996718357665517,7.800090712160737,0.050329052047421684,2.772133622173904,0.2500568939811028,0.05996042622160913
Ridge_direto,expansivo,60,987,-0.043967549502855086,0.07666510773733298,0.033194092882353816,0.005087626905609515,0.49159294607260073,0.06421208786285759,12.424699903342317,0.006061285519195034,3.674859404675005,0.1592261592238725,0.1265331613331947
