origem,janela,modelo,n_treino,treino_fim,params,mse_cv,r2_dentro_alvo,r2_dentro_amostra,rotulo
2023-06-21,expansiva,floresta_aleatoria,760,2023-05-22,"{'max_depth': 2, 'min_samples_leaf': 100, 'max_features': 0.2}",501.0874815781841,0.1980912466519804,0.2375368940239706,floresta_aleatoria
2023-07-21,expansiva,floresta_aleatoria,790,2023-06-21,"{'max_depth': 3, 'min_samples_leaf': 100, 'max_features': 0.2}",482.7818582431387,0.23795277730980458,0.2553263449313731,floresta_aleatoria
2023-08-20,expansiva,floresta_aleatoria,820,2023-07-21,"{'max_depth': 6, 'min_samples_leaf': 50, 'max_features': 0.2}",479.63676931654453,0.4084516849313028,0.3515287017126507,floresta_aleatoria
2023-09-19,expansiva,floresta_aleatoria,850,2023-08-20,"{'max_depth': 3, 'min_samples_leaf': 100, 'max_features': 0.3333333333333333}",472.5680900035597,0.34475251620995917,0.26497630695986996,floresta_aleatoria
2023-10-19,expansiva,floresta_aleatoria,880,2023-09-19,"{'max_depth': 1, 'min_samples_leaf': 100, 'max_features': 1.0}",498.5574418203455,0.309764069172047,0.16711933987006655,floresta_aleatoria
2023-11-18,expansiva,floresta_aleatoria,910,2023-10-19,"{'max_depth': 1, 'min_samples_leaf': 100, 'max_features': 1.0}",466.52155696019145,0.31875766762383495,0.1939163003490998,floresta_aleatoria
2023-12-18,expansiva,floresta_aleatoria,940,2023-11-18,"{'max_depth': 1, 'min_samples_leaf': 100, 'max_features': 1.0}",431.454146088354,0.32117167330995466,0.19087446531369456,floresta_aleatoria
2024-01-17,expansiva,floresta_aleatoria,970,2023-12-18,"{'max_depth': 3, 'min_samples_leaf': 100, 'max_features': 0.3333333333333333}",451.85734130288745,0.408501614448048,0.28988960504052097,floresta_aleatoria
2024-02-16,expansiva,floresta_aleatoria,1000,2024-01-17,"{'max_depth': 6, 'min_samples_leaf': 100, 'max_features': 0.3333333333333333}",445.8986466305434,0.4131989525052867,0.292079787690253,floresta_aleatoria
2024-03-17,expansiva,floresta_aleatoria,1030,2024-02-16,"{'max_depth': 1, 'min_samples_leaf': 200, 'max_features': 1.0}",428.39376078183415,0.32110283394340366,0.1968659138456923,floresta_aleatoria
2024-04-16,expansiva,floresta_aleatoria,1060,2024-03-17,"{'max_depth': 1, 'min_samples_leaf': 200, 'max_features': 1.0}",467.53289598486407,0.29122786101703435,0.18137783035249033,floresta_aleatoria
2024-05-16,expansiva,floresta_aleatoria,1090,2024-04-16,"{'max_depth': 3, 'min_samples_leaf': 100, 'max_features': 0.3333333333333333}",462.6196610449004,0.40214885773480613,0.3135530341918653,floresta_aleatoria
2024-06-15,expansiva,floresta_aleatoria,1120,2024-05-16,"{'max_depth': 6, 'min_samples_leaf': 100, 'max_features': 0.3333333333333333}",426.70216200324785,0.40625885222290503,0.31659178420805123,floresta_aleatoria
2024-07-15,expansiva,floresta_aleatoria,1150,2024-06-15,"{'max_depth': 6, 'min_samples_leaf': 100, 'max_features': 0.3333333333333333}",410.2750848465218,0.40801431227558194,0.3000494477268095,floresta_aleatoria
2024-08-14,expansiva,floresta_aleatoria,1180,2024-07-15,"{'max_depth': 6, 'min_samples_leaf': 100, 'max_features': 0.3333333333333333}",400.69897207619744,0.4049960276450989,0.30895188767011383,floresta_aleatoria
2024-09-13,expansiva,floresta_aleatoria,1210,2024-08-14,"{'max_depth': 3, 'min_samples_leaf': 100, 'max_features': 0.3333333333333333}",406.93613806469807,0.390610241115938,0.3049647778585396,floresta_aleatoria
2024-10-13,expansiva,floresta_aleatoria,1240,2024-09-13,"{'max_depth': 6, 'min_samples_leaf': 100, 'max_features': 0.3333333333333333}",385.6267841468476,0.40847268069520837,0.3167785523596377,floresta_aleatoria
2024-11-12,expansiva,floresta_aleatoria,1270,2024-10-13,"{'max_depth': 2, 'min_samples_leaf': 100, 'max_features': 0.3333333333333333}",364.79121915324373,0.36482505419283473,0.25422093342672225,floresta_aleatoria
2024-12-12,expansiva,floresta_aleatoria,1300,2024-11-12,"{'max_depth': 1, 'min_samples_leaf': 100, 'max_features': 1.0}",367.7159675677812,0.2891403467216378,0.17500085553635192,floresta_aleatoria
2025-01-11,expansiva,floresta_aleatoria,1330,2024-12-12,"{'max_depth': 1, 'min_samples_leaf': 100, 'max_features': 1.0}",361.9330848102337,0.2946902427283479,0.17564147465216184,floresta_aleatoria
2025-02-10,expansiva,floresta_aleatoria,1360,2025-01-11,"{'max_depth': 2, 'min_samples_leaf': 100, 'max_features': 1.0}",336.7801691601959,0.39105973962760265,0.28300977750059975,floresta_aleatoria
2025-03-12,expansiva,floresta_aleatoria,1390,2025-02-10,"{'max_depth': 2, 'min_samples_leaf': 100, 'max_features': 1.0}",333.80208054799766,0.38789587062460373,0.280083413011338,floresta_aleatoria
2025-04-11,expansiva,floresta_aleatoria,1420,2025-03-12,"{'max_depth': 2, 'min_samples_leaf': 100, 'max_features': 1.0}",371.4584980354216,0.3737247889716331,0.2860891100801606,floresta_aleatoria
2025-05-11,expansiva,floresta_aleatoria,1450,2025-04-11,"{'max_depth': 2, 'min_samples_leaf': 100, 'max_features': 0.3333333333333333}",377.3835053745448,0.3443702644753607,0.25872280426909955,floresta_aleatoria
2025-06-10,expansiva,floresta_aleatoria,1480,2025-05-11,"{'max_depth': 3, 'min_samples_leaf': 100, 'max_features': 0.3333333333333333}",369.43261597902887,0.3918555267629772,0.297217786323814,floresta_aleatoria
2025-07-10,expansiva,floresta_aleatoria,1510,2025-06-10,"{'max_depth': 3, 'min_samples_leaf': 100, 'max_features': 0.3333333333333333}",368.20153862228324,0.40519064760273427,0.2920941158055712,floresta_aleatoria
2025-08-09,expansiva,floresta_aleatoria,1540,2025-07-10,"{'max_depth': 6, 'min_samples_leaf': 100, 'max_features': 0.3333333333333333}",357.22086558335224,0.45134552334099964,0.3196057440139344,floresta_aleatoria
2025-09-08,expansiva,floresta_aleatoria,1570,2025-08-09,"{'max_depth': 6, 'min_samples_leaf': 100, 'max_features': 0.3333333333333333}",345.77144622457666,0.46717951068366625,0.32137120867155655,floresta_aleatoria
2025-10-08,expansiva,floresta_aleatoria,1600,2025-09-08,"{'max_depth': 6, 'min_samples_leaf': 100, 'max_features': 0.3333333333333333}",351.08161574493175,0.48592034761041236,0.3232072546172827,floresta_aleatoria
2025-11-07,expansiva,floresta_aleatoria,1630,2025-10-08,"{'max_depth': 6, 'min_samples_leaf': 100, 'max_features': 0.3333333333333333}",344.1362160681317,0.48433314241342984,0.33027887106272,floresta_aleatoria
2025-12-07,expansiva,floresta_aleatoria,1660,2025-11-07,"{'max_depth': 6, 'min_samples_leaf': 100, 'max_features': 0.3333333333333333}",330.0270993192303,0.4837531945544852,0.3312316491619869,floresta_aleatoria
2026-01-06,expansiva,floresta_aleatoria,1690,2025-12-07,"{'max_depth': 6, 'min_samples_leaf': 20, 'max_features': 0.2}",281.546456531042,0.6113359749972276,0.49258448582241376,floresta_aleatoria
2026-02-05,expansiva,floresta_aleatoria,1720,2026-01-06,"{'max_depth': 6, 'min_samples_leaf': 20, 'max_features': 0.2}",309.0719593517407,0.6144299192008725,0.4883628327310662,floresta_aleatoria
2023-06-21,expansiva,Ridge,760,2023-05-22,{'alpha': np.float64(10000.0)},498.98488314678116,0.06479416815488792,0.11079665822520313,Ridge
2023-07-21,expansiva,Ridge,790,2023-06-21,{'alpha': np.float64(3162.2776601683795)},491.166373785878,0.14323171197653217,0.16276478203411127,Ridge
2023-08-20,expansiva,Ridge,820,2023-07-21,{'alpha': np.float64(3162.2776601683795)},503.0940619160168,0.1907860706276836,0.11291775497436196,Ridge
2023-09-19,expansiva,Ridge,850,2023-08-20,{'alpha': np.float64(3162.2776601683795)},499.2275211767695,0.2117130220843335,0.11573928932678623,Ridge
2023-10-19,expansiva,Ridge,880,2023-09-19,{'alpha': np.float64(3162.2776601683795)},540.4539103497566,0.24439070168899846,0.08823585810335188,Ridge
2023-11-18,expansiva,Ridge,910,2023-10-19,{'alpha': np.float64(1000.0)},526.949797583036,0.33331153954122783,0.2111372485519185,Ridge
2023-12-18,expansiva,Ridge,940,2023-11-18,{'alpha': np.float64(1000.0)},473.6317096350698,0.3392014512343593,0.21236495581000592,Ridge
2024-01-17,expansiva,Ridge,970,2023-12-18,{'alpha': np.float64(1000.0)},457.5705518484864,0.34567624394828167,0.21446598639879877,Ridge
2024-02-16,expansiva,Ridge,1000,2024-01-17,{'alpha': np.float64(1000.0)},447.8336513889711,0.3473575855177702,0.21264837785285573,Ridge
2024-03-17,expansiva,Ridge,1030,2024-02-16,{'alpha': np.float64(1000.0)},432.207584406461,0.34157460358774394,0.22108397930142298,Ridge
2024-04-16,expansiva,Ridge,1060,2024-03-17,{'alpha': np.float64(1000.0)},466.0994022913839,0.3156669820161919,0.2096046823352955,Ridge
2024-05-16,expansiva,Ridge,1090,2024-04-16,{'alpha': np.float64(1000.0)},453.2317717190488,0.316354176423856,0.2150444013485182,Ridge
2024-06-15,expansiva,Ridge,1120,2024-05-16,{'alpha': np.float64(1000.0)},411.98265020213114,0.31773155597006575,0.214695053945133,Ridge
2024-07-15,expansiva,Ridge,1150,2024-06-15,{'alpha': np.float64(1000.0)},398.9596936054846,0.3253978074681352,0.20236555204152562,Ridge
2024-08-14,expansiva,Ridge,1180,2024-07-15,{'alpha': np.float64(1000.0)},393.12161199256184,0.3239406861361166,0.21481278382119617,Ridge
2024-09-13,expansiva,Ridge,1210,2024-08-14,{'alpha': np.float64(1000.0)},393.90517183319474,0.3148747951360672,0.21858524529633128,Ridge
2024-10-13,expansiva,Ridge,1240,2024-09-13,{'alpha': np.float64(316.22776601683796)},366.99674012875187,0.3542193925975554,0.2541153264635081,Ridge
2024-11-12,expansiva,Ridge,1270,2024-10-13,{'alpha': np.float64(316.22776601683796)},348.49405294408615,0.35933859098798293,0.24777910281814364,Ridge
2024-12-12,expansiva,Ridge,1300,2024-11-12,{'alpha': np.float64(316.22776601683796)},350.55776407011734,0.35856652635920605,0.2555744800770383,Ridge
2025-01-11,expansiva,Ridge,1330,2024-12-12,{'alpha': np.float64(316.22776601683796)},351.28595873257143,0.36360216136917234,0.2561849905243808,Ridge
2025-02-10,expansiva,Ridge,1360,2025-01-11,{'alpha': np.float64(316.22776601683796)},341.148933845497,0.36333066943565173,0.2503604792024877,Ridge
2025-03-12,expansiva,Ridge,1390,2025-02-10,{'alpha': np.float64(316.22776601683796)},337.83768998009015,0.35764757648898426,0.24450736045543509,Ridge
2025-04-11,expansiva,Ridge,1420,2025-03-12,{'alpha': np.float64(316.22776601683796)},347.2965135231422,0.34829549498493173,0.25710145484426317,Ridge
2025-05-11,expansiva,Ridge,1450,2025-04-11,{'alpha': np.float64(316.22776601683796)},344.05159921827345,0.34113783410487786,0.2550681089577139,Ridge
2025-06-10,expansiva,Ridge,1480,2025-05-11,{'alpha': np.float64(316.22776601683796)},334.986910649624,0.3535720292884311,0.2529767181460193,Ridge
2025-07-10,expansiva,Ridge,1510,2025-06-10,{'alpha': np.float64(316.22776601683796)},333.01719014650314,0.36425710937183065,0.2433775102953052,Ridge
2025-08-09,expansiva,Ridge,1540,2025-07-10,{'alpha': np.float64(316.22776601683796)},327.0759896036558,0.3783562129889162,0.22909065733433098,Ridge
2025-09-08,expansiva,Ridge,1570,2025-08-09,{'alpha': np.float64(316.22776601683796)},319.5845346156394,0.39171817367388384,0.22525959706164034,Ridge
2025-10-08,expansiva,Ridge,1600,2025-09-08,{'alpha': np.float64(316.22776601683796)},321.920009921257,0.4064779349705705,0.2186202547225672,Ridge
2025-11-07,expansiva,Ridge,1630,2025-10-08,{'alpha': np.float64(100.0)},311.0004835774348,0.42580255591811444,0.2542624083246179,Ridge
2025-12-07,expansiva,Ridge,1660,2025-11-07,{'alpha': np.float64(100.0)},287.52507763748247,0.4273126168611341,0.25811609345069664,Ridge
2026-01-06,expansiva,Ridge,1690,2025-12-07,{'alpha': np.float64(100.0)},266.0063860283857,0.42870777861543996,0.25415650121609745,Ridge
2026-02-05,expansiva,Ridge,1720,2026-01-06,{'alpha': np.float64(100.0)},282.7491163080159,0.4342975643416259,0.2493338925636841,Ridge
2023-06-21,movel,floresta_aleatoria,730,2023-05-22,"{'max_depth': 2, 'min_samples_leaf': 100, 'max_features': 0.2}",366.4171757249698,0.17663982234972297,0.32936465497369216,floresta_aleatoria
2023-07-21,movel,floresta_aleatoria,730,2023-06-21,"{'max_depth': 2, 'min_samples_leaf': 100, 'max_features': 0.2}",348.16709198454384,0.19686045236448313,0.4027711425471987,floresta_aleatoria
2023-08-20,movel,floresta_aleatoria,730,2023-07-21,"{'max_depth': 2, 'min_samples_leaf': 50, 'max_features': 1.0}",383.83982314052173,0.38117005537971993,0.44437720577986184,floresta_aleatoria
2023-09-19,movel,floresta_aleatoria,730,2023-08-20,"{'max_depth': 1, 'min_samples_leaf': 200, 'max_features': 0.2}",443.71205746181124,0.16456540864708102,0.21132616661272485,floresta_aleatoria
2023-10-19,movel,floresta_aleatoria,730,2023-09-19,"{'max_depth': 2, 'min_samples_leaf': 100, 'max_features': 0.2}",458.16908438475195,0.30942640209179106,0.3285127665621538,floresta_aleatoria
2023-11-18,movel,floresta_aleatoria,730,2023-10-19,"{'max_depth': 2, 'min_samples_leaf': 100, 'max_features': 1.0}",413.2751178902399,0.35467558451792736,0.3791529243459436,floresta_aleatoria
2023-12-18,movel,floresta_aleatoria,730,2023-11-18,"{'max_depth': 2, 'min_samples_leaf': 100, 'max_features': 1.0}",379.3516587484174,0.3489316791918565,0.37309479718666727,floresta_aleatoria
2024-01-17,movel,floresta_aleatoria,730,2023-12-18,"{'max_depth': 2, 'min_samples_leaf': 100, 'max_features': 0.3333333333333333}",434.8658263210431,0.31835993144048036,0.3190515499944041,floresta_aleatoria
2024-02-16,movel,floresta_aleatoria,730,2024-01-17,"{'max_depth': 1, 'min_samples_leaf': 100, 'max_features': 1.0}",412.1471601035896,0.2699659051772113,0.26230651257514304,floresta_aleatoria
2024-03-17,movel,floresta_aleatoria,730,2024-02-16,"{'max_depth': 2, 'min_samples_leaf': 100, 'max_features': 1.0}",320.7735661700889,0.32296998712962555,0.36251651716520394,floresta_aleatoria
2024-04-16,movel,floresta_aleatoria,730,2024-03-17,"{'max_depth': 2, 'min_samples_leaf': 100, 'max_features': 1.0}",358.92697725933124,0.3275534601576311,0.3582983367846736,floresta_aleatoria
2024-05-16,movel,floresta_aleatoria,730,2024-04-16,"{'max_depth': 2, 'min_samples_leaf': 100, 'max_features': 1.0}",423.4284157305154,0.3239971543794701,0.36472996223448595,floresta_aleatoria
2024-06-15,movel,floresta_aleatoria,730,2024-05-16,"{'max_depth': 1, 'min_samples_leaf': 50, 'max_features': 0.3333333333333333}",376.9527378301906,0.19654864263653993,0.2738902384283699,floresta_aleatoria
2024-07-15,movel,floresta_aleatoria,730,2024-06-15,"{'max_depth': 2, 'min_samples_leaf': 100, 'max_features': 0.2}",255.19640485124145,0.2618973937858138,0.44395684544178493,floresta_aleatoria
2024-08-14,movel,floresta_aleatoria,730,2024-07-15,"{'max_depth': 1, 'min_samples_leaf': 100, 'max_features': 0.3333333333333333}",206.38728268421255,0.20505543512507118,0.3832559513681656,floresta_aleatoria
2024-09-13,movel,floresta_aleatoria,730,2024-08-14,"{'max_depth': 2, 'min_samples_leaf': 100, 'max_features': 0.3333333333333333}",204.3768300717492,0.2854688171570803,0.4362285783910548,floresta_aleatoria
2024-10-13,movel,floresta_aleatoria,730,2024-09-13,"{'max_depth': 1, 'min_samples_leaf': 100, 'max_features': 1.0}",187.05710328880394,0.16978145645122844,0.36974129223921515,floresta_aleatoria
2024-11-12,movel,floresta_aleatoria,730,2024-10-13,"{'max_depth': 2, 'min_samples_leaf': 100, 'max_features': 1.0}",172.34265484559918,0.30019692774045625,0.41659647414771483,floresta_aleatoria
2024-12-12,movel,floresta_aleatoria,730,2024-11-12,"{'max_depth': 2, 'min_samples_leaf': 100, 'max_features': 1.0}",151.613039238591,0.3697462354791208,0.45446478556865255,floresta_aleatoria
2025-01-11,movel,floresta_aleatoria,730,2024-12-12,"{'max_depth': 6, 'min_samples_leaf': 50, 'max_features': 1.0}",177.1065818084365,0.5797325821762425,0.5635477434324161,floresta_aleatoria
2025-02-10,movel,floresta_aleatoria,730,2025-01-11,"{'max_depth': 6, 'min_samples_leaf': 50, 'max_features': 1.0}",188.01971989256253,0.5764592195987921,0.557550565469652,floresta_aleatoria
2025-03-12,movel,floresta_aleatoria,730,2025-02-10,"{'max_depth': 3, 'min_samples_leaf': 50, 'max_features': 0.3333333333333333}",178.08022129148975,0.3837493139556879,0.36943302971453074,floresta_aleatoria
2025-04-11,movel,floresta_aleatoria,730,2025-03-12,"{'max_depth': 6, 'min_samples_leaf': 50, 'max_features': 1.0}",189.83664531898543,0.5442195249583344,0.5439011523023165,floresta_aleatoria
2025-05-11,movel,floresta_aleatoria,730,2025-04-11,"{'max_depth': 1, 'min_samples_leaf': 200, 'max_features': 0.2}",209.01902496119797,0.06736332227712083,0.033045927446716195,floresta_aleatoria
2025-06-10,movel,floresta_aleatoria,730,2025-05-11,"{'max_depth': 1, 'min_samples_leaf': 200, 'max_features': 0.2}",207.48696473438469,0.08340026594742622,0.026737093608845353,floresta_aleatoria
2025-07-10,movel,floresta_aleatoria,730,2025-06-10,"{'max_depth': 2, 'min_samples_leaf': 20, 'max_features': 0.3333333333333333}",212.0386729519511,0.3619891447784216,0.2858352916117971,floresta_aleatoria
2025-08-09,movel,floresta_aleatoria,730,2025-07-10,"{'max_depth': 6, 'min_samples_leaf': 50, 'max_features': 0.3333333333333333}",224.04218498535943,0.5137098985606479,0.4262630324209521,floresta_aleatoria
2025-09-08,movel,floresta_aleatoria,730,2025-08-09,"{'max_depth': 1, 'min_samples_leaf': 5, 'max_features': 1.0}",194.42620429881225,0.25695879924696985,0.1011475973091367,floresta_aleatoria
2025-10-08,movel,floresta_aleatoria,730,2025-09-08,"{'max_depth': None, 'min_samples_leaf': 20, 'max_features': 0.3333333333333333}",195.74565145197872,0.7454462691018333,0.6780144242662148,floresta_aleatoria
2025-11-07,movel,floresta_aleatoria,730,2025-10-08,"{'max_depth': 1, 'min_samples_leaf': 200, 'max_features': 0.2}",209.15421740559867,0.0924680878551517,-0.09916508693304071,floresta_aleatoria
2025-12-07,movel,floresta_aleatoria,730,2025-11-07,"{'max_depth': 1, 'min_samples_leaf': 200, 'max_features': 0.2}",167.82531662308443,0.09374040161913111,-0.12140129333318606,floresta_aleatoria
2026-01-06,movel,floresta_aleatoria,730,2025-12-07,"{'max_depth': 1, 'min_samples_leaf': 20, 'max_features': 0.2}",183.1781257499472,0.23587256087152475,0.05689003661262093,floresta_aleatoria
2026-02-05,movel,floresta_aleatoria,730,2026-01-06,"{'max_depth': 1, 'min_samples_leaf': 200, 'max_features': 0.2}",222.20315583030833,0.11204297246231143,-0.11890195904372458,floresta_aleatoria
2023-06-21,movel,Ridge,730,2023-05-22,{'alpha': np.float64(1000.0)},358.12516836944343,0.1527304145682653,0.30989019607691615,Ridge
2023-07-21,movel,Ridge,730,2023-06-21,{'alpha': np.float64(10000.0)},348.6052288275213,0.04069718407535672,0.28664535771816424,Ridge
2023-08-20,movel,Ridge,730,2023-07-21,{'alpha': np.float64(316.22776601683796)},378.38701787847725,0.2458478003310417,0.32287673521608995,Ridge
2023-09-19,movel,Ridge,730,2023-08-20,{'alpha': np.float64(3162.2776601683795)},442.5386370994276,0.15774571438847906,0.20488818275482557,Ridge
2023-10-19,movel,Ridge,730,2023-09-19,{'alpha': np.float64(3162.2776601683795)},460.5179752356321,0.1757143055736501,0.19849626138427257,Ridge
2023-11-18,movel,Ridge,730,2023-10-19,{'alpha': np.float64(3162.2776601683795)},440.1079558045105,0.17321848756820524,0.20457854703255463,Ridge
2023-12-18,movel,Ridge,730,2023-11-18,{'alpha': np.float64(1000.0)},395.1654361231598,0.23504031902553457,0.26343029046465416,Ridge
2024-01-17,movel,Ridge,730,2023-12-18,{'alpha': np.float64(3162.2776601683795)},438.55065804130834,0.16771359811861786,0.1685580683079012,Ridge
2024-02-16,movel,Ridge,730,2024-01-17,{'alpha': np.float64(3162.2776601683795)},438.9699922780618,0.16276193149440088,0.15397777317418104,Ridge
2024-03-17,movel,Ridge,730,2024-02-16,{'alpha': np.float64(3162.2776601683795)},362.74160536616984,0.15072031569801525,0.20032825612219474,Ridge
2024-04-16,movel,Ridge,730,2024-03-17,{'alpha': np.float64(316.22776601683796)},380.67006999935506,0.23422445084404964,0.26923641594141545,Ridge
2024-05-16,movel,Ridge,730,2024-04-16,{'alpha': np.float64(10000.0)},478.6933026814025,0.06376606381075178,0.12017919472758365,Ridge
2024-06-15,movel,Ridge,730,2024-05-16,{'alpha': np.float64(100000.0)},390.9546836320102,0.00693810816041196,0.10253193687328432,Ridge
2024-07-15,movel,Ridge,730,2024-06-15,{'alpha': np.float64(316.22776601683796)},249.19373934324443,0.25058677881442715,0.4354360923977858,Ridge
2024-08-14,movel,Ridge,730,2024-07-15,{'alpha': np.float64(1000.0)},205.79924941578756,0.20782777631804739,0.38540682453227604,Ridge
2024-09-13,movel,Ridge,730,2024-08-14,{'alpha': np.float64(100000.0)},215.4158059584757,0.00593392094621259,0.21567307345271436,Ridge
2024-10-13,movel,Ridge,730,2024-09-13,{'alpha': np.float64(100000.0)},198.61301285641989,0.005545997121501833,0.24506227950216497,Ridge
2024-11-12,movel,Ridge,730,2024-10-13,{'alpha': np.float64(100000.0)},195.2049286136019,0.0057697655805565295,0.17114192940535922,Ridge
2024-12-12,movel,Ridge,730,2024-11-12,{'alpha': np.float64(31622.776601683792)},175.02592005010257,0.02148648203881065,0.15301801925651914,Ridge
2025-01-11,movel,Ridge,730,2024-12-12,{'alpha': np.float64(3162.2776601683795)},221.6940194979655,0.10462789589392651,0.0701463907710278,Ridge
2025-02-10,movel,Ridge,730,2025-01-11,{'alpha': np.float64(100000.0)},214.34491059998618,0.0070921149948532936,-0.03723549794922687,Ridge
2025-03-12,movel,Ridge,730,2025-02-10,{'alpha': np.float64(100000.0)},192.061140521224,0.006644377816390823,-0.016432531892249136,Ridge
2025-04-11,movel,Ridge,730,2025-03-12,{'alpha': np.float64(0.001)},198.70294126044357,0.2708037713996613,0.27029441184441394,Ridge
2025-05-11,movel,Ridge,730,2025-04-11,{'alpha': np.float64(100000.0)},209.77200956113484,0.005941183106500936,-0.030636307055338374,Ridge
2025-06-10,movel,Ridge,730,2025-05-11,{'alpha': np.float64(100000.0)},207.20663866171418,0.006212312636152073,-0.055222532809512836,Ridge
2025-07-10,movel,Ridge,730,2025-06-10,{'alpha': np.float64(3162.2776601683795)},222.9166981340542,0.10588905128762782,-0.0008332612649790683,Ridge
2025-08-09,movel,Ridge,730,2025-07-10,{'alpha': np.float64(100000.0)},233.5307912868753,0.007570636133400588,-0.17089246126108604,Ridge
2025-09-08,movel,Ridge,730,2025-08-09,{'alpha': np.float64(1000.0)},222.04519589758448,0.1972477841763045,0.028915547041957645,Ridge
2025-10-08,movel,Ridge,730,2025-09-08,{'alpha': np.float64(316.22776601683796)},219.4257581708999,0.2672877061976585,0.07319060327758731,Ridge
2025-11-07,movel,Ridge,730,2025-10-08,{'alpha': np.float64(100000.0)},209.70441218738947,0.007894368963245468,-0.20159727453333298,Ridge
2025-12-07,movel,Ridge,730,2025-11-07,{'alpha': np.float64(100000.0)},167.84359145904654,0.008299962296342112,-0.2271248843778617,Ridge
2026-01-06,movel,Ridge,730,2025-12-07,{'alpha': np.float64(100000.0)},186.04835598103412,0.008261551774476517,-0.22403458337081328,Ridge
2026-02-05,movel,Ridge,730,2026-01-06,{'alpha': np.float64(100000.0)},221.63717287080027,0.008835181765645461,-0.24895262097643012,Ridge
2023-06-21,expansiva,floresta_aleatoria,760,2023-05-22,"{'max_depth': 2, 'min_samples_leaf': 100, 'max_features': 0.2}",497.3839507618769,0.19344303561257448,0.23311732707007382,floresta_aleatoria_com_regime
2023-07-21,expansiva,floresta_aleatoria,790,2023-06-21,"{'max_depth': 3, 'min_samples_leaf': 100, 'max_features': 0.2}",481.5975448701115,0.23100114865829202,0.24853320329596784,floresta_aleatoria_com_regime
2023-08-20,expansiva,floresta_aleatoria,820,2023-07-21,"{'max_depth': 3, 'min_samples_leaf': 100, 'max_features': 0.3333333333333333}",477.9573968500582,0.3248424685386868,0.25987401227851514,floresta_aleatoria_com_regime
2023-09-19,expansiva,floresta_aleatoria,850,2023-08-20,"{'max_depth': 3, 'min_samples_leaf': 100, 'max_features': 0.3333333333333333}",468.6279438174062,0.351609729233484,0.27266838387004877,floresta_aleatoria_com_regime
2023-10-19,expansiva,floresta_aleatoria,880,2023-09-19,"{'max_depth': 1, 'min_samples_leaf': 100, 'max_features': 1.0}",498.5574418203457,0.309764069172047,0.16711933987006655,floresta_aleatoria_com_regime
2023-11-18,expansiva,floresta_aleatoria,910,2023-10-19,"{'max_depth': 1, 'min_samples_leaf': 100, 'max_features': 1.0}",466.52155696019133,0.31875766762383484,0.19391630034909957,floresta_aleatoria_com_regime
2023-12-18,expansiva,floresta_aleatoria,940,2023-11-18,"{'max_depth': 1, 'min_samples_leaf': 100, 'max_features': 1.0}",431.4541460883541,0.32117167330995466,0.19087446531369456,floresta_aleatoria_com_regime
2024-01-17,expansiva,floresta_aleatoria,970,2023-12-18,"{'max_depth': 3, 'min_samples_leaf': 100, 'max_features': 0.3333333333333333}",448.34020192506506,0.41585552988887176,0.2987181866998081,floresta_aleatoria_com_regime
2024-02-16,expansiva,floresta_aleatoria,1000,2024-01-17,"{'max_depth': 3, 'min_samples_leaf': 100, 'max_features': 0.3333333333333333}",445.4727099059276,0.42051332874983083,0.30090389392874384,floresta_aleatoria_com_regime
2024-03-17,expansiva,floresta_aleatoria,1030,2024-02-16,"{'max_depth': 1, 'min_samples_leaf': 200, 'max_features': 1.0}",428.39376078183403,0.32110283394340366,0.1968659138456923,floresta_aleatoria_com_regime
2024-04-16,expansiva,floresta_aleatoria,1060,2024-03-17,"{'max_depth': 1, 'min_samples_leaf': 200, 'max_features': 1.0}",467.532895984864,0.29122786101703446,0.18137783035249044,floresta_aleatoria_com_regime
2024-05-16,expansiva,floresta_aleatoria,1090,2024-04-16,"{'max_depth': 3, 'min_samples_leaf': 100, 'max_features': 0.3333333333333333}",462.147383634163,0.40781180072048306,0.32005517118759585,floresta_aleatoria_com_regime
2024-06-15,expansiva,floresta_aleatoria,1120,2024-05-16,"{'max_depth': 3, 'min_samples_leaf': 100, 'max_features': 0.3333333333333333}",428.5785130405711,0.4070733099273657,0.3175292416989586,floresta_aleatoria_com_regime
2024-07-15,expansiva,floresta_aleatoria,1150,2024-06-15,"{'max_depth': 3, 'min_samples_leaf': 100, 'max_features': 0.3333333333333333}",406.6064818050918,0.40862980929920045,0.3007771975534318,floresta_aleatoria_com_regime
2024-08-14,expansiva,floresta_aleatoria,1180,2024-07-15,"{'max_depth': 3, 'min_samples_leaf': 100, 'max_features': 0.3333333333333333}",398.09235024059785,0.40456586735754785,0.30845229192197965,floresta_aleatoria_com_regime
2024-09-13,expansiva,floresta_aleatoria,1210,2024-08-14,"{'max_depth': 3, 'min_samples_leaf': 100, 'max_features': 0.3333333333333333}",404.64230761133365,0.3969128277644093,0.3121531489255358,floresta_aleatoria_com_regime
2024-10-13,expansiva,floresta_aleatoria,1240,2024-09-13,"{'max_depth': 3, 'min_samples_leaf': 100, 'max_features': 0.3333333333333333}",386.29730868157543,0.40459678710192415,0.3123018468123504,floresta_aleatoria_com_regime
2024-11-12,expansiva,floresta_aleatoria,1270,2024-10-13,"{'max_depth': 2, 'min_samples_leaf': 100, 'max_features': 0.3333333333333333}",365.86908696604604,0.371509310338911,0.26206913074978067,floresta_aleatoria_com_regime
2024-12-12,expansiva,floresta_aleatoria,1300,2024-11-12,"{'max_depth': 1, 'min_samples_leaf': 100, 'max_features': 1.0}",367.71596756778115,0.2891403467216379,0.17500085553635192,floresta_aleatoria_com_regime
2025-01-11,expansiva,floresta_aleatoria,1330,2024-12-12,"{'max_depth': 1, 'min_samples_leaf': 100, 'max_features': 1.0}",361.9330848102338,0.2946902427283479,0.17564147465216184,floresta_aleatoria_com_regime
2025-02-10,expansiva,floresta_aleatoria,1360,2025-01-11,"{'max_depth': 2, 'min_samples_leaf': 100, 'max_features': 1.0}",336.78016916019595,0.39105973962760265,0.28300977750059975,floresta_aleatoria_com_regime
2025-03-12,expansiva,floresta_aleatoria,1390,2025-02-10,"{'max_depth': 2, 'min_samples_leaf': 100, 'max_features': 1.0}",333.80208054799766,0.3878958706246036,0.280083413011338,floresta_aleatoria_com_regime
2025-04-11,expansiva,floresta_aleatoria,1420,2025-03-12,"{'max_depth': 2, 'min_samples_leaf': 100, 'max_features': 1.0}",371.45849803542166,0.37372478897163286,0.28608911008016036,floresta_aleatoria_com_regime
2025-05-11,expansiva,floresta_aleatoria,1450,2025-04-11,"{'max_depth': 3, 'min_samples_leaf': 100, 'max_features': 0.2}",378.60450477467623,0.3485339981865011,0.2634304626956878,floresta_aleatoria_com_regime
2025-06-10,expansiva,floresta_aleatoria,1480,2025-05-11,"{'max_depth': 3, 'min_samples_leaf': 100, 'max_features': 0.2}",371.68131452354044,0.35760747820617655,0.25764015232720117,floresta_aleatoria_com_regime
2025-07-10,expansiva,floresta_aleatoria,1510,2025-06-10,"{'max_depth': 3, 'min_samples_leaf': 100, 'max_features': 0.2}",369.0585139806216,0.3692503718158746,0.24932018730806527,floresta_aleatoria_com_regime
2025-08-09,expansiva,floresta_aleatoria,1540,2025-07-10,"{'max_depth': 6, 'min_samples_leaf': 100, 'max_features': 0.3333333333333333}",358.7419893921105,0.4574140596137184,0.3271314225563646,floresta_aleatoria_com_regime
2025-09-08,expansiva,floresta_aleatoria,1570,2025-08-09,"{'max_depth': 6, 'min_samples_leaf': 100, 'max_features': 0.3333333333333333}",348.0159661610446,0.47473693542973505,0.3309967507139825,floresta_aleatoria_com_regime
2025-10-08,expansiva,floresta_aleatoria,1600,2025-09-08,"{'max_depth': 6, 'min_samples_leaf': 100, 'max_features': 0.3333333333333333}",351.56216933856297,0.4926510585137236,0.3320683256389718,floresta_aleatoria_com_regime
2025-11-07,expansiva,floresta_aleatoria,1630,2025-10-08,"{'max_depth': 6, 'min_samples_leaf': 100, 'max_features': 0.3333333333333333}",342.1649303312581,0.4912818013362622,0.3393034256369263,floresta_aleatoria_com_regime
2025-12-07,expansiva,floresta_aleatoria,1660,2025-11-07,"{'max_depth': 6, 'min_samples_leaf': 100, 'max_features': 0.3333333333333333}",328.4913125053924,0.48994303322964095,0.33925023282986055,floresta_aleatoria_com_regime
2026-01-06,expansiva,floresta_aleatoria,1690,2025-12-07,"{'max_depth': 6, 'min_samples_leaf': 20, 'max_features': 0.3333333333333333}",278.33078932225123,0.6816338675194097,0.5843610305630527,floresta_aleatoria_com_regime
2026-02-05,expansiva,floresta_aleatoria,1720,2026-01-06,"{'max_depth': 6, 'min_samples_leaf': 20, 'max_features': 0.2}",308.7710041100448,0.6047507228770392,0.47551889894268207,floresta_aleatoria_com_regime
