janela,modelo,n,rmse,mae,pct_negativas,media_prev_dias_realizado_pos,r2_oos_vs_media_historica,r2_oos_vs_proxy_retrospectiva,r2_oos_vs_persistencia_viavel,cw_media_vs_media_historica,cw_t_vs_media_historica,cw_p_unilateral_vs_media_historica,r2_dentro_amostra_media
expansiva,Ridge_direto,987,12.966131623748245,9.804991662403468,93.41438703140831,-5.059490661651224,0.22296701034502853,0.4841757639354942,0.6120244385467564,83.10963325318276,3.279211578717859,0.0005204877894339265,0.21136709189693864
expansiva,Ridge_rv_menos_iv,987,15.238215048068444,11.964456345428648,62.51266464032421,0.7412425222282158,-0.07321516814853757,0.2875586987769051,0.4641395372319349,150.64731499524325,3.259739280465824,0.0005575733570340149,0.2164590165401438
expansiva,floresta_direta,987,13.618826820971531,10.0587718353822,100.0,-6.773355631518799,0.14276873878337082,0.4309370820355729,0.5719811329844919,51.41155835018994,3.1683792473168584,0.0007664570649604899,0.19384588824944413
expansiva,floresta_rv_menos_iv,987,14.641486981059703,11.477642947078614,66.76798378926038,-0.842520363952488,0.009193203574873854,0.3422645297460941,0.5052863543085624,132.24790959231834,3.333892864319387,0.00042819818460229154,0.2845788875997418
expansiva,floresta_rv_menos_iv_com_regime,987,15.008103278880897,11.720772230062993,67.57852077001013,-1.1670668350508788,-0.041046731463263875,0.30891333815449284,0.48020136144043335,125.33022820375463,3.2752657343596767,0.0005278131283525389,0.28412583047628004
expansiva,media_historica,987,14.709255684524708,10.407750060322652,100.0,-11.081425619094983,,0.33616172938352473,0.5006961523917823,,,,
expansiva,media_rv_menos_iv,987,18.534734502169375,15.805582769649302,25.126646403242148,9.811813105971687,-0.5877837192987896,-0.05403159833230364,0.20721347978442806,275.25233351239336,3.6663146923653054,0.0001230355420167388,
expansiva,persistencia_viavel,987,20.816525403068,16.124606121407393,69.80749746707193,-9.884023766566482,-1.002788491997877,-0.3295276489384489,,-2.296340783767528,-0.06313809775612844,0.5251717314093508,
expansiva,proxy_retrospectiva,987,18.053422839702023,14.08536532925424,78.31813576494427,-8.459058249325103,-0.5063910055552343,,0.2478531749238594,20.786507979610032,0.7515209749175267,0.22616959121323466,
movel,Ridge_direto,987,13.359884688342575,9.847260430200766,94.63019250253294,-5.175145017184708,0.09515939369866155,0.45237116050707626,0.588102707055266,52.3862127881959,2.863221141588633,0.002096788829555312,0.20802655664691824
movel,Ridge_rv_menos_iv,987,14.369086869258274,11.247196198579571,62.61398176291794,0.6646975873286166,-0.04670669831209473,0.3665107749427995,0.523523090653282,132.5149533246278,2.9807654559931205,0.0014376445841792894,0.1103315282359095
movel,floresta_direta,987,13.523737942516153,10.315912090164497,96.96048632218846,-5.0274288591950524,0.07282832414411955,0.4388559207846041,0.5779372624078657,40.20860295248276,2.410413520725737,0.007967224222560937,0.26942781463563137
movel,floresta_rv_menos_iv,987,14.518708382880634,11.230120569683887,67.88247213779128,-0.14653272697279832,-0.06861834940650291,0.3532493762205936,0.513548571708306,104.70625248602566,2.585960720698911,0.0048553998090646215,0.3095919471888593
movel,media_historica,987,14.044835879754357,10.283485818271636,100.0,-8.830451622326473,,0.39477866523759064,0.5447846945901098,,,,
movel,media_rv_menos_iv,987,15.815692656383835,12.439019398717573,57.041540020263426,2.7547442208478303,-0.26806961523677497,0.23253721489474422,0.42275530281898954,154.87320011902324,3.0423460994919433,0.0011737091012781861,
movel,persistencia_viavel,987,20.816525403068,16.124606121407393,69.80749746707193,-9.884023766566482,-1.1967626925451649,-0.3295276489384489,,-37.61966683358274,-1.1192157334433277,0.8684759425569955,
movel,proxy_retrospectiva,987,18.053422839702023,14.08536532925424,78.31813576494427,-8.459058249325103,-0.6522880846435597,,0.2478531749238594,-15.114948076055892,-0.6119959696480617,0.7297297879354211,
