permutacao,modelo,r2_oos_rv_vs_media_rv
1,floresta_aleatoria,0.003781032930875061
2,floresta_aleatoria,-0.011641864820972625
3,floresta_aleatoria,0.008189010179541545
4,floresta_aleatoria,-0.022350319153091824
5,floresta_aleatoria,0.0005130178833914201
6,floresta_aleatoria,0.027390683208436517
7,floresta_aleatoria,-0.022240434919723606
8,floresta_aleatoria,0.0007358963960766296
9,floresta_aleatoria,0.020725158214939365
10,floresta_aleatoria,-0.013147857531400131
1,Ridge,-0.0018200581134988347
2,Ridge,-0.023458827664256
3,Ridge,0.008295525973876061
4,Ridge,-0.00022958944050488483
5,Ridge,-0.003983426728965789
6,Ridge,0.010918732961049726
7,Ridge,-0.009366300182739096
8,Ridge,0.003662927215404732
9,Ridge,0.0057013488027298775
10,Ridge,0.0007353565081523739
11,Ridge,-0.00026857543488967295
12,Ridge,-0.01339353702169288
13,Ridge,0.0003802245144998162
14,Ridge,-0.002909874888871622
15,Ridge,0.021333131425136487
16,Ridge,-0.008289874221055094
17,Ridge,-0.00020602757228083135
18,Ridge,0.0009025945541430991
19,Ridge,-0.007145955722255071
20,Ridge,-0.0033633275688444986
21,Ridge,0.011220656151200492
22,Ridge,-0.00491504419115385
23,Ridge,0.005649983712154083
24,Ridge,-0.0036158553985148334
25,Ridge,-0.0020576262391085454
26,Ridge,0.0006381218398245903
27,Ridge,0.022426010859996515
28,Ridge,-0.0009217766749807232
29,Ridge,0.0005891523436428736
30,Ridge,0.013918402328602753
31,Ridge,-0.006209835786651352
32,Ridge,-0.013833030551666514
33,Ridge,0.005728051630539466
34,Ridge,0.0012787670462143241
35,Ridge,-0.01855762868310684
36,Ridge,-0.006520449664237926
37,Ridge,-0.0007493117823591522
38,Ridge,0.011018441063366913
39,Ridge,0.0038075950766758293
40,Ridge,0.004539358297273255
41,Ridge,-0.0014625258148857068
42,Ridge,-0.00031096933039220787
43,Ridge,-0.006035029497337696
44,Ridge,0.0016820058652997627
45,Ridge,0.010133756128323013
46,Ridge,0.0024361373326808877
47,Ridge,0.005337603208548702
48,Ridge,-0.008305049903781558
49,Ridge,-0.0023818957245325123
50,Ridge,-0.021948953771024682
51,Ridge,-0.009467079843506143
52,Ridge,-0.009247466184110653
53,Ridge,-0.0052476127725444854
54,Ridge,0.0008184881903831043
55,Ridge,-0.0016397101998864017
56,Ridge,-0.02333316588141332
57,Ridge,-0.006825574877041607
58,Ridge,-0.01156535154240479
59,Ridge,-0.0022477164897853896
60,Ridge,0.0028277211825344928
61,Ridge,0.0032183047207706705
62,Ridge,0.0033769800799510197
63,Ridge,-0.0020373224950644975
64,Ridge,0.0059091836328215575
65,Ridge,0.012916647095633116
66,Ridge,0.002292965117317136
67,Ridge,0.005480207275636251
68,Ridge,-0.012612584323721698
69,Ridge,0.002593020026708137
70,Ridge,0.010936732230183766
71,Ridge,-0.00012037745814685863
72,Ridge,-0.003325755744951975
73,Ridge,-0.001791126083829031
74,Ridge,0.006661910885269462
75,Ridge,0.006711633600074984
76,Ridge,-0.0003003034513526792
77,Ridge,0.007752435296555782
78,Ridge,0.007469770682995036
79,Ridge,0.0193087815898475
80,Ridge,0.0013487702329246787
81,Ridge,-0.0010294137633850564
82,Ridge,-0.009518133787657979
83,Ridge,0.006063692418888489
84,Ridge,-0.003189695806324666
85,Ridge,0.009631751968202429
86,Ridge,0.0015131880096169725
87,Ridge,-0.02894665047074252
88,Ridge,0.0020841667650267626
89,Ridge,0.003829822676358674
90,Ridge,-0.010242592216423985
91,Ridge,0.00768970379939049
92,Ridge,0.009529528189984537
93,Ridge,-0.004917267673971049
94,Ridge,-0.0007714969700147734
95,Ridge,-0.02919647689700522
96,Ridge,0.00012873197278251425
97,Ridge,-0.008603973529252684
98,Ridge,-0.006534797589570651
99,Ridge,-0.005558240841841977
100,Ridge,0.007061664092144482
101,Ridge,0.0007278008898492505
102,Ridge,0.0043479252853966255
103,Ridge,-0.011304405699891218
104,Ridge,-0.008408907250713415
105,Ridge,0.0007569144382877369
106,Ridge,-0.003823790818564543
107,Ridge,0.001990236261828593
108,Ridge,0.025337073985089997
109,Ridge,0.005101989044832722
110,Ridge,-0.003785176910587884
111,Ridge,0.008399056075965361
112,Ridge,0.00149603666839071
113,Ridge,0.006338360184713121
114,Ridge,-0.009152958907788333
115,Ridge,0.004830430371771555
116,Ridge,0.021762760134594994
117,Ridge,0.0006722722429264305
118,Ridge,0.002994808060180043
119,Ridge,-0.003166854051646739
120,Ridge,0.003262016997957362
121,Ridge,0.00500934197198033
122,Ridge,-0.00345956868241859
123,Ridge,-0.003948118893084995
124,Ridge,-0.005479043716229537
125,Ridge,0.0024554505239328117
126,Ridge,-0.00036650371394753023
127,Ridge,0.0006512739568191872
128,Ridge,0.0009294092548448596
129,Ridge,0.00703245288028953
130,Ridge,0.01462676352883252
131,Ridge,-0.017258989044100392
132,Ridge,0.008034340081370717
133,Ridge,-0.01037459751634362
134,Ridge,0.0005321859764081394
135,Ridge,-0.005045997773542421
136,Ridge,0.007876587027668691
137,Ridge,-6.427791021934581e-05
138,Ridge,2.412423519049245e-05
139,Ridge,0.008152916110208075
140,Ridge,-0.0014298193227246792
141,Ridge,0.0019087841314414655
142,Ridge,0.0026664513309243576
143,Ridge,-0.006229645961913999
144,Ridge,-0.009162809175469189
145,Ridge,-0.006758303396795284
146,Ridge,0.005504760018469557
147,Ridge,-0.0001187287041473084
148,Ridge,-0.014248558282014656
149,Ridge,-0.020723558583283452
150,Ridge,0.03748436057761939
151,Ridge,0.005434561222677603
152,Ridge,0.004200466457650709
153,Ridge,-0.0046662327092228395
154,Ridge,-0.0018780761397327872
155,Ridge,0.004599195155457481
156,Ridge,-0.013074640904008117
157,Ridge,0.011517277771762036
158,Ridge,-0.024773831113123146
159,Ridge,-0.008812995433774118
160,Ridge,0.012085457861697901
161,Ridge,0.00903519439373357
162,Ridge,0.015282960590213057
163,Ridge,0.00017507990639975546
164,Ridge,-0.007411985144480715
165,Ridge,-0.004437615028170416
166,Ridge,-0.014891785038355865
167,Ridge,-0.0021678894075121136
168,Ridge,-0.0036016309250186396
169,Ridge,-0.009068571225813171
170,Ridge,0.004128919263583719
171,Ridge,-0.0021193295051260552
172,Ridge,-0.007330489656506067
173,Ridge,0.01091504311366398
174,Ridge,-0.021224995626192733
175,Ridge,-0.022261616900743464
176,Ridge,-0.006270525981898478
177,Ridge,0.0028821860869489013
178,Ridge,0.006422031419829444
179,Ridge,-0.004944092244671294
180,Ridge,-0.004256674245500358
181,Ridge,-0.0032855741463515553
182,Ridge,-0.0024082861960728064
183,Ridge,0.005712927348426544
184,Ridge,-0.0023049898773721544
185,Ridge,0.0029500583394981295
186,Ridge,0.013011726862570239
187,Ridge,-0.017491158000421114
188,Ridge,0.01058624036336897
189,Ridge,-0.003762279546467573
190,Ridge,0.004023794038740536
191,Ridge,-0.002595850769841368
192,Ridge,0.01151377747800919
193,Ridge,-0.006471579322984589
194,Ridge,0.00659671664588668
195,Ridge,-1.8346905534816216e-06
196,Ridge,-0.0034120217661475216
197,Ridge,0.013135891730413074
198,Ridge,0.0010628097788548674
199,Ridge,0.0026171544714960193
200,Ridge,0.003435043770400825
