h,permutacao,r2_oos_vs_media_historica
1,1,-0.00046038965857464476
1,2,-0.0002685467800782604
1,3,-0.007448971775298352
1,4,-0.006930003063642554
1,5,-0.002705489317059273
1,6,-0.002450367034996903
1,7,-0.0025644142710250506
1,8,-0.0014104012011522116
1,9,-0.008568831426160717
1,10,0.0025066710792630564
5,1,-0.007133571897281588
5,2,-0.002572230454607194
5,3,0.0019092854037841
5,4,-0.0024612317248513538
5,5,0.011348420775798673
5,6,-0.00011365520576100963
5,7,-0.010334007583326033
5,8,-0.003207571186301772
5,9,-0.004385181930278481
5,10,0.004726756077890748
10,1,0.0016236600959088632
10,2,0.007470198814729767
10,3,0.003920451557622329
10,4,-0.005758275531201784
10,5,-0.006880706568396233
10,6,0.007604005953934956
10,7,-0.002741935983682442
10,8,0.00153283060675935
10,9,0.0029302346454920247
10,10,-0.01566422329112882
20,1,0.008964340367184187
20,2,0.010758265029295222
20,3,0.00022623605332017238
20,4,-0.017114329450814036
20,5,0.006783218968877236
20,6,-0.009073882059266847
20,7,-0.015001164924680621
20,8,1.1028457193584806e-05
20,9,-0.005625805550127039
20,10,-0.012946338179884442
30,1,-0.01236391797671943
30,2,0.01443963344978405
30,3,-0.028872861400215832
30,4,0.004035626233834022
30,5,0.005396540398172833
30,6,0.012524635092589609
30,7,-0.0055867709703785184
30,8,-0.00131702619435492
30,9,-0.006992206872640239
30,10,-0.008682068033865953
60,1,-0.00038790952072953466
60,2,0.000870920291472177
60,3,0.013026741664594499
60,4,-0.025045927410190405
60,5,-0.01688039325212798
60,6,-0.00812678990831528
60,7,-0.021539243180292322
60,8,-0.00391757037214524
60,9,0.004321881846432896
60,10,-0.020451461922626146
