date,ret,month,weekday,is_month_start,is_month_end,ret_lag_1,ret_lag_5,ret_lag_20,d_iv_1d,d_vrp_1d,vrp_regime_num
2025-10-01,0.02265037796680462,1.0318103455664611,0.07850072124597093,-0.21188475664907186,0.003249458791205726,0.1092315350919778,0.2204606325375908,0.333156856984656,0.1195800816838088,0.7291957977855601,-5.131778973793086
2025-01-09,0.2014949551001858,-4.439467548715549,0.016587370976371182,0.027835137268414738,-0.01717220883492409,0.42778648043731027,-0.43417786497534894,-0.15710543240041952,-0.09485434691354218,0.0320489977361329,-5.131778973793086
2025-11-07,0.8873757217431331,1.3659888851824655,-0.0923997392526488,-0.03105679071772219,-0.0780957312125969,-0.2122889711875722,0.9986476384844728,0.624124410281659,0.11959266562962846,-0.25934508483647295,10.309798082854389
2025-07-07,-0.4647789640621173,0.7127262614031644,-0.02157460219231736,0.005698311653776732,0.005257520947022344,0.0361462716994496,0.1738332165525205,0.29046154419985104,-0.1287999147499811,0.12790132500622084,-5.131778973793086
2025-05-05,0.4303474429448403,-1.773512041707937,0.07317889940008002,-0.019108631041718175,-0.05621233385418424,0.1486790071458302,-0.6580952845895118,0.38014117168809197,0.18530454951548914,0.03832795815980236,10.309798082854389
2025-06-18,0.2276715304403416,0.9391500230912381,-0.12182749568168583,0.014548120173099796,-0.006888637295093397,-0.24438372211009243,0.08126443334687677,0.8821014685587969,-0.16815843095614738,0.502037333137865,-5.131778973793086
2025-05-22,1.0432086014770792,0.7006454382851419,0.06804419691865196,0.006290887557916659,0.0006544116324464222,0.20555729821347957,0.40058032419272077,-0.37567945559933735,-0.14996415980411734,-1.7614204136631457,-15.27454082894147
2025-03-12,0.7337063525346104,1.2288974336679517,-0.055978528645251685,-0.015091628047346275,-0.02562826839404992,0.23410677101638955,-1.3555631101959338,-2.448233798350615,0.5958292396244571,0.22621046743396708,10.309798082854389
2026-01-09,-0.8014765641518197,0.9702810077628858,0.016653379057778563,0.00457414939354249,0.0029722560465688525,-0.3319725032694303,0.2846550783431185,-0.1217867744472402,0.4253639026934415,0.8768699388209629,-15.27454082894147
2024-12-31,0.22160239107480567,-1.1913309893565056,-0.37275989911141455,0.007913094568335749,-0.02828492787439442,-0.11051259775240989,0.6443724704701264,1.0536994323925202,0.30461798594284206,0.5862884767702395,-15.27454082894147
2025-02-11,0.00823923471387392,-1.9107874540091219,-0.1810160053237974,0.006046024718540932,-0.006492579160090963,-0.2657252218396873,-0.012038031383319735,0.11161546751417262,-0.11769250206505152,-0.23888964109775898,-5.131778973793086
2025-05-18,0.06841897099415237,1.1628820523125707,-0.02997852932711069,-0.0005604222225305336,0.00040576426704460114,-0.006207772376879164,0.1414112539930647,0.5563657761365267,0.3485121687304074,0.06916599572625544,-5.131778973793086
2025-04-20,3.6931352619801077,6.925523134031674,1.2283406397349323,0.005112541067646406,-0.04020005459855992,0.9301669152283156,-0.18670325305717372,-0.7574782599165008,0.13558623062681985,0.8535827548016173,10.309798082854389
2025-11-21,-0.12221367276262915,-0.6121826450173037,-0.17302195838043866,-0.009743152706302171,0.0029532415322232816,0.3857957805012951,0.6967637573399813,-2.905657166226277,-0.7323309026927675,-0.25009144321514193,-5.131778973793086
2025-12-17,-1.5350803489713554,1.8494299369478275,0.1987579352394779,-0.055638838647358864,0.02137423094394954,0.17278292133262363,-1.6156043437264453,0.18191971357714026,0.15129037808460777,0.5731979855071946,10.309798082854389
2025-01-25,0.04516104185383822,-4.4752997803189025,0.06728403845172122,0.0060817408174228885,-0.03625073795193452,-0.23151023498839773,0.2936535114344962,2.504161276008772,-0.03609478199234468,-0.11682741248072129,-5.131778973793086
2025-12-05,-1.5213118265097825,1.7240539392030725,-0.1530655672610554,-0.05766021823340425,0.05179542489826194,0.3083691071957757,0.6092600092946788,0.44587195745985386,0.19546495877622347,0.5078834887885787,10.309798082854389
2025-09-14,-0.6049874543299806,-2.554481746570318,0.17026621277969434,-0.005407974530415788,-0.08251693306335892,-0.3735731891313139,1.0301928238514761,-2.2023989934818227,-0.09323669609060063,0.09295970867140672,10.309798082854389
2026-02-08,-0.3550583474669703,-2.0266902535258002,0.37880327816805465,-0.0006613603770393257,-0.020533474060212963,0.12136910426596947,-1.4176462813783037,1.1874432049139547,0.04944004572434618,-0.08523254954810472,10.309798082854389
2025-02-21,-0.6352098634641972,1.4158603908588392,-0.03343360165049249,0.0016579873788537258,0.0024808143755394307,0.6636321198191997,0.26336096507970413,-0.22858003931529236,0.22824066762102507,0.7407724587520048,-15.27454082894147
2025-02-16,-0.5760588941452812,1.3349122348402047,-0.4429480180717188,-4.794794672420555e-06,-0.000761537329725448,0.08558056259958485,0.1276350149535577,0.10751090736089058,-0.4598916314161516,-0.33571903880838005,-15.27454082894147
2025-04-12,1.3107439223099437,7.738001365979409,1.153746317252093,-0.01749436401626224,-0.07521697797287102,0.844348205319564,3.6436316130743567,-0.3765468847596957,-0.28435756984207816,-0.6972379562567069,10.309798082854389
2025-07-16,-0.20730364773818938,0.5964146449223802,-0.026990297319535728,0.009235924244895808,0.0027334078160039313,-0.3656010596780498,0.1032418821438472,0.17960735139212664,0.2144603329742405,0.2498526065982391,-5.131778973793086
2025-03-28,-2.108123806331967,1.7071655252853706,-0.01844734633035741,-0.02303649862557188,-0.051010525791151555,0.020359901996306818,1.970265903386735,-0.39448406930129426,-0.03752493018727135,0.22341801859038019,10.309798082854389
2025-07-09,0.17769450094808983,0.8983181728002657,0.05403168667479335,0.004487815127129199,0.004143500436622136,-0.013734899101615548,0.07612473129965114,0.4582035767240258,0.3627063147867921,-0.2719999465628168,-5.131778973793086
2025-12-18,0.3930215665550843,1.973733480393787,-0.09822775512239648,-0.03564137224607416,-0.0013221577051233768,0.03858657640024077,-1.5561054713258087,0.4606520983813565,0.07849843276131362,0.32591271967694213,10.309798082854389
2025-02-18,-0.5669151859925093,1.31907011416612,0.17756501169121397,0.007792611088226091,-0.0009640226044944911,-0.15494827170893144,0.37759334416098167,0.020732405130486277,-0.1039925931149748,-0.05438189949893266,-15.27454082894147
2026-02-22,-0.1455424846272619,-1.901856137198967,-0.07644169805389518,-0.005841695585552004,0.005630711512513948,-0.02932523900536108,-0.6856424698973095,2.0452893197609057,0.04386895118664336,0.6246645038194081,10.309798082854389
2024-12-10,0.1872067970066766,2.0433884171868777,0.24817275671964706,-0.030839451472966226,-0.0650151831071427,0.5526696598413653,-0.10784093417944043,-2.2380962851131123,-0.03892147643810823,0.21989005968664815,10.309798082854389
2025-09-02,0.7153075288909995,-0.30288951049307744,0.0034697449148531918,-0.026769123466454537,-0.0926389159795911,0.07169361242752467,-1.2382620707172702,-0.455514584375801,-0.037760846781523076,-0.1637744452350915,10.309798082854389
2025-12-20,0.6802431626051384,4.049000207952471,-0.17384934551423473,-0.01013749380667726,-0.032929092737474484,-0.060366904541496055,0.10888958934491826,1.243509482667203,-0.07009059394154919,0.9194891633671487,10.309798082854389
2025-08-06,-0.418458661706774,0.5509177284807781,-0.06142158397838029,0.008958974016636635,-0.00011441737643651945,-0.3543963633353875,0.27794518510233845,0.9884152740246109,0.43547137406876213,0.6554370040384686,-5.131778973793086
2026-01-28,0.19532585789691614,-4.441192842378337,-0.27929987395971323,0.0045307123887246906,-0.01717220883492409,-0.6305377757743966,-0.11014910181628465,-0.19405828922562285,-0.053603690701642843,0.13568855735557456,-5.131778973793086
2025-03-24,1.3046502665215496,1.9598359277411805,-0.8831294905277838,0.004305492383786616,-0.03233655070292242,0.6343230036972949,2.4417255184393074,-0.6599746627766027,-0.5110178630037924,0.6763206231511891,10.309798082854389
2026-02-26,-0.35266383453417,-1.908385981621874,0.05907751767240099,-0.026557646033538232,-0.015537187399015192,0.27464582723495123,-0.12752842421424326,-2.03629117493011,0.012205497143164335,-0.004360742534996574,10.309798082854389
2025-02-15,0.07854394338057268,-2.111961468742063,0.2633234425808904,0.008621452385658937,-0.004174119841664575,-0.1915164836403976,-0.0332940475348975,-0.07848288344759963,0.11340384594647121,0.21290326271464602,-5.131778973793086
2025-09-08,0.8592373334018766,-0.5674489971192603,0.13560292194723125,-0.02731430381449396,-0.08815058064932535,0.011746522955996347,-1.0235752972852639,-0.8642586663904864,0.04608404045553136,-0.27467284269574926,10.309798082854389
2025-10-19,0.6099761931081709,-0.5464077302688848,0.18833100807690498,-0.013872791150001736,-0.10710872337327201,0.08120206338762093,0.46527076245323523,-0.29859916730566916,0.4294556821210428,-0.175413861092674,10.309798082854389
2025-04-04,-0.05142325010011517,0.44154460540388857,-0.026089999240790897,0.0032865456859216755,-0.009490027312183662,0.09969340732938312,0.06161768618567974,0.5834827491899754,0.0076828352763147825,0.07250874798245016,-5.131778973793086
2025-02-17,-0.7304931719403674,1.4703373386211924,0.13802207516051823,0.006768608944959911,0.0018311663243806287,-0.2337872578248834,0.059304361385427405,-0.0054231736282544935,0.009571785188639673,0.5209447443997747,-15.27454082894147
2025-09-16,0.08926090021027959,1.0698124961582631,0.23490419302202045,0.002759534227682641,-0.002724903161560547,0.07173318371455532,0.08346190946230678,0.3228827929243136,0.3975333195465523,-0.4814300983024649,-5.131778973793086
2025-03-01,-0.006857054001364174,0.8208877346081596,0.03199159005794555,0.3293414269581526,-0.004267813683328663,0.1465766486084266,0.9973323041986115,-1.905155340394469,-0.14563159603121234,0.20207192741921143,-5.131778973793086
2025-06-04,-2.7008774521115886e-05,1.0997413831368148,-0.10137478830527641,0.010092883274764656,-0.00034326074663655615,0.12137936859358307,0.07595843753628112,0.45319272340255423,0.12139884253474044,0.2375394280624569,-5.131778973793086
2025-02-12,-0.3066783629360607,-2.0838249727629607,-0.20217870841971233,0.01215312656557082,-0.00267273102661085,0.28660221883974346,-0.12690488350670048,-0.15531361679586406,-0.0684884016265192,0.13227144980906597,-5.131778973793086
2025-05-03,-0.6927830988316832,-1.7579437653099148,0.25912769359872434,-0.04696203816118489,-0.055039766632547525,-0.27362035725939676,2.2728069659349215,-0.4428789018711801,-0.19906963758944426,0.085434130495102,10.309798082854389
2025-02-14,-0.24986735636752505,-1.9684299223457964,0.06670998091077092,0.021559935673845322,-0.01090191373741934,0.25553955230073855,-0.09883666629643242,0.020283873862643576,0.062160130791643245,-0.3843044654947835,-5.131778973793086
2025-02-09,0.08897048268815685,-1.9533415933483735,0.315103959808802,0.012583365431467083,-0.009308127275956854,0.03210074533101308,4.656985295634422e-05,0.3793355526258049,-0.14165112340476674,-0.3116841879781434,-5.131778973793086
2025-07-26,0.17496358688055091,0.6922820788741173,0.20694859027711837,0.017502515196974697,-0.00013981763780163137,-0.1559878353264833,0.2208005550002635,0.0851982845639642,0.31658981694391664,0.614683384741004,-5.131778973793086
2026-01-20,0.1499844561936815,-4.467242358331516,-0.09212063837280074,0.015077594706545544,-0.025260479827077804,0.262806969013017,-0.051093198665899564,0.8449739317837694,-0.08810344019365632,0.045873730922581256,-5.131778973793086
2025-09-25,-0.1858100192710042,1.1272741997450846,0.049139305193645386,0.007402948054481894,-0.009427326986067908,0.01341925541892931,-0.12556903834823185,0.42540604159998047,0.02765470591146768,0.3870374882155204,-5.131778973793086
2025-08-19,0.066746945066663,0.7033432890360423,-0.21555495871853597,0.0017118013518215777,-0.000955339707363792,-0.037521857248669396,-0.2488992916478173,0.7988486405368125,0.17398253493936272,0.1479355424544506,-5.131778973793086
2025-01-03,-0.27367293773496937,-4.435332758984699,0.1137594179157309,0.010941784608296451,-0.01600559904629638,-0.5190623635458462,0.049572254898052795,-0.30917974115573355,-0.057799659431500325,0.08673765779381876,-5.131778973793086
2025-08-05,-0.3259123674919165,0.4944126421203783,-0.12562278124328777,0.014838922384874987,0.0006572683291867776,-0.01040675682729425,-0.08651850843393322,1.0684980397795947,0.4689099355142232,0.5063163777477361,-5.131778973793086
2025-10-14,-0.7064546511508922,-0.34694649421349855,0.28567406429932257,-0.04890444859682615,-0.06431372106948109,-0.29270420503193884,-0.9381831857934989,-2.1182191213200663,0.05970135809041938,0.3161382499971428,10.309798082854389
2026-01-12,0.056906730795834894,1.0218728462296416,0.12852049717479305,0.004942610982524895,0.00651164143221529,0.3444169890201673,0.39643971273950174,0.07849183089895685,0.17536799540051118,0.6442324767033037,-15.27454082894147
2026-02-05,-0.03493631561150919,-1.1379453664774049,0.05429587222521124,-0.013314658488659585,-0.004675418090073165,0.4014379127035069,0.4719259069630174,-2.937718709770816,-0.3559777277694901,-0.259190507040717,-5.131778973793086
2024-12-12,-0.16556109072371217,0.1277415813257026,0.015918276762063317,0.011720908149217293,-0.004970403138965195,-0.09148333984085008,0.20357225701040133,0.8114450343840784,-0.01761060613897011,-0.10704351706513998,-5.131778973793086
2026-01-07,-0.6882894715900278,0.9908600369485576,0.31740920244227167,0.005601320449260393,0.0060973179005553435,-0.10627076111641058,0.5819922452853243,-0.03702881141473007,0.12527387855011765,0.5173833750496498,-15.27454082894147
2024-12-16,0.14472995677785191,0.36456783988228675,-0.04438313697017516,0.023764907149263388,0.0007875510381459144,0.05516612795466668,0.17346045215667433,1.5098880396926242,-0.2481509327481465,0.7684376682492707,-5.131778973793086
2026-02-19,0.6096967847202278,-1.970294608887546,0.2105513905567861,-0.0015246622285116692,0.004195449539886268,0.005418939049086699,-0.8768841236924152,1.8674348691696971,0.546670417863986,0.4126264619425133,10.309798082854389
2026-01-08,-0.7826644421215596,1.0969756682955354,0.10619283245568917,0.0011845277243579047,0.0026848060058404094,-0.7267770373119182,0.21723740190389412,-0.5090064548953531,0.41116574510948845,0.7051944795755385,-15.27454082894147
2024-12-01,0.5610090192169153,1.7541327161926017,0.05218355134537052,0.5715488291122193,-0.06414969166525225,0.5255577904701898,1.7370770863883702,-1.7200982338026651,-0.61103213639223,0.47070613003940304,10.309798082854389
2024-12-20,0.000489818758139509,-0.29590618847223854,0.07379962126902369,0.026902622791661,-0.0007989366808839674,-0.01946014534885599,-0.06323938155191673,0.016148295298873856,0.08504292087874168,0.202860400239103,-5.131778973793086
2025-09-21,-0.13496434212275862,1.0985801245308324,-0.04041545509668159,0.0039514895344679515,0.007061145619134845,-0.022696310743660596,0.10760002413415584,0.7381292465925683,0.28892928319289535,-0.5374302853462113,-5.131778973793086
2025-12-10,0.18277577411211537,2.3963642317755895,0.1848477432409386,-0.026556737484610016,-0.03214036594432442,-0.3249727049665944,0.999092683260037,0.91826630812248,-0.2428418849422128,0.023074183768490207,10.309798082854389
2025-01-26,0.20036120728275714,-4.472481527931566,0.013832008744235139,0.012781143200274611,-0.035280356906438874,-0.07972370277681345,0.34967275728674013,2.509411092197518,-0.0667620431325511,0.07024571406260052,-5.131778973793086
2025-06-11,0.06367370294973698,0.9353017136655423,0.0005205829467900755,0.017413361703479846,0.00479583702927492,0.17276769037461853,0.008142518932938797,0.49690743785764513,0.22915910015903632,0.6753504645787283,-5.131778973793086
2025-12-29,-0.28744531145142227,-0.1856384925708486,-0.023197151707719472,0.013237909139767044,-0.0027989452220910822,-0.04096705899105356,0.04795556682298155,0.25134946869116037,-0.016870144447783297,0.0288811626685858,-5.131778973793086
2025-09-29,0.1676579433818875,1.082040753277726,0.11271751488364581,0.006820263011797927,0.0026865440825802472,0.21756700613113297,-0.06618991676893815,0.33039233821468483,-0.08540638962670204,0.15532719160900968,-5.131778973793086
2025-06-28,0.04353088634141257,1.1803061279592442,-0.06400269925737948,0.0086287311446588,0.01146487039387974,0.027471838255871746,0.19711640832879734,0.6157278713738626,-0.28907930695194495,-0.12739625991945525,-5.131778973793086
2025-10-02,0.15277688604777517,1.024200252455809,-0.02373775467716715,0.0049415253405240035,0.0005381969590366117,-0.08424074543078527,0.07460454798745776,0.3340750884428081,-0.10110935784023903,-0.11332814092911028,-5.131778973793086
2025-12-25,0.20212173581535098,2.2599297516449868,0.042309450069971284,-0.02432983376620125,-0.03604239252201813,-0.3379511957861979,0.10327997942603391,0.8975383427570556,-0.17064043271142026,0.32469811810229493,10.309798082854389
2024-12-26,-0.24762932100119533,-1.3375889955716944,0.33825059361644194,0.002523132868190045,0.0064472804882379775,0.6369132673112519,-0.21828940715307932,-0.5701551965641564,0.18645309952708086,0.8147997653103568,-15.27454082894147
2025-12-04,0.03062569053195142,2.51819156788321,-0.211871812815367,-0.038948204219724024,-0.025380008976490304,-0.17677845191128447,2.0741914507075574,0.40656511110876953,0.1224798393363689,0.9626644914641787,10.309798082854389
2025-06-22,0.04387813109281843,1.073928848067665,0.14731202482616912,0.0016767133330064313,0.003095346246169608,0.09919440322998327,-0.08647285795827725,0.7726860277727022,-0.034556878011922566,-0.4167706335687297,-5.131778973793086
2025-10-04,0.0634362679957688,1.1180370744152732,-0.16223043568808207,0.00409329299150845,0.0014580626224827281,0.006502841502892088,0.06655253225881963,0.6548845655922415,0.03050532514370166,-0.1094671769477161,-5.131778973793086
2025-01-12,0.08697802598757198,-4.436252425655917,0.16703950163421227,0.020038910045321018,-0.01776285465676123,0.06506890926359456,0.10057115277289996,0.06721180710729507,-0.1716436971485057,-0.19803682069876116,-5.131778973793086
2025-05-30,0.13449109364637804,0.7834314228721262,0.12287017420502487,0.013443229068540036,0.003161251941943735,-0.07636791370916625,-0.003919819277696839,0.5939547353431555,0.42823712016860904,0.7304339523097054,-5.131778973793086
2026-02-23,-0.6557993951146343,-2.1371225421673428,0.4756006945951599,-0.021827808440800914,-0.003394863780714059,0.009470955210821197,0.97588768739725,1.3204569909927404,0.14891220610451503,-0.28156349270348074,10.309798082854389
2025-03-27,1.1697401269466117,1.7801894377588638,-0.03116292819919976,0.01681280109238765,-0.03136630447886932,0.43500843828637875,1.9251380275523147,-0.8590600755488612,-0.12014085363776592,0.23442917226579413,10.309798082854389
2025-11-28,0.22869931659128614,-1.4465507561425537,-0.04699553405654316,0.015538236675150826,-0.040175967913097535,-0.1025142686850419,-1.8101009007545028,-0.503409831234412,-0.11113852423922388,0.1531160589582614,10.309798082854389
2025-10-28,-0.6432923102327208,-2.0994816833348247,-0.0117438018964898,-0.04259249576838305,-0.043622591474582625,-0.13974882991520354,0.3953343099009983,-1.7265843173318938,-0.2688914643455659,0.24559316473618037,10.309798082854389
2025-09-23,0.0383800192078835,1.0073928756913944,-0.2235939873095651,0.002023202187079208,-0.0019344754668401826,-0.20306882736862408,0.14385893712554387,0.36505307251305624,-0.1658777834314391,-0.6055106920138433,-5.131778973793086
2024-12-23,0.09393043286430561,-0.21729768732437718,-0.20777642092130572,0.023209458111276483,-0.006302310566464939,-0.2589211371767559,-0.7914930845133437,0.015915376036007966,0.3319458570479319,0.5132322276612579,-5.131778973793086
2025-01-16,-0.7782594847714674,1.0365763262058545,0.061042052483526676,0.0020567267545537615,0.0037571231211844663,0.3215216007138849,0.5831359376063253,-0.011435305985094235,0.1635706579757712,0.490505279831288,-15.27454082894147
2026-02-17,-0.8256627186653714,-2.419659218945159,-0.013182110214001237,-0.004175739935174505,-0.0006104200519947917,0.09222597830227935,1.6911989705130481,2.4038664797582614,0.17384421901731464,0.8985883439555957,10.309798082854389
2026-02-27,-0.9800295200500905,-1.7483258765447927,-0.01800807842873732,-0.024924922420082422,0.0009699617423253623,0.31222201109036957,0.10250769117576837,0.3836204143564033,0.19957522217442217,0.7352770212055625,10.309798082854389
2025-04-17,1.281499218473999,6.368627435602011,0.2583316989821456,0.031671932843855125,-0.039077033684798264,0.7701282765424983,-0.44973486177171906,-0.8673310734523355,-0.6972468164097482,1.1173325473519387,10.309798082854389
2025-03-04,1.1002661780353948,1.929226464731471,0.06803509036378354,-0.008468075492679441,-0.02447219883957683,-0.2817578077641583,0.9546058363012512,-1.7067185230649007,0.2442207482972734,0.07272019044687611,10.309798082854389
2025-01-27,-1.075109886457705,1.1281459988670257,0.1580700270585076,0.002264450603632534,0.0010931124548425736,-0.5263233761425288,0.41189630922913323,-0.27406364567365815,-0.13713481813715356,-0.22605837894616815,-15.27454082894147
2025-05-04,-0.6779704588551166,-1.4376489175049054,0.2303282118163703,-0.04663946810501954,-0.03692805235602008,0.2128697066824712,-0.18723407093571937,0.03806878590618854,-0.27874367226730545,-0.2178633893483935,10.309798082854389
2024-12-25,0.3081342296545767,-0.9140644540257356,0.03491245703878943,0.010625553676937752,0.0004896502391627533,-0.3808447509448815,-0.4148765953054735,-0.5413075078963454,-0.6468823849484373,-0.5533080629782087,-15.27454082894147
2024-12-18,-1.036907590197501,0.3344062984668182,0.04556393789214509,0.011978216760876726,0.0004526169094042076,-0.09665020475819566,0.013078669007205383,1.3258626536151454,0.279582480156191,0.514546587011089,-5.131778973793086
2025-02-05,0.11114814101064008,-1.8885446901505039,-0.1378703029077275,0.004917315090467778,-0.0156425598696828,0.32102938473127896,-0.15257183989764705,0.326383841862662,0.0031687934380584086,-0.22991187582624112,-5.131778973793086
2026-01-16,-0.012793494366499028,-4.463875275511017,0.047860190306100364,0.007604440256897611,-0.033542332851308164,0.13523985008771566,0.08051723511304008,2.48198959569948,0.028941881397434734,0.011164658054658681,-5.131778973793086
2025-10-17,-0.2646059113138386,0.7692192777790573,0.1947884048364774,0.00041367897262393344,-0.005028406880786249,-0.06737844891610541,0.03370821265132056,0.528524519770981,-0.2919763496930002,-0.6056341625331181,-5.131778973793086
2025-01-01,1.0346263856853415,1.1471668965196393,0.19667840355834026,-0.09246126389950415,0.010407464296715283,0.2944728479972656,0.4781245740563864,-0.25497714618214296,0.12019798339758937,0.36162949678903644,-15.27454082894147
2025-02-23,-0.8521652105169348,1.301345553539797,-0.5385910918852302,0.0027004436201199036,-0.0009248437737584964,0.2410361428393936,0.19180725196942738,-0.15768217437740017,-0.008610403184001927,0.7047430614117955,-15.27454082894147
2025-10-11,-0.14789070207633892,0.7333715315546399,0.2790490989535125,-0.002583863035595893,-0.005396383850971746,-0.5225197471294039,-0.29990682260378954,0.6208688368403079,-0.1279474626835611,-0.47111381170167066,-5.131778973793086
2025-04-06,-0.48859704562659323,0.14111641192833907,0.39890761914292694,-0.00019341303461746853,-0.014613155844679176,-0.012878965150507016,0.05819048207684753,0.8138006983547221,0.031693575141851116,0.20875994078713048,-5.131778973793086
2026-02-25,0.865592728944872,-2.223364248028169,-0.06255803172186919,-0.0025738048186116835,-0.028625174495402365,0.4011949327662586,-1.2556136013423889,1.0072653186003366,-0.7747405396177841,-0.7999950454537036,10.309798082854389
2025-11-24,-0.15534995660154932,-0.44985378336516507,-0.04605937937720635,-0.0011096056271796204,-0.00018985022067021656,0.08653649447086709,0.3694332047781651,-3.1092497332060702,1.1711563373324227,-0.14767667363144188,-5.131778973793086
2025-03-05,1.048472549529343,1.9233160067355946,-0.13493089177692963,-0.011626493583826189,-0.02616594605075512,0.36811190623378387,1.964579306490963,-2.349746766580295,2.3390614058595522,0.6050068985016782,10.309798082854389
2025-08-04,-0.26426007556136216,0.6162934246102838,0.16586482577069922,0.026685184080161285,-4.809610831597172e-05,0.3018929334215945,0.019009160076208773,0.8872038398992141,0.41475559255558925,0.6080282460423345,-5.131778973793086
2026-01-04,0.9303639100703768,0.9908450568224891,-0.3565694568006301,0.004343650821042738,0.007090428368195505,0.421312101657763,0.39914303843436416,0.07275861044503261,0.04416749424846792,0.18390034832805108,-15.27454082894147
2025-12-27,-0.14878902289830262,0.11356272974529573,0.03875939399490769,0.004828929362100533,-0.0056937235247727855,0.02309574383434961,-0.11277018040600575,-0.05761365011471322,0.16317645865645652,-0.4220069617925989,-5.131778973793086
2026-01-11,0.09404048395233869,0.9583062223872342,-0.5984940208950227,0.002150573475600187,0.0007890092786759853,0.03285075350942695,0.4233407265016341,-0.3096285831683485,-0.02020128423093523,0.15979343404813265,-15.27454082894147
2025-07-28,-0.04456045476457361,0.6843469710541313,0.013145945709014478,0.01670526616166962,-0.006098548364616978,0.21354949616079735,0.057168508279185695,0.2233561492634492,0.2733961946250085,0.6577788604249327,-5.131778973793086
2025-03-15,1.2025448219635817,1.686935580045645,0.24706922149302746,-0.016323629495262927,-0.03956315408208854,0.45218740007432356,2.4318352508553445,-1.993929006769241,-0.6558417170179722,0.09718674915701336,10.309798082854389
2025-12-14,-1.7050381903696552,1.6858559763621483,-0.03602224170970701,-0.03190098510112127,-0.047903685685468544,-0.21660428741098686,-0.41365947222875427,-0.975344708966125,0.12883045104985996,0.9889447018126633,10.309798082854389
2024-12-06,0.5989518253526315,3.2787657191704778,-0.11258239418729199,-0.03350784969886503,-0.0631176514628083,0.19454850226046333,0.9473922312059008,-2.788590410587779,0.1926314620127856,0.7067024043496223,10.309798082854389
2025-01-15,-0.12483641089882601,-4.439249081193502,-0.21625968941214874,0.00220776641222626,-0.01646149019179103,-0.4699240251047349,-0.027575031277754507,-0.21180140601029668,-0.09460854395959808,0.11920047704775444,-5.131778973793086
2025-05-31,-0.11959893396570714,0.9396518408792349,0.11083872655939536,0.0008608097043375576,0.0330728449428345,-0.40604720275586037,0.07542834011996061,0.4877287247842299,0.1852132013348403,-0.3815596040593833,-5.131778973793086
2025-04-11,2.230344418351431,4.631721474300879,0.08703826258298354,-0.023119622031609572,-0.023011621975081276,-0.42370785255206306,-1.4289145974279427,-3.919724213419975,0.8568383182187123,0.2183328570666104,10.309798082854389
2025-12-31,-0.19084145751131168,-0.08145025045166374,0.04189274953307823,0.010257334607238183,-0.004389382633522343,0.059983659922360565,0.13355131848605833,0.2774310711849872,0.05508435648988061,-0.374646272267747,-5.131778973793086
2025-11-20,-0.02857801142996525,-0.3743478863537579,0.07501951598496648,-0.007608328735066047,0.001777873029551437,-0.015931107727749135,-0.6622620314043164,-2.7489594195336253,-0.8346566795389089,0.4852961120935768,-5.131778973793086
2024-12-17,0.3347891102199711,-1.7342559282350911,-0.31746880481053713,0.006637633797021508,0.006428863167597332,0.6728424206375865,0.28452468755825844,-0.4503530476947546,0.1255112025868076,0.2485891904689238,-15.27454082894147
2026-01-29,-0.4879513045251167,-0.9060239166504417,0.07350615803105241,-0.03173361049665498,-0.006624171069321406,0.07617872650280455,0.008022450478219596,-0.03270438857513473,-0.3119874104385399,0.7445955236955357,10.309798082854389
2026-02-06,0.719909233429374,-1.889963797041709,0.0037857666681927974,0.0032485718874068065,-0.015218380446793476,0.8447164217462756,-1.5567842912459982,0.6216193355497855,-0.6843985341628313,1.9778673945022605,10.309798082854389
2025-12-01,-1.5842374081040858,1.4255980867499005,0.6595145001676006,0.5679247396691001,0.011914055698661169,0.12297106352270556,2.1449241465496764,0.15887066678333592,0.6482784083807428,0.014799338020100859,10.309798082854389
2024-12-04,0.6591815698418452,2.886410262431801,0.1847673924233958,-0.029760661232229355,-0.0647367235718658,-0.31053751189087664,0.6650630220996551,-2.670921367160651,0.23700329905278933,0.11918480547813347,10.309798082854389
2024-12-19,-0.3010840445244197,-0.006226516347397078,0.0521067538949833,0.027846184553721516,-0.0047115788156173455,-0.3499493087427962,0.2455542452420648,1.1829224999303998,0.08046772923407886,0.4806530591537052,-5.131778973793086
2026-02-13,0.5316801785878461,-2.2230327870781252,0.08200014547636247,0.0002921215936601629,-0.02674995829470857,0.29469474325745876,-1.1704677200140083,1.3120452491462071,0.012581877107364248,-0.4213501317822732,10.309798082854389
2025-01-30,-0.10566151765998881,-4.442868044141922,0.04809918244475786,0.006017305713044825,-0.04452384702366563,-0.09572896226300531,0.5903946904471605,2.4233018867191722,-0.04338718204703898,0.04612115741960975,-5.131778973793086
2026-02-01,-0.8312477859760838,-1.8746010669406326,0.06709019625719943,0.4097441273075099,0.0031058850422466724,1.151139334002108,-1.3438523690362727,1.1078751160510067,0.38996714850357134,0.502384401078523,10.309798082854389
2025-08-26,0.1660832601457476,1.9780627647038473,-0.09891135636262398,-0.011001287172179672,-0.1022116502678985,0.5634874583883935,-0.9718247506842737,0.3566810388026589,0.3239064862493666,-0.22983198730129628,10.309798082854389
2025-05-26,0.2002045767356201,0.7029642276166548,-0.11095426082996182,0.01719017409389224,0.002192940355362584,0.24212242534968445,0.0392915457608356,0.32895556619895455,0.13108235831625853,0.6950575532088821,-5.131778973793086
2025-02-02,-0.05154299701561335,-1.8093561101003404,0.2488432476366767,0.0019438066658733488,-0.016561925708013514,0.10268860773511655,0.21806169577529846,2.0745203333311566,-0.11111293732950127,-0.0438714957862262,-5.131778973793086
2025-03-21,1.2919739287291419,1.9333164926771886,0.045947757677633976,0.0030579170747613215,-0.017210214951916318,-1.0142306782763937,-0.738370954508688,-0.04620155660492892,0.2851944033943603,0.44835349738175223,10.309798082854389
2025-09-17,0.15258314640331647,1.4255134535448573,0.04797927467770384,0.005103011832604122,-0.009746076837589938,0.25569606959056784,-0.05462506335828545,0.6201223445555133,0.25604699899393446,0.21331079282226942,-5.131778973793086
2025-07-14,-0.04794024334200707,0.7066898831380769,0.1572593324846642,0.013308102755601226,0.0037431694605964613,0.1467829631222291,-0.1141925351846166,0.33772689698991915,-0.14274665657214447,-0.0546464481605712,-5.131778973793086
2024-12-30,-0.32092701322695993,-0.8955656363575074,-0.7962499338394603,0.006505366633292736,0.010274735375370388,-0.0034755704075679628,0.5915498411764126,1.055844904696655,0.3060262134380226,0.5395409790182044,-15.27454082894147
2025-06-15,0.18190733648074286,1.1373027604755137,0.14075243768406742,0.002693178272560069,0.0010755456907446462,-0.03486019205370168,-0.31139396284876214,0.7930879213750848,-0.12618505382699513,-0.5501246029798541,-5.131778973793086
2025-06-14,-0.2685094688066387,1.1196536448771486,-0.08768425172362355,0.0009457394258379007,0.0017615675457479697,-0.08312445269383761,-0.04935345096308056,0.7246595932535652,-0.22902329731135743,0.04343416001753413,-5.131778973793086
2024-12-27,-0.15201832226335024,-0.8500051458493718,0.39524561639028777,0.008953946649601266,0.004606756851604589,-0.31184996948865784,0.12402265404965745,0.9511484249846361,0.6656067857182012,0.2415511305511331,-15.27454082894147
2024-12-08,0.5645516606275695,1.8253034166989017,0.13046520598531364,-0.023907532193565763,-0.05754083959673574,-0.3641716401251091,4.48901001727853,-2.8623864266937926,-0.4994429877977789,-0.551839442644182,10.309798082854389
2026-01-22,0.13155576361857962,-4.438717406878814,-0.038372556157734244,0.008342852015311535,-0.01776374520660752,-0.4509958318668899,-0.0716715833008168,-0.032077686681969565,-0.05177456143783016,0.07601389607308587,-5.131778973793086
2025-03-19,1.7527332948873724,1.8821265514209091,-0.10465897692441717,-0.02238131459154119,-0.011813611048079375,-0.911414328954886,0.0035475550184357503,-0.4168134791847222,-1.1933847939072784,0.11121347547035529,10.309798082854389
2025-07-23,-0.33226204495521133,0.706592008478235,0.1001758137235613,0.004139376490888538,0.008417925569546798,0.2229723171539279,0.04881023443488358,0.1173996164869232,-0.05417645274945024,-0.538825821426748,-5.131778973793086
2026-02-02,0.1397786740036082,-1.9524068823842353,-0.13029877411363416,-0.0039419303597233975,-0.019616181635045006,-0.021379490510318185,-1.6042428671894602,1.2565579870211914,0.16066464149180343,-0.13955288795353027,10.309798082854389
2025-03-29,-1.994519644114238,1.7008153543471498,-0.09715847352346668,-0.024592068909533443,-0.017760373479951085,0.9552411722966088,-1.1624682503753396,-0.4165537085309758,-0.3632145879123103,-0.7317089969242356,10.309798082854389
2025-03-25,1.8468061470713764,1.5472324671244213,0.017580083267218834,0.00025930119780638756,-0.011668198358845722,0.4626788345291167,-0.1510253773410165,-0.20469164445023424,-0.33208513985590576,1.1086652863044486,10.309798082854389
2025-08-03,-0.12644218446624642,0.7932273867748251,0.03406090078542648,0.01060158683313641,0.00045736982211748434,-0.01993077268756806,-0.1830320838255487,0.9744494870820656,-0.039788925418836205,-0.013474649367666944,-5.131778973793086
2025-04-28,0.9326558870995716,5.921292434687532,-1.7128444229716666,-0.023732382239138247,-0.024478221920925646,-1.1280595829428472,-0.5707960658258614,-0.47396038013609293,-0.9551648256085536,0.8799912700940329,10.309798082854389
2026-01-31,-0.7233543555614383,-0.9063770357258315,0.010163434419279901,-0.015158786518655137,0.11661654662900345,0.2028995832520692,-0.7829827624648039,1.3921224766234257,1.1543473886257407,0.4786976896419482,10.309798082854389
2026-01-01,1.4694222009581748,0.9958732477765567,0.025061698460910407,-0.04116342246930648,0.0029479112303679444,0.09623326279914172,0.19996257911913395,-0.041072627670299275,0.13902428574062667,-1.5911089035004211,-15.27454082894147
2025-11-15,-0.018771881373073968,-0.8246593119648887,-0.11769478385331371,-0.003756875634753007,0.0005381969590366117,0.14224282604321736,0.7172913223897133,-2.4018479673810993,0.47336240878721036,0.6610062902245218,-5.131778973793086
2025-05-07,0.3792851198781432,-1.8307965231979904,-0.11283468947530129,-0.034508717826792365,-0.050884236200763315,0.06831050456061157,-0.19012311593365316,0.3028031172929897,-0.14384036365901312,0.25284417463338027,10.309798082854389
2025-05-25,0.12169631877312165,1.1266021838776041,0.07406974778675392,0.00015021850952269544,0.011802367765780884,0.06126572326936284,0.28755646646170363,0.2578880212398002,0.22449415529432282,-0.554126887488466,-5.131778973793086
2025-07-18,-0.05451905808152162,0.661930249926193,0.023270717530405983,0.017184526059526625,-0.0026338964464738546,-6.740195141338723e-05,-0.028202544234824607,0.28370532216069533,0.19845191470400697,0.563151649302429,-5.131778973793086
2026-01-14,-0.05247804920715615,-4.468433056189125,0.0609365404445469,0.003410811394009436,-0.03787389230427618,-0.046942951890840676,0.24971888190884767,2.66569371858626,-0.07240603974705978,0.03454073520492962,-5.131778973793086
2025-04-21,1.4152407302743741,6.7302792640888205,-1.6634504597986828,-0.020880988880433146,-0.01640640166614878,1.2279915219750754,-0.6415064185632472,-1.2432443927449464,-0.15410612533773155,0.7272520255499997,10.309798082854389
2025-11-01,0.7821640562826224,1.6939184426920673,-0.23817544289657075,0.6773606532595658,-0.05749293560881265,-0.04093178367657002,-0.9739148982782407,0.9183428774972471,-0.1390702506021762,0.08007863220507094,10.309798082854389
2025-10-09,-0.15693446902137792,1.1445736222358749,0.026787315944729717,0.001435044907619358,-0.004659466663107039,0.18101764775663118,0.08390565848833331,0.6509145269182806,-0.17100488128063882,-0.23881422825061324,-5.131778973793086
2025-05-23,-0.2720568696456021,0.5293036089829151,-0.006512658963085255,0.009559415160155373,0.0007815271974126875,0.11577888452072607,-0.14529006849670845,0.22676646298625716,0.20898509006959776,0.5132528322862532,-5.131778973793086
2025-07-27,0.0039547046192017,0.6491838557919831,-0.01171129131770993,0.0001442334602254139,0.003431600135324092,0.04533324520793768,0.19123831911074585,0.3654411782079438,-0.18112744920825255,-0.041449192261537975,-5.131778973793086
2025-03-20,-1.311793791769988,2.426998601730915,-0.2503789706621551,-0.011651153834406415,-0.02150071991785888,0.05784044719351009,1.2832989408673428,-0.7232393568912753,3.1215632947792633,-0.041162465809268356,10.309798082854389
2025-06-23,-0.07182003688565483,0.8034284252350989,-0.04359851390124134,0.008632981041168393,-0.0032911343874004392,-0.16438939164106042,-0.09973603771800522,0.7322097362720846,-0.20418399516155605,0.15438363769359487,-5.131778973793086
2025-04-25,1.226129682404609,7.6157165374833795,0.8911539380338155,-0.006775104162477614,-0.06900758988280692,1.1410304392619515,1.530453158729148,-0.6135773449050106,0.012098877634158766,0.8106499320728101,10.309798082854389
2025-10-20,0.6397161748413163,-0.5346098060067662,0.6017494308601995,-0.019769147228453278,-0.10365703247020425,-0.12081036522913366,-0.5052464063294808,-0.8272703194466481,0.1838251172906128,0.06338777086641163,10.309798082854389
2025-05-02,0.5236811813404494,-1.8302891803959709,0.15170674415267407,-0.03136760881691703,-0.05065796599796896,-0.10371169811182931,-0.015597987083803194,0.19280133487410336,-0.020397961030016898,0.21768313611137485,10.309798082854389
2025-11-02,0.8839021066686444,1.5619303882012316,-0.15057313508551812,-0.03601737998982576,-0.05363404637233507,0.06874943705767597,-1.30982644142808,0.652131778842326,-0.1695407405083001,0.5416218773510201,10.309798082854389
2025-09-11,0.9412524304384825,-2.7338766630791125,-0.05659487970428506,-0.014803735338367525,-0.08149318492744696,-0.12135217181972845,1.4295385353648888,-0.822521159531918,-0.1442992056358889,-0.1073933012156354,10.309798082854389
2025-02-22,-0.04561096066950648,1.3563309526241842,-0.14247530119750332,0.006288117674882285,0.00322887485709316,-0.4230397834788436,-0.08216910260203754,-0.2524007930483648,0.13859030207950357,0.5599017814171535,-15.27454082894147
2025-12-13,0.1813627628993258,2.3114609508477124,-0.2066911942070724,-0.022771901997700086,-0.07945951685479401,0.22700057742045862,-0.1308767469884696,-2.7332558701069685,-0.005350894039160319,0.6956982438575836,10.309798082854389
2025-05-15,0.14462207601966753,0.9177341904851989,-0.03846816206575167,0.016728241394523925,0.002022029654745426,-0.10045519354006338,0.2848008037894786,0.3426857245048852,0.31636086577959466,0.60455572398399,-5.131778973793086
2025-10-29,-0.7904732688434267,-1.4615321583047476,-0.011064536703060636,-0.01424787212309859,-0.05935412921342112,-0.0971447907999554,1.0223527452457875,-0.1594805158812078,0.20808928843081764,0.9596095555981008,10.309798082854389
2025-11-26,-0.42059010996075424,1.563166639839276,0.09003984307977671,0.012623909936975918,-0.04752329469651936,0.7036323486679651,0.9264747962751548,1.137575070816303,0.33402059511526727,0.0046814599762451635,10.309798082854389
2025-02-13,0.07815814357360742,-2.0143171701612483,-0.0554267875049807,0.003102083883533391,-0.009024366253022595,-0.37349317847865027,0.08897613905083371,0.30922425765744727,-0.0518311216113602,-0.17197685708435298,-5.131778973793086
2025-07-20,-0.22120959391824715,0.5666419766364215,0.04430772308723731,0.0028142709198382687,0.0037329166616533738,0.030606646461390496,-0.09950767769855709,-0.1995714406607932,-0.20480299793591347,-0.5009488508639117,-5.131778973793086
2026-01-23,0.11715924516788238,-4.437738628512001,0.20218055714413746,0.01944958286047435,-0.016820373432551244,-0.2090784532225724,-0.0283205611491227,-0.06100618246393184,-0.03360936579410792,0.1542913594920376,-5.131778973793086
2025-10-15,-0.717729622825475,-0.20638377426344554,0.2534065544147271,-0.03887617865671671,-0.06518697526771913,-0.1240780809787918,0.20889646251592545,-0.525297470678411,0.048830366499338626,0.22402012062553286,10.309798082854389
2025-03-30,1.4418991947850768,1.6376111692569149,0.49293394964889914,-0.013226476638620335,-0.0051773395117457694,-1.0762103456917165,-0.4606431771936888,-0.6561460290563874,-0.2345598770402965,-0.005769070856094029,10.309798082854389
2025-08-13,0.22779289745399778,0.4502418692357432,0.07646321287785425,0.010298558292372952,0.009772434476696859,0.5252205358768324,0.11295111382716967,-0.6725335489067746,-0.03420315271019065,0.5639965174293579,-15.27454082894147
2025-08-29,-0.29911987331889944,2.1155213050052932,-0.09670306753127449,-0.06006974725289236,-0.07690328187775462,-0.01752146713532964,-1.1547066269129649,-0.06636950901871128,-0.26282917103972153,0.4625774139938582,10.309798082854389
2025-06-29,-0.10214072567338078,1.4303656395399216,-0.08837568211762194,-0.0020212371959753422,0.010207172899398917,0.11553577285745076,0.17897276382369728,0.5406854428439272,0.19981808430620654,-0.5725233685183224,-5.131778973793086
2025-10-21,-0.7066384041118712,-0.2326846368507612,0.2858706841594494,-0.06579766990264935,-0.07364345235633481,0.3723978479154469,-0.44556128968800685,-0.5715531256603403,0.11802762479653922,0.9174601719265784,10.309798082854389
2025-06-27,0.05795872722380076,1.16426315918432,-0.025751693163019885,0.008655172534916135,0.007286574382337232,0.14384621568501427,0.06183323045599659,0.5155912691161928,-0.08265629551041921,0.07375452548326566,-5.131778973793086
2025-06-30,0.026364618090707538,1.0187511167400112,0.018619154596523933,0.02328245705068674,-0.010497599627606501,0.14214245577233,0.054211321092308216,0.7640150740127429,0.273184920168138,0.7178848984638895,-5.131778973793086
2025-06-12,-0.28641844982370346,0.7778550733153133,0.004489705425717024,0.0033323263606005425,0.007651349766447383,-0.1108034819050592,0.20239742379983444,0.8386842713646703,0.3436024109560697,0.6463460239228154,-5.131778973793086
2025-11-18,0.0057693122205510206,-0.6812790654256856,0.09600253212509537,-0.002231225320338738,0.004284662790732627,0.07716105748579274,0.7444823046189588,-2.6593369564641782,-0.6960333289676311,0.3592963973752392,-5.131778973793086
2026-01-06,-0.6285196256141289,0.9662337804626391,0.21730418081572683,0.004719274714416431,0.005073101898484617,0.647267731460291,0.5596853432095154,-0.14489683541011275,-0.10031266600913258,0.42723233962652896,-15.27454082894147
2025-01-06,-0.18940595372934868,-4.42262042589604,-0.18976731758427573,0.010304744202470899,-0.015808822663573162,-0.31531403460392854,0.015642834520029396,-0.2956642760703179,-0.07208447795176876,0.10670327847335034,-5.131778973793086
2025-04-19,1.6484555441013875,6.42320073668175,0.9242908263326295,-0.021895675045060202,-0.035624326923592735,1.171334117300391,0.2812274212708578,-0.9382323555649288,-0.08823854098961297,-0.6438282310593558,10.309798082854389
2025-10-31,0.6962558068638206,-0.4584090079926263,-0.1191208568723659,-0.01484729301081894,2.547321499839059,-0.07323157260965758,-0.7428729319478824,-0.5835780520072191,0.42758670062824555,0.08648345936369464,10.309798082854389
2025-11-27,0.7395567840298658,-1.3306907540527226,0.046172351025531966,0.01591336438690983,-0.03655957224767371,-0.11338937650845836,-0.6170145434730296,-0.833528717496128,-0.0687165601391729,0.022044317402166235,10.309798082854389
2025-09-05,-0.33542743857631463,-0.998301164015864,0.09698926626518076,-0.01815453021394557,-0.07505685968930936,-0.3859495672369812,0.16985330783185645,-1.320331555340315,-0.20404816758829594,-0.0502513755166325,10.309798082854389
2025-12-19,1.1602898482847408,2.9245844014600344,-0.27173565068095556,-0.020660764220284133,-0.021289536570666318,0.26363330594344003,-1.8680834371287565,0.5307272756155944,0.03825639386738723,-0.46028471137900145,10.309798082854389
2025-01-29,-0.12762545614833803,-4.472027295497914,0.02905026269204812,0.010747484689584287,-0.038708614951376306,0.05992855268204954,0.33921816471875454,2.4635220695550117,-0.045158000722096185,0.07709126991446522,-5.131778973793086
2025-03-22,1.805142598770919,1.3335485950135102,-0.05191509137285944,-0.011843771652551063,0.021027404563051622,0.4068193267610144,-0.344699046224567,-0.5874812548183788,-1.025507578150346,-0.9585794815680267,10.309798082854389
2025-08-11,-0.11607614122689014,0.3601631606497809,0.10563747380603794,0.0059387979648801645,-0.0023504589701046977,0.14775657389439173,0.14366556833356658,0.2458363598308145,0.3060565767104122,-0.6061086315630063,-5.131778973793086
2025-11-19,-0.06832286680162256,-0.7036937679106942,0.02441027151069404,-0.011998276771649379,-0.0019960125793601277,-0.1862511906071686,0.6087496448832758,-2.692564101748044,-0.6176855983383095,-0.02384622867489888,-5.131778973793086
2024-12-07,0.4973310098511295,1.8247781244523449,-0.08422571687138387,-0.018136699075690148,-0.07845185918999152,-0.48254330247997107,1.5177950867672854,-3.2934567763246045,0.2784708385053656,-0.14261951857399163,10.309798082854389
2026-02-20,-0.2277525925785559,-2.254326619025734,0.055020201061530896,-0.0027254702706639537,-0.015703556717300164,0.02138816943245431,-0.9048091188671972,1.6831284085629707,0.4275332476372986,0.42880317756044195,10.309798082854389
2025-10-13,-0.12307344919569134,-0.7912304518927123,0.5008639723234282,-0.031335044689668134,-0.09127579832950407,-0.13997913288756672,-0.8688238516453665,-1.7527373470284835,0.16252915373482665,-0.08745679145223266,10.309798082854389
2025-05-08,1.8687976354479354,-2.148901858356566,-0.0567901041880745,-0.03193590514259642,-0.05057941806978059,0.10659041321619077,-0.5938096277479621,0.5296563136730482,-0.1892726976753237,0.23098798322582906,10.309798082854389
2025-04-30,2.5693902061628093,6.0473521808936965,-0.361220283501168,-0.008561929363476023,0.5020066181501659,0.6908039629801264,-0.44492877945006953,-0.431123571708472,-0.6188601376476466,0.7371336948726079,10.309798082854389
2025-05-27,0.07875787183422804,0.9000974316316654,-0.12903052151035585,0.015213707318075947,-0.0007523471830245161,0.07118013957655198,0.15448819984172502,0.38476976542338914,0.2821758940586858,0.49552527378970807,-5.131778973793086
2025-06-03,0.010561047255613281,1.2462010820653726,-0.12134966442330139,0.006604556559289557,0.002718216012810453,0.05488041672167119,-0.006150319395923875,0.4062729873019334,-0.08240482124169285,-0.07270921172580111,-5.131778973793086
2024-12-11,0.3926999859807631,0.11118532743870412,0.012248938448879136,0.004553095383347871,0.0021137963557075617,-0.18821647621720422,0.2021190685862925,0.2790687713782659,0.20430283824901962,-0.6811745079073661,-5.131778973793086
