etapa,regime,ret_anual,vol_anual,sharpe_geom,max_drawdown,sortino,turnover,pct_tempo,n_dias_posicionado,sharpe,sortino_usual
0. Publicado (Tab. 7.4),Baixa RV,-0.0244,0.0383,-0.6373,-0.1452,-0.0791,0.0124,0.013,,,
0. Publicado (Tab. 7.4),Media RV,0.0241,0.1008,0.2393,-0.1389,0.1194,0.0428,0.0704,,,
0. Publicado (Tab. 7.4),Alta RV,-0.0462,0.2154,-0.2144,-0.3166,-0.0704,0.0242,0.142,,,
"1. Réplica: código antigo, dados pré-T0",Baixa RV,-0.0244407558991101,0.03834986586293338,-0.6373100752546055,-0.14518256449559286,-0.07912618010535451,0.012401352874859075,0.012957746478873239,23.0,,
"1. Réplica: código antigo, dados pré-T0",Media RV,0.02412707311462503,0.10080652109943912,0.23934040031820195,-0.13894601891452918,0.11941335699582922,0.04284103720405862,0.07042253521126761,125.0,,
"1. Réplica: código antigo, dados pré-T0",Alta RV,-0.046189437678261336,0.21542438212641843,-0.2144113735981649,-0.3165739190709548,-0.07037237237626622,0.024239007891770012,0.14197183098591548,252.0,,
"2. Código antigo, dados pós-T0 (tercis por qcut)",Baixa RV,-0.018695698507597447,0.03268254051492647,-0.5720393278196632,-0.11213084194504719,-0.06666546170423998,0.009972299168975069,0.011627906976744186,21.0,,
"2. Código antigo, dados pós-T0 (tercis por qcut)",Media RV,0.01962846165665999,0.10496958975890705,0.18699188690498283,-0.19965805388098423,0.0955689707081112,0.042105263157894736,0.07475083056478406,135.0,,
"2. Código antigo, dados pós-T0 (tercis por qcut)",Alta RV,-0.024965184387147565,0.20130253039485502,-0.12401823433703661,-0.3165739190709548,-0.014597124330296302,0.024930747922437674,0.13953488372093023,252.0,,
"3. Código antigo, pós-T0, retorno simples",Baixa RV,-0.018160913177670213,0.03222797481486727,-0.563513943460459,-0.1099745629222264,-0.0662435533554211,0.009972299168975069,0.011627906976744186,21.0,,
"3. Código antigo, pós-T0, retorno simples",Media RV,0.025251741264253003,0.10519309492465319,0.240051319740522,-0.19535027934218085,0.11958080566014949,0.042105263157894736,0.07475083056478406,135.0,,
"3. Código antigo, pós-T0, retorno simples",Alta RV,-0.005019253734645734,0.20174816871635454,-0.024878806913496674,-0.28432264494748616,0.04579212550302722,0.024930747922437674,0.13953488372093023,252.0,,
"4. Proxy, regime do T9 (corte 37,3), desde 21/06/2023",Baixa volatilidade,0.0,0.0,,0.0,,0.0,0.0,0.0,,
"4. Proxy, regime do T9 (corte 37,3), desde 21/06/2023",Alta volatilidade,0.02744785529186955,0.21277127751518696,0.12900169427196492,-0.27299520320549997,0.18319349238934046,0.061866125760649086,0.2413793103448276,238.0,0.23322681915472573,0.34599422620998926
"5. Ridge do T5, regime do T9",Baixa volatilidade,-0.10974679480960148,0.20795997071215022,-0.5277303821200694,-0.2139515755676834,-0.3400894729325117,0.027210884353741496,0.3006802721088435,221.0,-0.4547519044186335,-0.6145900814273368
"5. Ridge do T5, regime do T9",Alta volatilidade,0.01898230766169573,0.1482369550018173,0.12805381533547433,-0.12564372930630485,0.1123369410564925,0.0761904761904762,0.10884353741496598,80.0,0.19987314979404427,0.32364695471242966
