variante,regime,direcao,quantil,custo_bps,inicio,fim,n_dias,ret_anual,vol_anual,sharpe,sharpe_geom,sortino,sortino_antigo,max_drawdown,giro_anual,n_operacoes,pct_tempo,n_dias_posicionado
ridge,todos,compra_e_manutencao,,0,2024-02-27,2026-03-02,735,0.0939172819421985,0.4921786801870451,0.4271747625073504,0.19081948431107715,0.6370861509719677,0.647712607869103,-0.4953425573570813,0.49659863945578225,1,1.0,735
ridge,todos,comprado,0.6,0,2024-02-27,2026-03-02,735,-0.08986684079203977,0.3184034394963805,-0.137310992771899,-0.28224205408767683,-0.19802575611826986,-0.1593883192034242,-0.4664484692297678,27.809523809523814,56,0.5931972789115646,436
ridge,todos,comprado,0.6,10,2024-02-27,2026-03-02,735,-0.11482601839998485,0.31836147515263985,-0.22468113063763082,-0.3606781201931892,-0.3232742781400153,-0.26268426318113963,-0.47443660574710245,27.809523809523814,56,0.5931972789115646,436
ridge,todos,comprado,0.6,30,2024-02-27,2026-03-02,735,-0.16277969733061148,0.31851992126282724,-0.39918653534668463,-0.5110502874835685,-0.5713898170107519,-0.4730593957121898,-0.4900791336431358,27.809523809523814,56,0.5931972789115646,436
ridge,todos,vendido,0.6,0,2024-02-27,2026-03-02,735,-0.007194686890876878,0.3184034394963805,0.137310992771899,-0.02259613433277207,0.19080395645535556,0.14389337713015402,-0.5801676094133044,27.809523809523814,56,0.5931972789115646,436
ridge,todos,vendido,0.6,10,2024-02-27,2026-03-02,735,-0.03446551311219759,0.3185261733558117,0.0499512124924762,-0.10820308029663128,0.06926544228887675,0.053160122372971845,-0.5942797707363607,27.809523809523814,56,0.5931972789115646,436
ridge,todos,vendido,0.6,30,2024-02-27,2026-03-02,735,-0.0868570480758547,0.31901351538026185,-0.12447209016208677,-0.2722676121490393,-0.1717987014376913,-0.13406310813403408,-0.6211361073597644,27.809523809523814,56,0.5931972789115646,436
ridge,todos,comprado,0.7,0,2024-02-27,2026-03-02,735,-0.13406385636930818,0.29672074841244084,-0.33733890219373414,-0.4518182738706222,-0.47901763459788427,-0.3499792534311305,-0.40599040093217365,24.82993197278912,50,0.507482993197279,373
ridge,todos,comprado,0.7,10,2024-02-27,2026-03-02,735,-0.1553121729428225,0.2967256219595916,-0.4210131321836359,-0.5234201614175842,-0.596501970505073,-0.44215478875540953,-0.4136968066927744,24.82993197278912,50,0.507482993197279,373
ridge,todos,comprado,0.7,30,2024-02-27,2026-03-02,735,-0.19631747706980396,0.2969695492685923,-0.5878893909355698,-0.6610693842291749,-0.8288250203695762,-0.625253516481855,-0.428833499955965,24.82993197278912,50,0.507482993197279,373
ridge,todos,vendido,0.7,0,2024-02-27,2026-03-02,735,0.05745500384079616,0.29672074841244084,0.33733890219373414,0.19363325331376524,0.4756395267899631,0.32186064390228275,-0.48989879923388613,24.82993197278912,50,0.507482993197279,373
ridge,todos,vendido,0.7,10,2024-02-27,2026-03-02,735,0.03150044055486023,0.29679396059469965,0.2535951857104972,0.10613571951309708,0.35683490597077483,0.24700013369957097,-0.5030550488551124,24.82993197278912,50,0.507482993197279,373
ridge,todos,vendido,0.7,30,2024-02-27,2026-03-02,735,-0.018586573420670494,0.2971743497466358,0.08616374741298966,-0.06254433949806566,0.12069364678996375,0.08502167951068129,-0.528395564568569,24.82993197278912,50,0.507482993197279,373
ridge,todos,comprado,0.8,0,2024-02-27,2026-03-02,735,-0.09284773457186668,0.2554151884398193,-0.25425898126416163,-0.36351688847878905,-0.3627045901611585,-0.2375677373798029,-0.2818113943709113,24.82993197278912,50,0.4095238095238095,301
ridge,todos,comprado,0.8,10,2024-02-27,2026-03-02,735,-0.11511795091741195,0.25546289658812016,-0.3514073424510999,-0.4506249340115143,-0.4994736774711454,-0.3334112375964287,-0.2925491037034572,24.82993197278912,50,0.4095238095238095,301
ridge,todos,comprado,0.8,30,2024-02-27,2026-03-02,735,-0.15809460485894333,0.255830161857101,-0.5450154919901583,-0.6179670282476317,-0.7685482259018417,-0.5243222991398031,-0.3135765098954558,24.82993197278912,50,0.4095238095238095,301
ridge,todos,vendido,0.8,0,2024-02-27,2026-03-02,735,0.032723780647359924,0.2554151884398193,0.25425898126416163,0.12811994794534418,0.3569434973671343,0.21708306033643948,-0.39948998787682577,24.82993197278912,50,0.4095238095238095,301
ridge,todos,vendido,0.8,10,2024-02-27,2026-03-02,735,0.007380316557818567,0.2554581964514365,0.15701854235449655,0.02889050600191484,0.21969593626970865,0.13749218112592565,-0.4150042975162066,24.82993197278912,50,0.4095238095238095,301
ridge,todos,vendido,0.8,30,2024-02-27,2026-03-02,735,-0.04152769921690358,0.2558160814313966,-0.03732443344780747,-0.16233420113598393,-0.051849478429706046,-0.03310863964224662,-0.4448848063430444,24.82993197278912,50,0.4095238095238095,301
ridge,todos,comprado,0.9,0,2024-02-27,2026-03-02,735,-0.08169000690206285,0.17821382125553795,-0.3889041197976837,-0.4583819948786624,-0.5296044791368337,-0.2892106330732738,-0.23924295808200868,19.86394557823129,40,0.2653061224489796,195
ridge,todos,comprado,0.9,10,2024-02-27,2026-03-02,735,-0.09973289285845677,0.17806177849369634,-0.500792677820832,-0.5601027559206788,-0.6795487166855058,-0.3772966777378592,-0.2602130242017061,19.86394557823129,40,0.2653061224489796,195
ridge,todos,comprado,0.9,30,2024-02-27,2026-03-02,735,-0.1348136595215509,0.17807444997523325,-0.7238541297967684,-0.757063461604407,-0.9745372790006687,-0.5594173361151925,-0.30049365226680447,19.86394557823129,40,0.2653061224489796,195
ridge,todos,vendido,0.9,0,2024-02-27,2026-03-02,735,0.05492606423785351,0.17821382125553795,0.3889041197976837,0.30820316769424916,0.5735236702515274,0.30455488258847463,-0.19763648402132794,19.86394557823129,40,0.2653061224489796,195
ridge,todos,vendido,0.9,10,2024-02-27,2026-03-02,735,0.034131264601094724,0.1784711523505124,0.2770427772877741,0.19124247337217765,0.40692281922476903,0.22049963493884658,-0.2019779682316205,19.86394557823129,40,0.2653061224489796,195
ridge,todos,vendido,0.9,30,2024-02-27,2026-03-02,735,-0.006296281573685114,0.17929968074965083,0.05419001593226049,-0.03511596644991447,0.07884335929000817,0.04432055948918207,-0.2114934476423287,19.86394557823129,40,0.2653061224489796,195
ridge,alta,compra_e_manutencao,,0,2024-02-27,2026-03-02,735,0.23049194217086066,0.4446641369802342,0.6873846673035952,0.5183506449073186,1.0517510115410935,0.8971695881934718,-0.3938876098629478,9.435374149659863,19,0.691156462585034,508
ridge,alta,comprado,0.6,0,2024-02-27,2026-03-02,735,0.003635386011145325,0.24035069072500162,0.13407336142606918,0.015125340393986091,0.20357706515644178,0.11866137962375288,-0.34559558254110645,35.755102040816325,72,0.2857142857142857,210
ridge,alta,comprado,0.6,10,2024-02-27,2026-03-02,735,-0.031604986510619826,0.24027887905751524,-0.014693247396883175,-0.13153460110430507,-0.022184946204187258,-0.013264542260218068,-0.3579948221287429,35.755102040816325,72,0.2857142857142857,210
ridge,alta,comprado,0.6,30,2024-02-27,2026-03-02,735,-0.09851384781352912,0.24053833189940868,-0.31196974096940183,-0.40955571212128833,-0.465164709069401,-0.2892522199325207,-0.38212872041721146,35.755102040816325,72,0.2857142857142857,210
ridge,alta,vendido,0.6,0,2024-02-27,2026-03-02,735,-0.05956152010074611,0.24035069072500162,-0.13407336142606918,-0.2478108963243784,-0.17837630098395893,-0.09377634762982813,-0.4770968169396752,35.755102040816325,72,0.2857142857142857,210
ridge,alta,vendido,0.6,10,2024-02-27,2026-03-02,735,-0.09264953227286488,0.24055677572527237,-0.28259327496570313,-0.38514621753442185,-0.3743290936911417,-0.20706042138236144,-0.5002436502329413,35.755102040816325,72,0.2857142857142857,210
ridge,alta,vendido,0.6,30,2024-02-27,2026-03-02,735,-0.15546513257834604,0.24137016591028596,-0.577908751162205,-0.6440942358888312,-0.7582747959372538,-0.4332396361355146,-0.5435713176630768,35.755102040816325,72,0.2857142857142857,210
ridge,alta,comprado,0.7,0,2024-02-27,2026-03-02,735,-0.043230814836220044,0.21086111032464852,-0.1052295374586151,-0.20502033196003044,-0.15699127091627849,-0.07432790646401019,-0.3006534987280396,29.795918367346935,60,0.20136054421768707,148
ridge,alta,comprado,0.7,10,2024-02-27,2026-03-02,735,-0.07130051342596189,0.21072847321059815,-0.24669060940268453,-0.33835253651131175,-0.3659590154028337,-0.18226261635376875,-0.30625622041879486,29.795918367346935,60,0.20136054421768707,148
ridge,alta,comprado,0.7,30,2024-02-27,2026-03-02,735,-0.12507180190187595,0.21085316654479638,-0.5291671642304165,-0.5931701380225849,-0.7752672857597471,-0.40039891290240004,-0.31734396695908806,29.795918367346935,60,0.20136054421768707,148
ridge,alta,vendido,0.7,0,2024-02-27,2026-03-02,735,-0.000288829785378919,0.21086111032464852,0.1052295374586151,-0.0013697631817181813,0.14197122274735127,0.058701790560213206,-0.38012530622085083,29.795918367346935,60,0.20136054421768707,148
ridge,alta,vendido,0.7,10,2024-02-27,2026-03-02,735,-0.029695643214150858,0.21112349000107156,-0.036031524771760755,-0.14065532553483337,-0.04839259254226259,-0.021774460612206184,-0.4033624181767893,29.795918367346935,60,0.20136054421768707,148
ridge,alta,vendido,0.7,30,2024-02-27,2026-03-02,735,-0.08602187192140964,0.21203531231296333,-0.31692333348410723,-0.4056959710297768,-0.42146441436666443,-0.19682932676141313,-0.44731985625128745,29.795918367346935,60,0.20136054421768707,148
ridge,alta,comprado,0.8,0,2024-02-27,2026-03-02,735,0.01898230766169573,0.1482369550018173,0.19987314979404427,0.12805381533547433,0.32364695471242966,0.1123369410564925,-0.12564372930630485,27.809523809523814,56,0.10884353741496598,80
ridge,alta,comprado,0.8,10,2024-02-27,2026-03-02,735,-0.009006611232998285,0.1484921434854787,0.012250232637696975,-0.060653789632170385,0.019587718112168452,0.007520709273541979,-0.13613225723998978,27.809523809523814,56,0.10884353741496598,80
ridge,alta,comprado,0.8,30,2024-02-27,2026-03-02,735,-0.06277778640452181,0.14951827512965632,-0.359822130571176,-0.4198669784685745,-0.5596863936702137,-0.22776608709317991,-0.1580971316425538,27.809523809523814,56,0.10884353741496598,80
ridge,alta,vendido,0.8,0,2024-02-27,2026-03-02,735,-0.03996659622924936,0.1482369550018173,-0.19987314979404427,-0.2696129060986135,-0.2543809211664537,-0.07617968858801759,-0.284006813823413,27.809523809523814,56,0.10884353741496598,80
ridge,alta,vendido,0.8,10,2024-02-27,2026-03-02,735,-0.06629386986485286,0.14815506871963818,-0.3876891382657201,-0.44746271887804473,-0.4895892847931535,-0.17191603967777885,-0.3073519039396404,27.809523809523814,56,0.10884353741496598,80
ridge,alta,vendido,0.8,30,2024-02-27,2026-03-02,735,-0.11687607674563472,0.14851174273091589,-0.7612674692364743,-0.7869820567481932,-0.9458408927157905,-0.3495994851199336,-0.35184825891514904,27.809523809523814,56,0.10884353741496598,80
ridge,alta,comprado,0.9,0,2024-02-27,2026-03-02,735,0.02049978126704688,0.06252491793038449,0.35555655583194234,0.3278657844840584,0.5677150760531362,0.1192538255248367,-0.07409993253315816,8.938775510204081,18,0.0326530612244898,24
ridge,alta,comprado,0.9,10,2024-02-27,2026-03-02,735,0.011438858311689115,0.06219111196281832,0.21373422251631838,0.1839307571559095,0.3360471467295182,0.0699612647947288,-0.0759514019678953,8.938775510204081,18,0.0326530612244898,24
ridge,alta,comprado,0.9,30,2024-02-27,2026-03-02,735,-0.006468918505256438,0.061942416622298976,-0.0740232995036109,-0.10443439016435885,-0.11243525607108527,-0.026072314341328513,-0.08516583487994889,8.938775510204081,18,0.0326530612244898,24
ridge,alta,vendido,0.9,0,2024-02-27,2026-03-02,735,-0.023909418184499764,0.06252491793038449,-0.35555655583194234,-0.38239823379089616,-0.45646428038945003,-0.09189313210758616,-0.07609830494434155,8.938775510204081,18,0.0326530612244898,24
ridge,alta,vendido,0.9,10,2024-02-27,2026-03-02,735,-0.03262581336146442,0.06299571263609974,-0.49479430708661454,-0.5179052985705598,-0.6289464543548331,-0.1401411203350194,-0.08623641749922406,8.938775510204081,18,0.0326530612244898,24
ridge,alta,vendido,0.9,30,2024-02-27,2026-03-02,735,-0.049851493117201495,0.06433536497980887,-0.7623718466353269,-0.7748692050297218,-0.948634237838092,-0.2290469354545383,-0.10620985335901556,8.938775510204081,18,0.0326530612244898,24
ridge,baixa,compra_e_manutencao,,0,2024-02-27,2026-03-02,735,-0.11099191758030824,0.21060305688089406,-0.45302760773256334,-0.5270194992614917,-0.6101598748485929,-0.3411217061060074,-0.225320046646717,8.938775510204081,18,0.308843537414966,227
ridge,baixa,comprado,0.6,0,2024-02-27,2026-03-02,735,-0.09316354136814642,0.20880341864499877,-0.3637149137626576,-0.4461782377545276,-0.4934421185610202,-0.273752926031566,-0.19371798889342706,8.938775510204081,18,0.3074829931972789,226
ridge,baixa,comprado,0.6,10,2024-02-27,2026-03-02,735,-0.10121582125625883,0.2086912868509253,-0.406742869800084,-0.48500262173648123,-0.5510070805466794,-0.3084974768009678,-0.19630584383752447,8.938775510204081,18,0.3074829931972789,226
ridge,baixa,comprado,0.6,30,2024-02-27,2026-03-02,735,-0.11713013042455744,0.20859246109748553,-0.4926412172125467,-0.5615261923095906,-0.6652839942297838,-0.376790056102011,-0.2218698378054219,8.938775510204081,18,0.3074829931972789,226
ridge,baixa,vendido,0.6,0,2024-02-27,2026-03-02,735,0.05568342249827829,0.20880341864499877,0.3637149137626576,0.26667869165949604,0.5387989035969775,0.29611176980267156,-0.23188381676075698,8.938775510204081,18,0.3074829931972789,226
ridge,baixa,vendido,0.6,10,2024-02-27,2026-03-02,735,0.046255122522169456,0.2089572816665676,0.3206690925589814,0.22136162067794599,0.4742211474351441,0.2631581216473878,-0.24263042669974588,8.938775510204081,18,0.3074829931972789,226
ridge,baixa,vendido,0.6,30,2024-02-27,2026-03-02,735,0.027622573028359465,0.20938980846417582,0.23462742162834,0.1319193767402742,0.34562957732234456,0.19431526155715229,-0.26370606878487823,8.938775510204081,18,0.3074829931972789,226
ridge,baixa,comprado,0.7,0,2024-02-27,2026-03-02,735,-0.09493725648944185,0.2087828529450199,-0.37314670875102407,-0.4547176894572002,-0.5061881170109994,-0.2808241796591464,-0.19689051779381173,9.931972789115646,20,0.30612244897959184,225
ridge,baixa,comprado,0.7,10,2024-02-27,2026-03-02,735,-0.10386674440809718,0.20868253622469335,-0.42091977986419044,-0.4977260976752814,-0.5701223052799774,-0.31968040564892797,-0.20107209899019307,9.931972789115646,20,0.30612244897959184,225
ridge,baixa,comprado,0.7,30,2024-02-27,2026-03-02,735,-0.12148842630270673,0.20862093058114178,-0.5162595741827541,-0.5823405444711818,-0.6969464249771548,-0.3959835130228607,-0.2295855988411274,9.931972789115646,20,0.30612244897959184,225
ridge,baixa,vendido,0.7,0,2024-02-27,2026-03-02,735,0.05776051658378267,0.2087828529450199,0.37314670875102407,0.2766535458685063,0.5528243293148869,0.3030673058729889,-0.2288374881968509,9.931972789115646,20,0.30612244897959184,225
ridge,baixa,vendido,0.7,10,2024-02-27,2026-03-02,735,0.04727483208101568,0.2089294335387056,0.325347465312372,0.22627176688466777,0.4811630372036254,0.2665928619908822,-0.24114327351202058,9.931972789115646,20,0.30612244897959184,225
ridge,baixa,vendido,0.7,30,2024-02-27,2026-03-02,735,0.026583434706860753,0.2093609669863116,0.2297979262575808,0.1269741685354311,0.3384960989006462,0.19021118882846608,-0.26520458958824666,9.931972789115646,20,0.30612244897959184,225
ridge,baixa,comprado,0.8,0,2024-02-27,2026-03-02,735,-0.10974679480960148,0.20795997071215022,-0.4547519044186335,-0.5277303821200694,-0.6145900814273368,-0.3400894729325117,-0.2139515755676834,9.931972789115646,20,0.3006802721088435,221
ridge,baixa,comprado,0.8,10,2024-02-27,2026-03-02,735,-0.11849872973496778,0.20766759902198598,-0.5032184414201537,-0.5706173244793098,-0.6783381228502128,-0.3792734103177353,-0.2271230697660067,9.931972789115646,20,0.3006802721088435,221
ridge,baixa,comprado,0.8,30,2024-02-27,2026-03-02,735,-0.13577086321766008,0.20722173023654178,-0.600159601744362,-0.6551960697494362,-0.804644059309745,-0.45581423936249366,-0.25459944631897113,9.931972789115646,20,0.3006802721088435,221
ridge,baixa,vendido,0.8,0,2024-02-27,2026-03-02,735,0.07571650797888974,0.20795997071215022,0.4547519044186335,0.36409174188475657,0.6766169089378724,0.36440921318152036,-0.22256473941146226,9.931972789115646,20,0.3006802721088435,221
ridge,baixa,vendido,0.8,10,2024-02-27,2026-03-02,735,0.06500622827465907,0.20829838431896605,0.40633161995856826,0.31208224916000993,0.6027477226177848,0.32776428139401836,-0.22412336974628333,9.931972789115646,20,0.3006802721088435,221
ridge,baixa,vendido,0.8,30,2024-02-27,2026-03-02,735,0.0438728709216043,0.20911241273829764,0.3097581511715951,0.20980519686562468,0.45653313252264177,0.2508833235278383,-0.24007188252222655,9.931972789115646,20,0.3006802721088435,221
ridge,baixa,comprado,0.9,0,2024-02-27,2026-03-02,735,-0.10013700154078586,0.16685213432068197,-0.5486248895578104,-0.6001541541466126,-0.7330669394462317,-0.37276214984186495,-0.26270493684017227,13.904761904761907,28,0.23265306122448978,171
ridge,baixa,comprado,0.9,10,2024-02-27,2026-03-02,735,-0.11256236676838194,0.16681885117447678,-0.63208681109215,-0.6747580742577607,-0.842627033714029,-0.435783147500165,-0.27512552436406346,13.904761904761907,28,0.23265306122448978,171
ridge,baixa,comprado,0.9,30,2024-02-27,2026-03-02,735,-0.13693681940372282,0.16699304638160067,-0.7979584920796843,-0.8200150986574885,-1.0581039431897465,-0.5627599087484948,-0.29937826063628514,13.904761904761907,28,0.23265306122448978,171
ridge,baixa,vendido,0.9,0,2024-02-27,2026-03-02,735,0.08076656397577531,0.16685213432068197,0.5486248895578104,0.48406071821979674,0.8276792462386594,0.40421135753999554,-0.19763648402132827,13.904761904761907,28,0.23265306122448978,171
ridge,baixa,vendido,0.9,10,2024-02-27,2026-03-02,735,0.06582457241927298,0.16696564588332655,0.4649727280644136,0.3942402167285978,0.6995357586770748,0.3472197416576259,-0.20197796823162084,13.904761904761907,28,0.23265306122448978,171
ridge,baixa,vendido,0.9,30,2024-02-27,2026-03-02,735,0.036514047456368104,0.1674325862369686,0.29758214437042574,0.21808208471849977,0.44468179844947614,0.2278968099793887,-0.21149344764232902,13.904761904761907,28,0.23265306122448978,171
ridge_b126,todos,compra_e_manutencao,,0,2023-10-24,2026-03-02,861,0.3456933089629197,0.48566663843648183,0.8532665777115352,0.7117913432881007,1.2872287096990938,1.283145954427629,-0.4953425573570813,0.42392566782810687,1,1.0,861
ridge_b126,todos,comprado,0.6,0,2023-10-24,2026-03-02,861,-0.06372302376020644,0.2983464199559786,-0.07221285824956658,-0.21358735851299593,-0.10431087537679122,-0.07809702354055555,-0.46644846922976746,27.979094076655052,66,0.519163763066202,447
ridge_b126,todos,comprado,0.6,10,2023-10-24,2026-03-02,861,-0.08953466446941116,0.2982373079965307,-0.1660541470914092,-0.30021282404565125,-0.23923887517218362,-0.181458446810728,-0.4744366057471028,27.979094076655052,66,0.519163763066202,447
ridge_b126,todos,comprado,0.6,30,2023-10-24,2026-03-02,861,-0.1391150853940598,0.29827921384600153,-0.353634195971735,-0.4663921551901484,-0.5065357654444212,-0.39249658539396776,-0.49007913364313616,27.979094076655052,66,0.519163763066202,447
ridge_b126,todos,vendido,0.6,0,2023-10-24,2026-03-02,861,-0.022917152482422987,0.2983464199559786,0.07221285824956658,-0.07681390138954723,0.1001803067046269,0.07088312047917793,-0.5801676094133045,27.979094076655052,66,0.519163763066202,447
ridge_b126,todos,vendido,0.6,10,2023-10-24,2026-03-02,861,-0.049937341254374656,0.29854214025877873,-0.02155356137505656,-0.16727066139168348,-0.02983031846389639,-0.021535200590469,-0.5942797707363614,27.979094076655052,66,0.519163763066202,447
ridge_b126,todos,vendido,0.6,30,2023-10-24,2026-03-02,861,-0.10183262370717472,0.29919265081283836,-0.2085373231157629,-0.3403580383091585,-0.28710617904801716,-0.21120582779362193,-0.6211361073597641,27.979094076655052,66,0.519163763066202,447
ridge_b126,todos,comprado,0.7,0,2023-10-24,2026-03-02,861,-0.11597042983346317,0.2742710768253547,-0.3128082090120368,-0.42283142348002195,-0.44412842541836256,-0.30065768414148974,-0.40599040093217387,22.89198606271777,54,0.4355400696864111,375
ridge_b126,todos,comprado,0.7,10,2023-10-24,2026-03-02,861,-0.13598925472148526,0.27428152575592135,-0.39625793275256116,-0.49580172906905834,-0.5612984107819828,-0.3860227824673577,-0.413696806692775,22.89198606271777,54,0.4355400696864111,375
ridge_b126,todos,comprado,0.7,30,2023-10-24,2026-03-02,861,-0.17473404248949798,0.2745372582225589,-0.5626566081186368,-0.6364675003341311,-0.7928786290460071,-0.5555869085997402,-0.428833499955965,22.89198606271777,54,0.4355400696864111,375
ridge_b126,todos,vendido,0.7,0,2023-10-24,2026-03-02,861,0.04916848808950802,0.2742710768253547,0.3128082090120368,0.17926967968560767,0.4410384454478429,0.2765369922000607,-0.4898987992338866,22.89198606271777,54,0.4355400696864111,375
ridge_b126,todos,vendido,0.7,10,2023-10-24,2026-03-02,861,0.025405070760079917,0.27433894035778683,0.22928665606416807,0.09260468356022365,0.32258310487384617,0.20729505035032875,-0.5030550488551122,22.89198606271777,54,0.4355400696864111,375
ridge_b126,todos,vendido,0.7,30,2023-10-24,2026-03-02,861,-0.0205867442702391,0.2747093056837929,0.0623141836960295,-0.0749401052104718,0.0872511143672041,0.0571221664573841,-0.5283955645685691,22.89198606271777,54,0.4355400696864111,375
ridge_b126,todos,comprado,0.8,0,2023-10-24,2026-03-02,861,-0.0798188499610144,0.23596693941574107,-0.23493950528661667,-0.338262852239587,-0.3351159861221364,-0.20280172703153906,-0.2818113943709113,21.196283391405345,50,0.34959349593495936,301
ridge_b126,todos,comprado,0.8,10,2023-10-24,2026-03-02,861,-0.09913802590542997,0.23601380244382242,-0.3247023632017353,-0.4200518142536493,-0.4614819291187384,-0.2846193491676831,-0.2925491037034572,21.196283391405345,50,0.34959349593495936,301
ridge_b126,todos,comprado,0.8,30,2023-10-24,2026-03-02,861,-0.13662320540692596,0.2363613406768551,-0.5035798402720882,-0.5780268677427769,-0.7100897082418425,-0.4475922065827588,-0.3135765098954558,21.196283391405345,50,0.34959349593495936,301
ridge_b126,todos,vendido,0.8,0,2023-10-24,2026-03-02,861,0.027868868641300004,0.23596693941574107,0.23493950528661667,0.11810497144347377,0.32979310258224864,0.1853148076042776,-0.39948998787682577,21.196283391405345,50,0.34959349593495936,301
ridge_b126,todos,vendido,0.8,10,2023-10-24,2026-03-02,861,0.006296877497479869,0.23600477797456182,0.1450888957113262,0.02668114413411829,0.20298508022006742,0.11737137413188774,-0.4150042975162066,21.196283391405345,50,0.34959349593495936,301
ridge_b126,todos,vendido,0.8,30,2023-10-24,2026-03-02,861,-0.03555994363695558,0.23633430604770894,-0.03448883194401493,-0.15046458650728886,-0.04790562227560734,-0.02826347286533255,-0.4448848063430444,21.196283391405345,50,0.34959349593495936,301
ridge_b126,todos,comprado,0.9,0,2023-10-24,2026-03-02,861,-0.07016581493480523,0.16464682947455797,-0.3593475942819037,-0.42615952678060887,-0.48932087460426743,-0.24688712579425814,-0.23924295808200868,16.957026713124275,40,0.2264808362369338,195
ridge_b126,todos,comprado,0.9,10,2023-10-24,2026-03-02,861,-0.08578416085137164,0.16450964848395028,-0.4627234298563109,-0.5214536754647605,-0.6278598189477299,-0.32208252977622126,-0.2602130242017061,16.957026713124275,40,0.2264808362369338,195
ridge_b126,todos,comprado,0.9,30,2023-10-24,2026-03-02,861,-0.11628318339178145,0.1645303761999748,-0.6687915311362119,-0.7067581444683968,-0.9004104996851126,-0.4775513844885789,-0.30049365226680447,16.957026713124275,40,0.2264808362369338,195
ridge_b126,todos,vendido,0.9,0,2023-10-24,2026-03-02,861,0.046703503599533125,0.16464682947455797,0.3593475942819037,0.2836586878021236,0.529899415486663,0.2599858753804052,-0.19763648402132794,16.957026713124275,40,0.2264808362369338,195
ridge_b126,todos,vendido,0.9,10,2023-10-24,2026-03-02,861,0.029064611748283342,0.16488210502742187,0.25599148772197683,0.1762751133208152,0.3759708190610916,0.18823139567950317,-0.2019779682316205,16.957026713124275,40,0.2264808362369338,195
ridge_b126,todos,vendido,0.9,30,2023-10-24,2026-03-02,861,-0.005377356715526971,0.16564509360191731,0.05007309156035508,-0.03246312099318786,0.0728462523342018,0.037834623954179844,-0.2114934476423287,16.957026713124275,40,0.2264808362369338,195
proxy,todos,compra_e_manutencao,,0,2021-11-30,2026-03-02,1554,0.04374383522429426,0.522296472809451,0.3433121461600575,0.08375288270471105,0.4968971525462966,0.47954638509044656,-0.724026464013492,0.23487773487773486,1,1.0,1554
proxy,todos,comprado,0.6,0,2021-11-30,2026-03-02,1554,-0.02959839815487053,0.37028797436770616,0.10392808769447207,-0.07993345775112455,0.15044007857768021,0.11060721184169596,-0.583715637177591,33.11776061776062,141,0.5366795366795367,834
proxy,todos,comprado,0.6,10,2021-11-30,2026-03-02,1554,-0.061248430959604305,0.3703712439907682,0.014486979055718715,-0.16537037351941655,0.020920217328696807,0.015702082420073683,-0.598150346064896,33.11776061776062,141,0.5366795366795367,834
proxy,todos,comprado,0.6,30,2021-11-30,2026-03-02,1554,-0.12157300740148147,0.370781607887407,-0.16416661313867148,-0.32788305788457234,-0.235825166869182,-0.18024714901815073,-0.6352107991639322,33.11776061776062,141,0.5366795366795367,834
proxy,todos,vendido,0.6,0,2021-11-30,2026-03-02,1554,-0.10172463588896419,0.37028797436770616,-0.10392808769447207,-0.27471763311424424,-0.14382613290782967,-0.1032743584785148,-0.7882384475498246,33.11776061776062,141,0.5366795366795367,834
proxy,todos,vendido,0.6,10,2021-11-30,2026-03-02,1554,-0.1310003332423404,0.3702860705754708,-0.19336693270362293,-0.35378142374826443,-0.2670033305452857,-0.19606120984589875,-0.8041004161644403,33.11776061776062,141,0.5366795366795367,834
proxy,todos,vendido,0.6,30,2021-11-30,2026-03-02,1554,-0.18680149110838062,0.37052631189759133,-0.37200219930311884,-0.5041517568663522,-0.5111878351486115,-0.3821969597793986,-0.8366911620064957,33.11776061776062,141,0.5366795366795367,834
proxy,todos,comprado,0.7,0,2021-11-30,2026-03-02,1554,-0.02655713856390529,0.30234298247908875,0.061608865049564886,-0.08783778722478565,0.09010033941669,0.059727732023729004,-0.5110338187337644,31.708494208494212,135,0.3944658944658945,613
proxy,todos,comprado,0.7,10,2021-11-30,2026-03-02,1554,-0.05696131311983821,0.3023598598263819,-0.043264625832835815,-0.18838913721069314,-0.06299098090058633,-0.04236271684605031,-0.5283955845551174,31.708494208494212,135,0.3944658944658945,613
proxy,todos,comprado,0.7,30,2021-11-30,2026-03-02,1554,-0.11503492348239042,0.30268090727499963,-0.2527363727958669,-0.38005345139882196,-0.3644907841470756,-0.2508769727771566,-0.5613395159876111,31.708494208494212,135,0.3944658944658945,613
proxy,todos,vendido,0.7,0,2021-11-30,2026-03-02,1554,-0.06253462561949175,0.30234298247908875,-0.061608865049564886,-0.20683339532716585,-0.0844820726677011,-0.05311115668053379,-0.659506455091212,31.708494208494212,135,0.3944658944658945,613
proxy,todos,vendido,0.7,10,2021-11-30,2026-03-02,1554,-0.09183546008772614,0.3024219210850108,-0.16644131494879982,-0.3036666778593447,-0.2273379788546541,-0.14626259560247015,-0.6835642179858921,31.708494208494212,135,0.3944658944658945,613
proxy,todos,vendido,0.7,30,2021-11-30,2026-03-02,1554,-0.147799816513555,0.3028668555394837,-0.37558580132215985,-0.48800261174266013,-0.508772644322222,-0.334249534439575,-0.7267608337551128,31.708494208494212,135,0.3944658944658945,613
proxy,todos,comprado,0.8,0,2021-11-30,2026-03-02,1554,0.0018360919245519192,0.2477440510750174,0.130851731336544,0.007411245261327978,0.19300501302538997,0.1040339505360467,-0.36357923887071675,25.13191763191763,107,0.2625482625482625,408
proxy,todos,comprado,0.8,10,2021-11-30,2026-03-02,1554,-0.023108135283491982,0.24803426389467806,0.029374249610413967,-0.09316509308288273,0.04311096438129595,0.02375935107253987,-0.38366632165456815,25.13191763191763,107,0.2625482625482625,408
proxy,todos,comprado,0.8,30,2021-11-30,2026-03-02,1554,-0.07121946608699936,0.24889607820177254,-0.17267453627540388,-0.2861413751536249,-0.2507216669932059,-0.14183808088570385,-0.42201435769525164,25.13191763191763,107,0.2625482625482625,408
proxy,todos,vendido,0.8,0,2021-11-30,2026-03-02,1554,-0.061307308601439736,0.2477440510750174,-0.130851731336544,-0.24746228349546023,-0.1781063632012978,-0.09178992597559434,-0.49009698855746664,25.13191763191763,107,0.2625482625482625,408
proxy,todos,vendido,0.8,10,2021-11-30,2026-03-02,1554,-0.08457295541698495,0.247548109865578,-0.232478671215317,-0.34164250118051487,-0.31508619135478305,-0.16672891496340503,-0.5206988133599239,25.13191763191763,107,0.2625482625482625,408
proxy,todos,vendido,0.8,30,2021-11-30,2026-03-02,1554,-0.1294542090338069,0.2474398303445896,-0.4357159910637869,-0.5231744980326183,-0.5853122586566567,-0.31729678987453697,-0.5794340019764381,25.13191763191763,107,0.2625482625482625,408
proxy,todos,comprado,0.9,0,2021-11-30,2026-03-02,1554,-0.02762553358164921,0.1601931916719183,-0.09463921911080349,-0.17245135884568266,-0.13401366212045368,-0.05010838025676273,-0.25362367608174974,12.448519948519948,53,0.1241956241956242,193
proxy,todos,comprado,0.9,10,2021-11-30,2026-03-02,1554,-0.03967290511885213,0.16027803719596254,-0.17225740343614002,-0.2475255238516953,-0.2428849653083314,-0.0932043391150381,-0.2615545779462587,12.448519948519948,53,0.1241956241956242,193
proxy,todos,comprado,0.9,30,2021-11-30,2026-03-02,1554,-0.06335686479182923,0.16067240117610837,-0.32678990310667627,-0.39432325855630673,-0.45658017815501806,-0.18007775458944253,-0.3052797175655223,12.448519948519948,53,0.1241956241956242,193
proxy,todos,vendido,0.9,0,2021-11-30,2026-03-02,1554,0.0023422864919413477,0.1601931916719183,0.09463921911080349,0.014621635710576507,0.13374974287352756,0.0481728868692239,-0.32955257967318263,12.448519948519948,53,0.1241956241956242,193
proxy,todos,vendido,0.9,10,2021-11-30,2026-03-02,1554,-0.010060086465529916,0.16018343081151457,0.016930831138014964,-0.06280353975791335,0.023826247241293584,0.008778892094508273,-0.34942475924023253,12.448519948519948,53,0.1241956241956242,193
proxy,todos,vendido,0.9,30,2021-11-30,2026-03-02,1554,-0.0344424962458143,0.1603891124645531,-0.13831987058202136,-0.2147433558086824,-0.192855536528722,-0.07347332154108939,-0.38747508822193777,12.448519948519948,53,0.1241956241956242,193
proxy,alta,compra_e_manutencao,,0,2023-06-21,2026-03-02,986,0.3537930392309634,0.418373625987573,0.9323209401616416,0.8456389630102357,1.4289578436834443,1.1743557651279344,-0.3938876098629479,9.254563894523326,25,0.6855983772819473,676
proxy,alta,comprado,0.6,0,2023-06-21,2026-03-02,986,0.060927562752955744,0.3435385091722734,0.34365173070874966,0.1773529346091519,0.5060730849982914,0.34374586334717405,-0.3734463056462609,20.36004056795132,55,0.4594320486815416,453
proxy,alta,comprado,0.6,10,2023-06-21,2026-03-02,986,0.03953353232807144,0.3435672054428761,0.284362305617228,0.1150678286570182,0.4179737679553498,0.2871149117242475,-0.37721641514473536,20.36004056795132,55,0.4594320486815416,453
proxy,alta,comprado,0.6,30,2023-06-21,2026-03-02,986,-0.0020301225793875055,0.34379255741287185,0.16573215536447838,-0.0059050800711472765,0.24260971890871647,0.16898756250563232,-0.3846999407902526,20.36004056795132,55,0.4594320486815416,453
proxy,alta,vendido,0.6,0,2023-06-21,2026-03-02,986,-0.16251175436709553,0.3435385091722734,-0.34365173070874966,-0.4730525109358298,-0.46843522045681835,-0.3174134624471481,-0.599511363444903,20.36004056795132,55,0.4594320486815416,453
proxy,alta,vendido,0.6,10,2023-06-21,2026-03-02,986,-0.17941034020784974,0.34356582720636597,-0.40288536533339486,-0.5222007720228976,-0.5482414736954764,-0.37605782724360315,-0.617558357478169,20.36004056795132,55,0.4594320486815416,453
proxy,alta,vendido,0.6,30,2023-06-21,2026-03-02,986,-0.2122397980427787,0.3437884253970515,-0.5210696803975234,-0.6173558571602771,-0.7065089146314536,-0.4903945028348535,-0.6512977215755875,20.36004056795132,55,0.4594320486815416,453
proxy,alta,comprado,0.7,0,2023-06-21,2026-03-02,986,0.030877839928414197,0.2610493261981358,0.24643525533759542,0.11828354578849971,0.36398389040610535,0.2349291319487273,-0.3340612359086649,27.023326572008116,73,0.35496957403651114,350
proxy,alta,comprado,0.7,10,2023-06-21,2026-03-02,986,0.0033785334353968466,0.2610844396862938,0.14289794838085593,0.012940386027816617,0.21016342789379305,0.13595915378774023,-0.35057659164729627,27.023326572008116,73,0.35496957403651114,350
proxy,alta,comprado,0.7,30,2023-06-21,2026-03-02,986,-0.0495162608260048,0.2614422319106956,-0.06402264177578255,-0.18939656559740028,-0.09329503137756001,-0.062022523318251546,-0.38422777798598196,27.023326572008116,73,0.35496957403651114,350
proxy,alta,vendido,0.7,0,2023-06-21,2026-03-02,986,-0.09386860581720757,0.2610493261981358,-0.24643525533759542,-0.359581873603311,-0.3351215194609612,-0.20922379974073568,-0.43585096387405375,27.023326572008116,73,0.35496957403651114,350
proxy,alta,vendido,0.7,10,2023-06-21,2026-03-02,986,-0.11805505777126712,0.2611101545431326,-0.34987181593606737,-0.4521274095135419,-0.47402301974663663,-0.29975915612138304,-0.4639372610048229,27.023326572008116,73,0.35496957403651114,350
proxy,alta,vendido,0.7,30,2023-06-21,2026-03-02,986,-0.16457646659947134,0.2615192633519445,-0.5559886304730529,-0.6293091548594241,-0.7474052119493967,-0.4834154644819779,-0.5160590209459526,27.023326572008116,73,0.35496957403651114,350
proxy,alta,comprado,0.8,0,2023-06-21,2026-03-02,986,0.02744785529186955,0.21277127751518696,0.23322681915472573,0.12900169427196492,0.34599422620998926,0.18319349238934046,-0.27299520320549997,22.581135902636916,61,0.2413793103448276,238
proxy,alta,comprado,0.8,10,2023-06-21,2026-03-02,986,0.004371845796361518,0.21337755212980056,0.12673700719589753,0.020488780346032194,0.18686300986849386,0.09976590613463768,-0.2818110906443899,22.581135902636916,61,0.2413793103448276,238
proxy,alta,comprado,0.8,30,2023-06-21,2026-03-02,986,-0.04030290698276773,0.2148812230029859,-0.08432304690161109,-0.1875589984994068,-0.12270898748079029,-0.06740822267768548,-0.2991495851924225,22.581135902636916,61,0.2413793103448276,238
proxy,alta,vendido,0.8,0,2023-06-21,2026-03-02,986,-0.06979659676862549,0.21277127751518696,-0.23322681915472573,-0.3280358024999104,-0.31599337227011204,-0.1622606373885457,-0.3329251637201295,22.581135902636916,61,0.2413793103448276,238
proxy,alta,vendido,0.8,10,2023-06-21,2026-03-02,986,-0.09047807011200026,0.21226319650014858,-0.3401677980711125,-0.4262541580633218,-0.45849857399356037,-0.2396477501195733,-0.34610038512115504,22.581135902636916,61,0.2413793103448276,238
proxy,alta,vendido,0.8,30,2023-06-21,2026-03-02,986,-0.13053030126139054,0.21154430861151466,-0.5548122600915807,-0.6170352779431173,-0.7398344435476941,-0.397051962141744,-0.3754130453929967,22.581135902636916,61,0.2413793103448276,238
proxy,alta,comprado,0.9,0,2023-06-21,2026-03-02,986,0.01093339946127836,0.14511214861323757,0.14710102338535053,0.07534448056736293,0.22362874071083064,0.08354156288045197,-0.22983467949495284,9.994929006085192,27,0.11359026369168357,112
proxy,alta,comprado,0.9,10,2023-06-21,2026-03-02,986,0.0008356852334816534,0.1454002563379466,0.07806875205354556,0.0057474811566996945,0.1181547649956026,0.044443433147242174,-0.24211681583904854,9.994929006085192,27,0.11359026369168357,112
proxy,alta,comprado,0.9,30,2023-06-21,2026-03-02,986,-0.019087895411578293,0.14617461783748315,-0.059098095000362554,-0.1305828309590671,-0.08856125020064566,-0.03434344518038101,-0.2661322410212744,9.994929006085192,27,0.11359026369168357,112
proxy,alta,vendido,0.9,0,2023-06-21,2026-03-02,986,-0.03142623448659165,0.14511214861323757,-0.14710102338535053,-0.21656515175962915,-0.19546590835779493,-0.06735511613447592,-0.22182850143128197,9.994929006085192,27,0.11359026369168357,112
proxy,alta,vendido,0.9,10,2023-06-21,2026-03-02,986,-0.04103083688644693,0.14489064501926222,-0.216308475737498,-0.2831848590431229,-0.28645578246677544,-0.10029404002368798,-0.2295524202650282,9.994929006085192,27,0.11359026369168357,112
proxy,alta,vendido,0.9,30,2023-06-21,2026-03-02,986,-0.05998333615484197,0.1446485821320281,-0.35486647589851633,-0.4146831947518997,-0.46661379689061505,-0.16823515250221338,-0.2447936066123899,9.994929006085192,27,0.11359026369168357,112
proxy,baixa,compra_e_manutencao,,0,2023-06-21,2026-03-02,986,0.0019266177777510496,0.21639317255420845,0.11656280605304661,0.008903320539230111,0.17097951230784383,0.0924144850022954,-0.2253200466467169,8.884381338742394,24,0.3144016227180527,310
proxy,baixa,comprado,0.6,0,2023-06-21,2026-03-02,986,0.019541902422961055,0.0870877417940397,0.2660498625087897,0.22439326155886735,0.36069439241763046,0.0825495934868587,-0.136378572359673,14.066937119675456,38,0.08113590263691683,80
proxy,baixa,comprado,0.6,10,2023-06-21,2026-03-02,986,0.005304286846318229,0.08704343818168937,0.10457703419101207,0.060938388431375744,0.14090812394899066,0.03846390086915251,-0.14584280447663323,14.066937119675456,38,0.08113590263691683,80
proxy,baixa,comprado,0.6,30,2023-06-21,2026-03-02,986,-0.022618543667531577,0.08742060430088146,-0.21769615733861092,-0.2587324103787225,-0.2891061817876591,-0.08331951884508296,-0.16448897278163166,14.066937119675456,38,0.08113590263691683,80
proxy,baixa,vendido,0.6,0,2023-06-21,2026-03-02,986,-0.02658020776772274,0.0870877417940397,-0.2660498625087897,-0.30521181535036535,-0.39436694637203445,-0.11219095469414643,-0.18649720981608497,14.066937119675456,38,0.08113590263691683,80
proxy,baixa,vendido,0.6,10,2023-06-21,2026-03-02,986,-0.04019586870007397,0.08728726413338977,-0.42659853324394303,-0.4605009573750398,-0.627407401489744,-0.19839443482858102,-0.20821478501194945,14.066937119675456,38,0.08113590263691683,80
proxy,baixa,vendido,0.6,30,2023-06-21,2026-03-02,986,-0.06689806369409779,0.08814692907038228,-0.7416082871966592,-0.7589381093546889,-1.0696333572071532,-0.3646533681350329,-0.2612832225332089,14.066937119675456,38,0.08113590263691683,80
proxy,baixa,comprado,0.7,0,2023-06-21,2026-03-02,986,0.002442622338668654,0.07053393525254038,0.07004033685870996,0.034630455963119956,0.0947688714610646,0.014723673082166624,-0.08204152048785096,5.182555780933063,14,0.034482758620689655,34
proxy,baixa,comprado,0.7,10,2023-06-21,2026-03-02,986,-0.002761263188305607,0.07082062687132364,-0.00342181658904274,-0.038989533279938884,-0.004595463933062825,-0.0008081856326275842,-0.08850735873798565,5.182555780933063,14,0.034482758620689655,34
proxy,baixa,comprado,0.7,30,2023-06-21,2026-03-02,986,-0.013103638648725213,0.07160514273659475,-0.14813805758004236,-0.1829985689286033,-0.19588596615189854,-0.03598766931155727,-0.10132201531464036,5.182555780933063,14,0.034482758620689655,34
proxy,baixa,vendido,0.7,0,2023-06-21,2026-03-02,986,-0.007388955075138259,0.07053393525254038,-0.07004033685870996,-0.10475744829326158,-0.10408866205243246,-0.01841078950569209,-0.09384039779578646,5.182555780933063,14,0.034482758620689655,34
proxy,baixa,vendido,0.7,10,2023-06-21,2026-03-02,986,-0.012506772018287649,0.07031883934698462,-0.14395539602184168,-0.17785805531535637,-0.2119681150177829,-0.041474073218466925,-0.10017728931824721,5.182555780933063,14,0.034482758620689655,34
proxy,baixa,vendido,0.7,30,2023-06-21,2026-03-02,986,-0.02267852804751236,0.07010585136996385,-0.292242195587049,-0.323489802981392,-0.42157332448350093,-0.08696072167652708,-0.11394722506660704,5.182555780933063,14,0.034482758620689655,34
proxy,baixa,comprado,0.8,0,2023-06-21,2026-03-02,986,0.0,0.0,,,,,0.0,0.0,0,0.0,0
proxy,baixa,comprado,0.8,10,2023-06-21,2026-03-02,986,0.0,0.0,,,,,0.0,0.0,0,0.0,0
proxy,baixa,comprado,0.8,30,2023-06-21,2026-03-02,986,0.0,0.0,,,,,0.0,0.0,0,0.0,0
proxy,baixa,vendido,0.8,0,2023-06-21,2026-03-02,986,0.0,0.0,,,,,0.0,0.0,0,0.0,0
proxy,baixa,vendido,0.8,10,2023-06-21,2026-03-02,986,0.0,0.0,,,,,0.0,0.0,0,0.0,0
proxy,baixa,vendido,0.8,30,2023-06-21,2026-03-02,986,0.0,0.0,,,,,0.0,0.0,0,0.0,0
proxy,baixa,comprado,0.9,0,2023-06-21,2026-03-02,986,0.0,0.0,,,,,0.0,0.0,0,0.0,0
proxy,baixa,comprado,0.9,10,2023-06-21,2026-03-02,986,0.0,0.0,,,,,0.0,0.0,0,0.0,0
proxy,baixa,comprado,0.9,30,2023-06-21,2026-03-02,986,0.0,0.0,,,,,0.0,0.0,0,0.0,0
proxy,baixa,vendido,0.9,0,2023-06-21,2026-03-02,986,0.0,0.0,,,,,0.0,0.0,0,0.0,0
proxy,baixa,vendido,0.9,10,2023-06-21,2026-03-02,986,0.0,0.0,,,,,0.0,0.0,0,0.0,0
proxy,baixa,vendido,0.9,30,2023-06-21,2026-03-02,986,0.0,0.0,,,,,0.0,0.0,0,0.0,0
ponte,todos,compra_e_manutencao,,0,2024-02-27,2026-03-02,735,0.0939172819421985,0.4921786801870451,0.4271747625073504,0.19081948431107715,0.6370861509719677,0.647712607869103,-0.4953425573570813,0.49659863945578225,1,1.0,735
ponte,todos,comprado,0.6,0,2024-02-27,2026-03-02,735,-0.044717679921178255,0.3830680623080643,0.07183377668590141,-0.11673559954788448,0.10426844557950425,0.07833641568820088,-0.4474201082353366,26.31972789115646,53,0.5510204081632653,405
ponte,todos,comprado,0.6,10,2024-02-27,2026-03-02,735,-0.06957478282820728,0.3831665682171546,0.003125266793900713,-0.18157842724101309,0.00452834273666047,0.003439548759083815,-0.4551323762164401,26.31972789115646,53,0.5510204081632653,405
ponte,todos,comprado,0.6,30,2024-02-27,2026-03-02,735,-0.11743549344096682,0.3835548291536954,-0.13411891630627212,-0.3061765476922438,-0.19357491069908925,-0.14921126597559375,-0.4702579625805745,26.31972789115646,53,0.5510204081632653,405
ponte,todos,vendido,0.6,0,2024-02-27,2026-03-02,735,-0.09619964195012976,0.3830680623080643,-0.07183377668590141,-0.2511293720768759,-0.0992319800434786,-0.07201506929518277,-0.531513875193018,26.31972789115646,53,0.5510204081632653,405
ponte,todos,vendido,0.6,10,2024-02-27,2026-03-02,735,-0.11967545296120663,0.38303338229406414,-0.14055420760471207,-0.31244131319428664,-0.19384892140759286,-0.14320025012987916,-0.5479048621998404,26.31972789115646,53,0.5510204081632653,405
ponte,todos,vendido,0.6,30,2024-02-27,2026-03-02,735,-0.1648796572167004,0.38315553737885377,-0.2778934373367203,-0.4303204342148705,-0.3819360398331245,-0.2858200359422937,-0.5843749947064145,26.31972789115646,53,0.5510204081632653,405
ponte,todos,comprado,0.7,0,2024-02-27,2026-03-02,735,-0.09299254122651568,0.2877253860621908,-0.19584100007477756,-0.3231989450052061,-0.2804136770920224,-0.19825821724711848,-0.33954266901156116,30.292517006802722,61,0.3945578231292517,290
ponte,todos,comprado,0.7,10,2024-02-27,2026-03-02,735,-0.12012574864389758,0.28793486118157624,-0.30090466991243037,-0.417197654187988,-0.428973959616683,-0.30077645840056333,-0.3699516365385008,30.292517006802722,61,0.3945578231292517,290
ponte,todos,comprado,0.7,30,2024-02-27,2026-03-02,735,-0.172057165595063,0.28864260776683437,-0.510063221479271,-0.5960906704877433,-0.7204493416688464,-0.517676208812396,-0.44157363722163423,30.292517006802722,61,0.3945578231292517,290
ponte,todos,vendido,0.7,0,2024-02-27,2026-03-02,735,0.014940498799469237,0.2877253860621908,0.19584100007477756,0.05192624468749484,0.2739687413089288,0.17801352111905613,-0.3817118173874129,30.292517006802722,61,0.3945578231292517,290
ponte,todos,vendido,0.7,10,2024-02-27,2026-03-02,735,-0.015321347533282847,0.28761248906217035,0.09059380707520634,-0.053270800524837375,0.1262241544072276,0.08312751771798639,-0.39090560491557846,30.292517006802722,61,0.3945578231292517,290
ponte,todos,vendido,0.7,30,2024-02-27,2026-03-02,735,-0.07324932506431103,0.28767678696948945,-0.12002749346178361,-0.2546236901348587,-0.16581830019636795,-0.11160861548413857,-0.4097065911284432,30.292517006802722,61,0.3945578231292517,290
ponte,todos,comprado,0.8,0,2024-02-27,2026-03-02,735,-0.02195141846900106,0.22794340024452564,0.016013075621390774,-0.09630205763997877,0.023731404967965913,0.013742581783138684,-0.27299520320550086,21.353741496598637,43,0.25170068027210885,185
ponte,todos,comprado,0.8,10,2024-02-27,2026-03-02,735,-0.04277979011725297,0.2286639686424657,-0.0774221959681248,-0.18708583766488623,-0.11413970544413496,-0.06535315978088536,-0.28181109064439,21.353741496598637,43,0.25170068027210885,185
ponte,todos,comprado,0.8,30,2024-02-27,2026-03-02,735,-0.08317510950108642,0.2303606638026045,-0.26224594332672013,-0.36106472402058615,-0.3822834687264944,-0.22501187043012758,-0.2991495851924225,21.353741496598637,43,0.25170068027210885,185
ponte,todos,vendido,0.8,0,2024-02-27,2026-03-02,735,-0.029303270402408432,0.22794340024452564,-0.016013075621390774,-0.12855502888424683,-0.02172405679038966,-0.011337113631786517,-0.33292516372012904,21.353741496598637,43,0.25170068027210885,185
ponte,todos,vendido,0.8,10,2024-02-27,2026-03-02,735,-0.04968164958173482,0.22730913005268805,-0.10999917335619361,-0.21856425023587525,-0.14858630945795698,-0.07830872579792544,-0.3461003851211556,21.353741496598637,43,0.25170068027210885,185
ponte,todos,vendido,0.8,30,2024-02-27,2026-03-02,735,-0.08922165891338962,0.22630228805192965,-0.29920731238815745,-0.39425875752929157,-0.4006053992042594,-0.21613194617130368,-0.3754130453929966,21.353741496598637,43,0.25170068027210885,185
ponte,todos,comprado,0.9,0,2024-02-27,2026-03-02,735,-0.03832945448028646,0.16114815794847234,-0.1622946080939349,-0.23785226569293105,-0.2380163946808341,-0.09983614038918656,-0.22983467949495284,9.435374149659863,19,0.1292517006802721,95
ponte,todos,comprado,0.9,10,2024-02-27,2026-03-02,735,-0.047416387010665084,0.16148742690701234,-0.2203815614045264,-0.29362277868213466,-0.32192702702677156,-0.13389284098017107,-0.24211681583904832,9.435374149659863,19,0.1292517006802721,95
ponte,todos,comprado,0.9,30,2024-02-27,2026-03-02,735,-0.06536031296272693,0.16233401818622784,-0.3354786642797875,-0.40262856604551167,-0.48586826602158173,-0.20706394790168534,-0.26613224102127464,9.435374149659863,19,0.1292517006802721,95
ponte,todos,vendido,0.9,0,2024-02-27,2026-03-02,735,0.013210469808301095,0.16114815794847234,0.1622946080939349,0.08197716918691175,0.22213923670620422,0.08036855591935484,-0.14665982569644054,9.435374149659863,19,0.1292517006802721,95
ponte,todos,vendido,0.9,10,2024-02-27,2026-03-02,735,0.003738753650572635,0.16086539885640103,0.10392603448906147,0.0232415030028309,0.14177094905177023,0.05174966107107071,-0.14835409245043696,9.435374149659863,19,0.1292517006802721,95
ponte,todos,vendido,0.9,30,2024-02-27,2026-03-02,735,-0.014967556884630473,0.16047054546249462,-0.013414582118285907,-0.09327292333613155,-0.018171384387791433,-0.006802688144139923,-0.15173757534834087,9.435374149659863,19,0.1292517006802721,95
