variavel,adf_stat,adf_p,kpss_stat,kpss_p,classificacao,nota
close,-1.0602,0.7307,4.4658,<=0.01,I(1),Série I(1) confirmada — removida das features de AM (E3)
ret,-7.5924,0.0,0.2498,>=0.1,I(0),
rv_30d,-5.0949,0.0,2.337,<=0.01,Inconclusivo,"Inconclusivo: ADF rejeita mas KPSS rejeita; processo de longa memória, mantido em nível"
iv_30d,-2.7698,0.0627,4.2218,<=0.01,I(1),ADF borderline (p=0.063); KPSS rejeita; mantida em nível (longa memória — ver nota metodológica)
vrp_30d,-6.5691,0.0,0.9085,<=0.01,Inconclusivo,"Inconclusivo: herda persistência de IV e RV; variável central da dissertação, mantida em nível"
ret_fut_1d,-8.0359,0.0,0.2168,>=0.1,I(0),
ret_fut_5d,-6.9278,0.0,0.2183,>=0.1,I(0),
ret_fut_20d,-5.9221,0.0,0.2204,>=0.1,I(0),
ret_fut_60d,-4.6131,0.0001,0.3296,>=0.1,I(0),
month,-3.7042,0.0041,0.0542,>=0.1,I(0),
weekday,-14.0658,0.0,0.1807,>=0.1,I(0),
is_month_start,-24.1208,0.0,0.0081,>=0.1,I(0),
is_month_end,-24.1208,0.0,0.0073,>=0.1,I(0),
ret_lag_1,-7.5907,0.0,0.2509,>=0.1,I(0),
ret_lag_5,-6.8027,0.0,0.2467,>=0.1,I(0),
ret_lag_20,-5.3503,0.0,0.2812,>=0.1,I(0),
d_iv_1d,-11.9252,0.0,0.0243,>=0.1,I(0),
d_vrp_1d,-11.0994,0.0,0.0148,>=0.1,I(0),
vrp_regime_num,-7.0008,0.0,1.0517,<=0.01,Inconclusivo,Variável discreta (0/1/2); testes de raiz unitária têm poder limitado
