date,close,ret,rv_30d,iv_30d,bvrp_30d,ret_fut_1d,ret_fut_5d,ret_fut_20d
2023-02-27,23492.09,-0.0026679753126395,52.18036806752361,50.44,-1.7403680675236115,-0.0149207669475129,0.1989341944458751,0.2258211168099559
2023-02-28,23141.57,-0.0150332013979481,51.29261048799675,50.37,-0.9226104879967494,0.2295073324757135,0.2172903567044068,0.2204725089957164
2023-04-01,28452.73,0.2066135464429991,87.22413840949916,58.17,-29.05413840949916,-0.0098711090289052,-0.0147230160339623,-0.0418198886363452
2023-04-02,28171.87,-0.0099201514277657,87.40317737733587,60.28,-27.123177377335864,-0.0132000467132639,-0.0094257143739481,-0.0126019323530883
2023-04-03,27800.0,-0.0132879416650637,87.38082680313167,61.83,-25.55082680313167,0.0131464028776979,0.0049776978417266,-0.0075323741007194
2023-04-04,28165.47,0.0130607388888046,87.23610191064263,59.65,-27.58610191064264,0.000161190280155,0.0056200020805616,-0.0232390938265898
2023-04-05,28170.01,0.0001611772903976,87.20905263891748,58.02,-29.18905263891748,-0.0048345740736336,0.0520883734155579,0.0046425258634981
2023-04-06,28033.82,-0.0048462984303144,87.21454956266902,57.06,-30.15454956266902,-0.0045477212880726,0.0772852219212365,0.0136074926642177
2023-04-07,27906.33,-0.0045580936314943,86.90565234153088,54.5,-32.40565234153088,0.001148484949472,0.0710139957493514,0.0561320675273315
2023-04-08,27938.38,0.0011478259451552,86.78291678503525,55.26,-31.522916785035257,0.0137939279228072,0.0871725561754117,0.0491553196713625
2023-04-09,28323.76,0.0136996576150219,86.67474988246433,58.56,-28.114749882464324,0.0463773171358605,0.0756668606145511,0.0320116396975542
2023-04-10,29637.34,0.0453340244367836,87.43026292862072,62.16,-25.270262928620724,0.0189990059836677,0.0221932872518249,-0.0136358391137666
2023-04-11,30200.42,0.0188207787579409,84.69589047782067,60.18,-24.51589047782067,-0.0103425713947024,0.0034512765054262,-0.0706003426442414
2023-04-12,29888.07,-0.0103964274481094,84.77042155869745,55.87,-28.90042155869745,0.0162529731762539,-0.0153171482802335,-0.0407590720979975
2023-04-13,30373.84,0.0161223075102938,84.79087038462107,55.47,-29.32087038462108,0.0030648084009134,0.0002031353296125,-0.0443697602937264
2023-04-14,30466.93,0.0030601214496096,84.67822506228936,53.46,-31.21822506228936,-0.0056402138318498,-0.0548079507846704,-0.0534602600261988
2023-04-15,30295.09,-0.0056561799008825,84.78782440770367,53.81,-30.977824407703665,0.0003155626868909,-0.0677152634304766,-0.0260596684149146
2023-04-16,30304.65,0.0003155129074583,84.81182799346968,56.4,-28.41182799346968,-0.0288529978072672,-0.1003743649901913,-0.048060281177971
2023-04-17,29430.27,-0.0292774295720322,80.64698135882918,55.6,-25.04698135882918,0.0322708558229332,-0.0548217872279119,-0.0339843976966572
2023-04-18,30380.01,0.0317610898162718,79.78216333702376,55.63,-24.15216333702376,-0.0521036694852964,-0.0918172837994457,-0.0892435519277313
2023-04-19,28797.1,-0.0535101387040663,81.57038315643757,55.71,-25.86038315643757,-0.0192189491302943,-0.0446631778894401,-0.0405884620326352
2023-04-20,28243.65,-0.0194060340625738,82.02143694082127,56.11,-25.911436940821275,-0.0347267438875641,0.0020231096193303,-0.0228334510589106
2023-04-21,27262.84,-0.0353440507714546,82.94163086812945,54.82,-28.12163086812945,0.0203210670641795,0.0422718249456035,-0.0107919791188298
2023-04-22,27816.85,0.0201173493975318,82.85725849886398,54.53,-28.327258498863984,-0.0081335593354388,0.0595293859657006,-0.0367345691550266
2023-04-23,27590.6,-0.0081668171884152,82.67215560270358,54.22,-28.452155602703584,-0.0028875776532586,0.0623799409943968,-0.0295506440599334
2023-04-24,27510.93,-0.0028917547486732,82.53257298225016,52.72,-29.81257298225016,0.0287107705919065,0.0625031578358128,-0.02156633745206
2023-04-25,28300.79,0.0283063392000716,82.77710435186313,52.38,-30.397104351863128,0.0040458234558116,0.0329467834643484,-0.0402338591961567
2023-04-26,28415.29,0.0040376611202662,81.6625404597578,55.47,-26.192540459757808,0.037215175351017,-0.012212791071286,-0.048616431505714
2023-04-27,29472.77,0.0365394056503652,82.25692581851274,55.07,-27.18692581851274,-0.00546504451397,-0.0272424342876492,-0.0701379612435478
2023-04-28,29311.7,-0.0054800325013604,82.3219295417553,50.73,-31.5919295417553,-0.0027719306624999,-0.0097415025399414,-0.0849633422831156
2023-04-29,29230.45,-0.0027757795765594,82.32357915988929,50.68,-31.64357915988929,9.442208382015592e-05,-0.0134205939354338,-0.080402114917834
2023-04-30,29233.21,9.441762633578725e-05,81.97577333446652,53.3,-28.675773334466527,-0.0398502251377799,0.0093181693012844,-0.0728890190300688
2023-05-01,28068.26,-0.0406659912079254,42.23187900548274,53.19,10.95812099451726,0.0214334625659018,0.0277872586330609,-0.0470453102543584
2023-05-02,28669.86,0.0212069961651957,42.74621344838029,53.21,10.463786551619712,0.0124276853810936,-0.0083627893543952,-0.0635018796743339
2023-05-03,29026.16,0.0123510956020622,42.63435291985272,52.92,10.285647080147278,-0.0064769159957775,-0.0467636780063225,-0.062238684000915
2023-05-04,28838.16,-0.0064979822282647,42.508951475522814,51.9,9.391048524477185,0.0231446805205326,-0.041954479758764,-0.087007978317618
2023-05-05,29505.61,0.0228809046533425,43.199951665852616,51.67,8.470048334147386,-0.0222808476083022,-0.0646270319440946,-0.1027540186425564
2023-05-06,28848.2,-0.0225328154308164,43.96300136117534,50.53,6.566998638824664,-0.0144931052890648,-0.0651541517321705,-0.0742604391261847
2023-05-07,28430.1,-0.0145991562586498,44.25998045618411,51.68,7.42001954381589,-0.0267783089049985,-0.0575126362552365,-0.0554282257185165
2023-05-08,27668.79,-0.027143379896367,45.30526206843511,51.34,6.034737931564898,-0.0014644659199046,-0.0322930637732984,0.0143197443762448
2023-05-09,27628.27,-0.0014655392981985,45.022400175705855,51.98,6.957599824294142,-0.0010684708090662,-0.0257218421566026,0.0039137448707429
2023-05-10,27598.75,-0.0010690420309266,41.83034970944387,50.86,9.029650290556129,-0.0228318311517732,-0.0158199193804067,0.0034657366728565
2023-05-11,26968.62,-0.0230965139643067,41.71210059303368,51.21,9.49789940696632,-0.0064374817843849,0.0024183662345349,0.0089633804028532
2023-05-12,26795.01,-0.0064582917274088,41.655972241371344,50.09,8.434027758628659,-0.0007363311303112,0.0227878250465292,0.0008553831478324
2023-05-13,26775.28,-0.000736602355227,41.06004274751688,48.35,7.28995725248312,0.005316097534741,0.0017180025755099,0.0174530387730773
2023-05-14,26917.62,0.0053020169686387,41.11736519672679,48.02,6.902634803273216,0.0090840126281594,-0.0013879384581549,0.0056319986685302
2023-05-15,27162.14,0.0090430011641092,41.3675455184723,52.28,10.912454481527703,-0.0047234864410535,-0.002198280400587,-0.0017277725540034
2023-05-16,27033.84,-0.0047346773571329,41.34428647723982,50.57,9.22571352276018,0.0137520233899439,-0.01058155260222,-0.0482965054169144
2023-05-17,27405.61,0.0136583223911844,40.72293040079317,49.72,8.997069599206824,-0.0213215469387473,-0.0203002232024757,-0.0064048930127809
2023-05-18,26821.28,-0.021552134669642,39.31977317772849,46.28,6.960226822271508,0.0021990001968585,0.0148512673518936,-0.0179685682413366
2023-05-19,26880.26,0.0021965859345866,35.09249595706744,46.52,11.42750404293256,0.0082651730303204,-0.0205076141376608,-0.0141981513571668
2023-05-20,27102.43,0.0082312035351917,34.718598606699594,46.34,11.62140139330041,-0.0130855425140845,-0.0231949681264742,-0.0230466419431762
2023-05-21,26747.78,-0.0131719125185136,32.796368816960644,47.02,14.22363118303936,0.0037943335858154,-0.0015649896926025,-0.0338932801152095
2023-05-22,26849.27,0.0037871532594394,31.980265128214945,47.58,15.599734871785053,0.0137932986632411,0.0001862248023876,-0.0344039148922857
2023-05-23,27219.61,0.0136990369171227,32.287027000781535,50.08,17.792972999218463,-0.0327190580614491,0.0310581231692885,-0.0482894501427464
2023-05-24,26329.01,-0.0332662963152895,34.25439321527749,51.3,17.04560678472251,0.0054988774739348,0.0534539657966632,-0.0149933476420115
2023-05-25,26473.79,0.005483813844004,32.64517114035079,47.77,15.124828859649211,0.0087682949815646,0.0461063565133665,-0.0508121428779182
2023-05-26,26705.92,0.0087300767265965,32.79913045915944,45.24,12.440869540840566,0.0055549481163728,0.0188883213909125,-0.0414675847152989
2023-05-27,26854.27,0.0055395762922677,29.85688451623293,43.09,13.233115483767069,0.0450851950174031,-0.0013532298587897,-0.0189642094162306
2023-05-28,28065.0,0.0440984084261267,34.07062226947094,49.94,15.86937773052906,-0.011708533760912,-0.0293037591305896,-0.0551580260110456
2023-05-29,27736.4,-0.0117776184252097,34.25891527804305,47.12,12.86108472195695,-0.0015142556351941,-0.0240543113021156,-0.0503464761108146
2023-05-30,27694.4,-0.0015154032789555,34.252614956568166,44.68,10.427385043431832,-0.0174782627534809,-0.020913614304697,-0.0306939309029985
2023-05-31,27210.35,-0.0176328110595242,31.81915070911929,43.93,12.110849290880708,-0.0144217182064911,-0.0544700821562382,0.0403390621583332
2023-06-01,26817.93,-0.0145267219636169,31.108666334509472,42.13,11.02133366549053,0.0158349283483103,0.0153684493918808,0.1184267391256521
2023-06-02,27242.59,0.0157108638581493,31.32811413211408,41.4,10.071885867885918,-0.0063639323573859,-0.0331558049363147,0.096992613404232
2023-06-03,27069.22,-0.0063842684993772,31.32613629523557,39.75,8.423863704764422,0.0016989776580189,-0.0210796616969384,0.1337046283564875
2023-06-04,27115.21,0.0016975360281114,30.044332153849307,41.69,11.64566784615069,-0.0511524712513751,-0.0235071017336763,0.1258415479725216
2023-06-05,25728.2,-0.0525071584555573,34.06966221195283,40.11,6.040337788047168,0.0583748571606252,0.0043924565263018,0.1840183145342464
2023-06-06,27230.08,0.0567345780192702,39.82717656432356,43.65,3.82282343567644,-0.0327116189155523,-0.0479076815051591,0.1115644904458599
2023-06-07,26339.34,-0.0332586055638562,40.37727232389808,45.63,5.252727676101927,0.0060468485542917,-0.0164829490792101,0.1652698966640773
2023-06-08,26498.61,0.0060286397326937,40.46589885509991,41.35,0.8841011449000931,-0.0007849468330602,-0.0212977208993226,0.1350561406805865
2023-06-09,26477.81,-0.0007852550651334,40.46630461314966,40.8,0.3336953868503372,-0.0240427739303213,-0.0509562535572241,0.1499179879302705
2023-06-10,25841.21,-0.0243365192777008,40.55227246208539,43.37,2.8177275379146067,0.0032637790567857,-0.0093927490237492,0.1792017479057677
2023-06-11,25925.55,0.0032584644904937,40.54206542204378,42.81,2.2679345779562183,-0.0007853256729365,0.0161790203100802,0.17975896364783
2023-06-12,25905.19,-0.0007856342026842,40.5420137810199,46.45,5.907986218980106,0.0011217829323004,0.0236168891253065,0.1818878765220406
2023-06-13,25934.25,0.0011211542039807,40.48509203622214,45.38,4.894907963777861,-0.0310650973133983,0.015644177101709,0.2013534225975304
2023-06-14,25128.6,-0.0315578492380286,41.647345850465314,44.66,3.012654149534683,0.0186994102337576,0.0682787739866128,0.2243622804294707
2023-06-15,25598.49,0.0185267256736528,42.282375071227925,46.63,4.347624928772078,0.0291622669930922,0.1058460870152888,0.1916644302066255
2023-06-16,26345.0,0.028745138290379,43.29282551769384,45.06,1.76717448230616,0.0065283735054091,0.1385040804706774,0.1347667489087114
2023-06-17,26516.99,0.0065071559690337,42.744887251402616,42.95,0.2051127485973864,-0.0066757199817928,0.1270102677566345,0.1443493398006334
2023-06-18,26339.97,-0.0066981022679604,42.789968039211054,45.41,2.620031960788942,0.019148844892382,0.1650924431576801,0.1497594720115473
2023-06-19,26844.35,0.0189678131440085,43.2328793772577,45.22,1.987120622742296,0.0545232050692232,0.1372013105178557,0.1235403353033319
2023-06-20,28307.99,0.0530887264501151,46.7854249574498,52.71,5.924575042550202,0.0595556236949355,0.076115259331376,0.0743104685284967
2023-06-21,29993.89,0.0578495972961705,50.69810990116601,55.83,5.131890098833985,-0.0036330732692558,0.0091385278801783,0.0209445990500065
2023-06-22,29884.92,-0.003639688908207,50.62803551175653,51.05,0.4219644882434679,0.0268891467669982,0.0270209858349963,0.016566214666126
2023-06-23,30688.5,0.0265339862374442,49.50403867396652,52.71,3.2059613260334814,-0.0052485458722322,-0.0199126708701956,0.0249516920018899
2023-06-24,30527.43,-0.0052623678739379,49.6354837861717,49.15,-0.4854837861717058,-0.0021216984200767,-0.0026245248944964,-0.0070566045029012
2023-06-25,30462.66,-0.0021239524109264,49.670289431989325,49.51,-0.1602894319893266,-0.0063904465335593,0.0003066048729822,-0.005683679626139
2023-06-26,30267.99,-0.0064109528466902,49.81010856632072,49.51,-0.3001085663207163,0.0140230652910879,0.0105031751365056,-0.0011893753103525
2023-06-27,30692.44,0.0139256517456785,47.82437872201578,48.92,1.0956212779842218,-0.0200384850471321,-0.0024569568271535,-0.0180643832813552
2023-06-28,30077.41,-0.0202419785448812,48.24249669951432,48.44,0.1975033004856783,0.0122982663733346,0.0358671175476879,-0.0072572738144673
2023-06-29,30447.31,0.0122232570589516,48.32930271813286,43.52,-4.809302718132855,0.0008109090753829,0.0104836847655833,-0.0176731540487485
2023-06-30,30472.0,0.0008105804662547,47.7554063796969,46.06,-1.695406379696898,0.0037378577054345,0.0010767261748489,-0.0220530322919401
2023-07-01,30585.9,0.0037308892745919,47.29723785472618,46.56,-0.7372378547261818,0.0010177892427556,-0.0225747811900255,-0.0223691308740302
2023-07-02,30617.03,0.0010172716464571,47.131680983650725,47.88,0.7483190163492779,0.0176101339679257,-0.0088947229695368,-0.0268814447384347
2023-07-03,31156.2,0.0174568722490287,47.21097135547486,49.05,1.8390286445251365,-0.0125076228808391,-0.0279742073808744,-0.0344217202354587
2023-07-04,30766.51,-0.0125865016096563,47.58623397236762,46.61,-0.9762339723676234,-0.0085060021432393,-0.01969024110957,-0.0516798947946971
2023-07-05,30504.81,-0.0085423846394389,43.26567979597964,46.45,3.1843202040203664,-0.0199765217354247,-0.0030565671446569,-0.0418261906892716
2023-07-06,29895.43,-0.0201787501916617,40.03906022050391,47.96,7.920939779496095,0.0150280494376564,0.0243070596408883,-0.0181790327150337
2023-07-07,30344.7,0.0149162470258607,38.00558911306985,45.04,7.0344108869301465,-0.0019795878687217,0.0011633003456945,-0.0369725190890007
2023-07-08,30284.63,-0.0019815498424806,38.07347929169482,44.01,5.936520708305174,-0.004091844608965,0.0386202506023682,-0.0320456284260366
2023-07-09,30160.71,-0.0041002391122778,38.14835238978191,43.89,5.741647610218095,0.0083174434554094,0.0050164601562761,-0.0267835206797186
2023-07-10,30411.57,0.0082830441339089,36.732530193416,44.26,7.527469806584001,0.0069226942245994,-0.0040132752107174,-0.037172694471216
2023-07-11,30622.1,0.0068988423929568,36.727410183884224,43.96,7.232589816115777,-0.0079060547774318,-0.0127394920661874,-0.0453871550285577
2023-07-12,30380.0,-0.0079374733359648,36.96662448111924,41.26,4.293375518880758,0.0353597761685318,-0.007965766951942,-0.0221859776168531
2023-07-13,31454.23,0.0347489761397029,38.322914451196425,45.15,6.8270855488035735,-0.0363137167878533,-0.0507117802597615,-0.0721117636642194
2023-07-14,30312.01,-0.0369894696887356,39.04072274768045,42.21,3.169277252319553,-0.0007419501379155,-0.0132884622299873,-0.0368952768226191
2023-07-15,30289.52,-0.0007422255191403,38.85627650409904,42.98,4.123723495900954,-0.001899336800319,-0.0161613653831423,-0.0388097929580923
2023-07-16,30231.99,-0.001901142827658,38.02100549706011,42.1,4.078994502939892,-0.0031089584245033,-0.0109245206815694,-0.0383653209729164
2023-07-17,30138.0,-0.003113801275833,38.107864831686165,42.9,4.792135168313834,-0.0092531023956466,-0.0114141615236578,-0.0348258013139558
2023-07-18,29859.13,-0.0092961782772288,38.21258404403356,42.67,4.45741595596644,0.001677208947481,0.0075226572241053,-0.021704249253076
2023-07-19,29909.21,0.0016758040032582,37.84459516770553,40.53,2.685404832294473,-0.0036513836373478,-0.02449780519111,-0.0046403766598984
2023-07-20,29800.0,-0.0036580662106333,33.42354748445264,41.62,8.196452515547357,0.003413422818792,-0.0191640939597315,-0.0073157718120804
2023-07-21,29901.72,0.0034076103143899,26.61610409784353,38.76,12.14389590215647,-0.003602468352991,-0.0183855644424468,-0.0149145266559916
2023-07-22,29794.0,-0.0036089728683473,26.615592486291973,39.07,12.454407513708029,0.009725112438746,-0.0191723165738068,-0.0123504732496476
2023-07-23,30083.75,0.0096781279070757,25.098652177894248,39.27,14.171347822105757,-0.0301574770432542,-0.0255822495533303,-0.0217253500644035
2023-07-24,29176.5,-0.0306215681317574,27.15772965353741,38.25,11.092270346462591,0.0017963086730758,0.0060459616472161,0.0043644714067827
2023-07-25,29228.91,0.0017946972401168,27.18094384396096,37.77,10.58905615603905,0.00420987303324,0.0017852188124702,0.0069116501436421
2023-07-26,29351.96,0.0042010363100691,27.185674938285555,38.15,10.964325061714444,-0.0044010689575756,-0.0040784329223669,-0.0051771670443813
2023-07-27,29222.78,-0.0044107821710519,26.66389072881568,36.36,9.696109271184325,0.0031263281590594,0.0165353878036245,-0.016845419908715
2023-07-28,29314.14,0.0031214513568593,25.844691224478844,35.47,9.625308775521155,0.0013222287947045,-0.0043709281595845,-0.0917894913512727
2023-07-29,29352.9,0.0013213554199944,25.42662103639932,34.96,9.53337896360068,-0.0024464362976061,-0.0054256989939666,-0.1123875324073601
2023-07-30,29281.09,-0.0024494337125396,25.419275704210364,36.33,10.910724295789636,-0.0016679706937139,-0.0057067547690334,-0.1086393983284093
2023-07-31,29232.25,-0.0016693633056041,25.35368996224116,36.77,11.416310037758844,0.016206073771263,-0.0054775119944581,-0.1040720437188378
2023-08-01,29705.99,0.0160761571043905,26.076345882875067,36.56,10.483654117124935,-0.0175042137966114,-0.0207894098126338,-0.120483107952302
2023-08-02,29186.01,-0.0176592240994308,25.822391137467456,36.82,10.997608862532545,0.0002614266218643,0.0008582879263046,-0.1072435046791253
2023-08-03,29193.64,0.0002613924558795,25.558072288995685,36.21,10.651927711004316,-0.0027283339795927,0.0197570429723734,-0.0945726534957613
2023-08-04,29113.99,-0.0027320626663575,25.44379689793708,34.37,8.926203102062921,-0.0014377967430778,0.0160747461959009,-0.100774232594021
2023-08-05,29072.13,-0.001438831364651,24.541048737312707,33.79,9.248951262687292,0.0005603304608226,0.0131954555789342,-0.1036085075293761
2023-08-06,29088.42,0.0005601735343276,23.87614719462192,34.03,10.153852805378085,0.0042161107409752,0.0116063368171939,-0.1055763771287681
2023-08-07,29211.06,0.0042072478486427,23.954937623826385,36.29,12.335062376173616,0.0191489114054743,0.0075009260191172,-0.1064422174340815
2023-08-08,29770.42,0.0189678784073805,24.93510316478456,39.85,14.914896835215444,-0.0063294370721003,-0.0156726038799586,-0.1226190292243105
2023-08-09,29581.99,-0.0063495528850291,24.81332334090251,38.73,13.916676659097488,-0.0042674613844437,-0.0051064853987172,-0.0630670891309206
2023-08-10,29455.75,-0.0042765929862094,24.67580253814693,36.2,11.524197461853074,-0.0010089710837443,-0.0086825152983712,-0.0731863897541226
2023-08-11,29426.03,-0.0010094804377126,24.55910794895116,32.74,8.18089205104884,0.0001406917616817,-0.0236362159625338,-0.1184410537201247
2023-08-12,29430.17,0.000140681865524,20.901795307775288,32.38,11.478204692224717,-0.0042925338181871,-0.095370159261737,-0.1231769982980051
2023-08-13,29303.84,-0.0043017731911709,16.756111784987752,33.76,17.003888215012246,0.0043369742668537,-0.1109015064237315,-0.1171972683443535
2023-08-14,29430.93,0.0043275966976988,16.863753940214142,35.01,18.146246059785856,-0.0078465070590701,-0.1131775312570823,-0.1175538795410134
2023-08-15,29200.0,-0.0078774528796102,17.03378235897134,34.58,17.546217641028658,-0.0160784246575342,-0.1030825342465753,-0.1155472602739725
2023-08-16,28730.51,-0.0162090849613036,17.81746096731115,36.56,18.742539032688853,-0.0733401530289576,-0.0906210853897129,-0.1022748987052439
2023-08-17,26623.41,-0.0761687203764116,31.483291227186044,52.3,20.81670877281396,-0.0213875683092436,-0.0213124464522013,-0.0324323593408958
2023-08-18,26054.0,-0.0216195966611484,32.015249423528694,43.58,11.564750576471305,0.0017659476471942,0.0145359637675597,0.0077147462961542
2023-08-19,26100.01,0.0017643901949644,32.09110545136854,43.01,10.918894548631457,0.0034475082576597,0.003066665491699,-0.0072609167582693
2023-08-20,26189.99,0.0034415792240868,32.0921503484165,43.18,11.087849651583497,-0.0024081719771562,-0.0049629648579477,-0.0110110771329046
2023-08-21,26126.92,-0.0024110762869472,32.09867039544599,42.63,10.53132960455401,-0.0027144416563451,-0.0041929932804938,-0.0109201543848259
2023-08-22,26056.0,-0.0027181324335439,31.70424994247483,42.13,10.425750057525171,0.0144580902671169,0.0017566011667178,-0.034290758366595
2023-08-23,26432.72,0.0143545687030841,30.965030006316823,43.38,12.41496999368318,-0.009558985984038,-0.0118307915341289,-0.0224199401348027
2023-08-24,26180.05,-0.0096049663422354,30.98462881081782,41.72,10.735371189182178,-0.0045851707693453,0.0586817061082771,0.0016023651597303
2023-08-25,26060.01,-0.0045957149083015,30.85495736309279,36.31,5.455042636907212,-0.001636223470367,0.0475817162004159,0.0177559409992551
2023-08-26,26017.37,-0.0016375635459644,30.86507861504612,35.52,4.654921384953884,0.0032439866135585,-0.0029438025442233,0.0223938853158487
2023-08-27,26101.77,0.0032387362406793,30.86845065775966,36.05,5.181549342240338,0.0006984200688304,-0.011367811454932,0.0175428716136873
2023-08-28,26120.0,0.0006981762870356,30.85602542235184,36.42,5.563974577648168,0.0611156202143952,-0.0095899693721287,0.0156014548238896
2023-08-29,27716.34,0.0593208265640982,37.93040582609462,40.6,2.669594173905381,-0.0150218246709341,-0.0629639411264257,-0.0344139954986841
2023-08-30,27299.99,-0.0151357950818478,38.21298909640701,38.18,-0.0329890964070074,-0.0497879303252493,-0.053991594868716,-0.0032868143907746
2023-08-31,25940.78,-0.0510700880633559,41.213189841413126,35.98,-5.233189841413129,-0.0052323021898339,-0.0057315161687505,0.0456509017847575
2023-09-01,25805.05,-0.005246038619321,40.94155764489161,36.09,-4.851557644891607,0.0024979606704889,-0.0017477199230382,0.0295690184673156
2023-09-02,25869.51,0.0024948459526167,40.97892538673214,35.57,-5.408925386732143,0.0039312688953134,0.0149013259238386,0.0274697897254336
2023-09-03,25971.21,0.003923561650647,41.07110399176516,37.84,-3.23110399176516,-0.0055904210855018,-0.0023375884296495,0.0232853994865853
2023-09-04,25826.02,-0.0056061059735256,41.0665745388362,38.3,-2.766574538836202,-0.0013134040785224,0.0029268931101269,0.0163540491333933
2023-09-05,25792.1,-0.0013142673496244,41.04588343377331,39.79,-1.2558834337733131,-0.0012465057129895,0.0019195800264422,0.0198785674683334
2023-09-06,25759.95,-0.001247283247437,40.95244878528239,39.41,-1.5424487852823958,0.0192178168047685,-0.0231922034010159,0.0179239478337496
2023-09-07,26255.0,0.0190354868493421,40.957267353748726,39.74,-1.2172673537487242,-0.0131213102266235,-0.0158027042468101,0.0044940011426395
2023-09-08,25910.5,-0.0132081551334933,41.07251861509637,40.0,-1.0725186150963637,-0.0003431041469674,0.0120221531811428,0.0428741243897261
2023-09-09,25901.61,-0.0003431630206622,41.09712233708536,39.75,-1.3471223370853591,-0.0023164583205445,0.0239799765342771,0.0388141895426576
2023-09-10,25841.61,-0.0023191454606873,41.08651751430241,40.52,-0.5665175143024044,-0.0262789354068883,0.0293476296562016,0.0433777152429744
2023-09-11,25162.52,-0.0266303976758038,41.77526915210154,44.33,2.5547308478984547,0.0269281455116576,0.0555250428017541,0.1124708495015602
2023-09-12,25840.1,0.0265719630767771,43.22380357004084,43.57,0.3461964299591642,0.0147793545690613,0.0266024512289038,0.0640249070243537
2023-09-13,26222.0,0.014671204201257,43.6291165153996,44.05,0.4208834846004023,0.0114686141407978,0.0206128441766455,0.0459331858744564
2023-09-14,26522.73,0.0114033481188429,43.92236085702972,41.71,-2.212360857029715,0.0029133501717206,0.0259222938211864,0.0473495752511148
2023-09-15,26600.0,0.0029091145916004,43.71571766599137,39.14,-4.57571766599137,-0.0015161654135339,0.019736842105263,0.0304657894736841
2023-09-16,26559.67,-0.0015173159554027,34.727867331065355,39.52,4.792132668934649,-0.0012108584180451,0.0003166455004901,0.0516354307113002
2023-09-17,26527.51,-0.0012115920994153,33.85326949032393,39.83,5.976730509676067,0.0088587281655911,0.0019839781419364,0.0538746380644092
2023-09-18,26762.51,0.0088197198400656,33.97303991622157,41.48,7.506960083778424,0.0167304935149954,-0.0069705718932939,0.043140198733228
2023-09-19,27210.26,0.0165920804871499,34.40689906003782,42.53,8.123100939962178,-0.0031333768953327,-0.0353499011034806,0.0139601753162226
2023-09-20,27125.0,-0.0031382961994271,34.41763519661136,43.01,8.59236480338864,-0.0205316129032256,-0.0302374193548387,0.0097740092165898
2023-09-21,26568.08,-0.020745316649489,35.243695839375434,41.37,6.126304160624564,0.0004539281724533,-0.0130385786251774,0.0115717808738906
2023-09-22,26580.14,0.0004538251782273,34.895115234978114,37.29,2.394884765021885,-0.0001572602702619,-0.0077934126757797,0.0067527861027067
2023-09-23,26575.96,-0.0001572726369548,34.71664377529424,37.64,2.9233562247057634,-0.0123261774927414,0.0167606363043892,0.0107631107211179
2023-09-24,26248.38,-0.0124027749048935,34.96678143410418,38.6,3.633218565895824,0.002149846961984,0.0250903103353425,0.023014753672417
2023-09-25,26304.81,0.0021475393477571,34.96612508145871,39.25,4.283874918541287,-0.0031606386816709,0.0250049325579617,0.0322883913626443
2023-09-26,26221.67,-0.0031656440496646,34.97126460172348,38.67,3.6987353982765256,0.0057707994952267,0.0675357442908861,0.0869170422783904
2023-09-27,26372.99,0.0057542122158011,35.02561532729602,36.06,1.034384672703979,0.0245857599005647,0.0425253261006808,0.0767042341425829
2023-09-28,27021.39,0.0242883942227579,29.25446829886884,38.63,9.375531701131166,-0.0042347932508283,0.0149907166137641,0.0480585935808632
2023-09-29,26906.96,-0.004243785383294,28.82845240776576,33.04,4.21154759223424,0.0020663798511613,0.0323934773753704,0.0671480538864293
2023-09-30,26962.56,0.0020642478248622,22.31521705956426,35.89,13.57478294043574,0.0382014912530559,0.0166093278976475,0.1003791924802393
2023-10-01,27992.57,0.037489880793177,25.492889845397443,37.5,12.007110154602556,-0.0177925785306601,-0.0021962970888346,0.0684906744896949
2023-10-02,27494.51,-0.0179527694400128,26.49294483559624,38.17,11.677055164403768,-0.0024750395624435,0.0168091739041722,0.090852682953797
2023-10-03,27426.46,-0.0024781075361443,26.529454339948664,37.96,11.430545660051337,0.0128383320341014,0.0178874707125893,0.2057695378842183
2023-10-04,27778.57,0.0127566192765861,26.65563881250057,37.28,10.624361187499437,-0.0132541019930111,-0.0067840065201341,0.2211834518479534
2023-10-05,27410.39,-0.013342721522066,27.193042714625243,36.75,9.556957285374756,0.0189964462380871,-0.0007395006054273,0.2585027064554719
2023-10-06,27931.09,0.0188182667350826,27.78312493368568,35.06,7.276875066314325,0.0009158253401495,-0.0377919372283717,0.2227113227589758
2023-10-07,27956.67,0.0009154062279922,27.153766971399712,37.61,10.456233028600288,-0.001417193106332,-0.0428176889450709,0.2123053282096902
2023-10-08,27917.05,-0.0014181982742726,26.62380799073798,37.85,11.226192009262022,-0.0117107645686059,-0.0377923168816188,0.2207951771408511
2023-10-09,27590.12,-0.0117798756643824,27.07188059923965,36.81,9.738119400760349,-0.0072489717333595,-0.0267356575469769,0.2513860033954183
2023-10-10,27390.12,-0.007275373195296,27.228570373731003,38.53,11.301429626268998,-0.0187877964755174,-0.008615150280466,0.2586556758422382
2023-10-11,26875.52,-0.0189665293285473,26.332943164596223,36.88,10.54705683540378,-0.0043121026123401,0.0604736206034337,0.2888967357654846
2023-10-12,26759.63,-0.0043214265402864,24.89930167671908,35.19,10.29069832328092,0.0038255386939205,0.0611473327546008,0.3236890794080485
2023-10-13,26862.0,0.00381823992932,24.441955212721307,35.37,10.92804478727869,-0.0003544039907676,0.0542774179137814,0.3007814012359466
2023-10-14,26852.48,-0.0003544668067039,24.14243905991521,36.53,12.38756094008479,0.0112343440903783,0.0693131509640823,0.2928705281597825
2023-10-15,27154.15,0.0111717075306749,24.42043419941849,38.16,13.7395658005815,0.0495920513070744,0.09261530926212,0.291223256850242
2023-10-16,28500.78,0.0484015661102945,29.526861328689552,42.63,13.10313867131045,-0.0036795484193765,0.0494379452071136,0.2284533967140547
2023-10-17,28395.91,-0.0036863346095197,29.577020666579006,41.08,11.502979333420992,-0.0026732723128084,0.0562246464367579,0.2341949949834323
2023-10-18,28320.0,-0.0026768518861103,29.52833777049356,39.24,9.71166222950644,0.0139021892655366,0.1677256355932201,0.2499689265536724
2023-10-19,28713.71,0.0138064402260006,29.36927688303986,39.18,9.81072311696014,0.0332708660775638,0.1814122939877851,0.2406867660082936
2023-10-20,29669.04,0.0327293688126812,31.217889970249384,44.26,13.042110029750614,0.008114856429463,0.1626951866322605,0.2370164319438712
2023-10-21,29909.8,0.0080821080284522,30.057277567466272,45.9,15.842722432533726,0.0027636426856749,0.1418217440437583,0.2471373930952396
2023-10-22,29992.46,0.0027598308466535,30.034279370075843,48.81,18.77572062992416,0.1026101226774995,0.1300180111934799,0.2379778117566882
2023-10-23,33069.99,0.0976802078654768,44.31303426971475,55.37,11.056965730285247,0.025785916475935,0.0305718266017014,0.120778385478798
2023-10-24,33922.73,0.0254590665708626,44.163281811863584,54.19,10.026718188136414,0.0169007624091575,0.0177804085932942,0.0748819449378042
2023-10-25,34496.05,0.0167595335532492,44.1907841746972,58.36,14.1692158253028,-0.0099834618746204,-0.0006180417757974,0.0305872701367257
2023-10-26,34151.66,-0.0100336308158802,44.49336744743099,55.02,10.526632552569012,-0.0076025587043209,0.0142924238528958,0.1085317668306604
2023-10-27,33892.02,-0.0076316054672112,44.85251556218783,47.19,2.337484437812172,0.0055759438357467,0.0451259618045782,0.0670213814343319
2023-10-28,34081.0,0.0055604558078266,44.4897329399468,50.23,5.740267060053199,0.0130539010005574,0.0252513130483258,0.0743205891845895
2023-10-29,34525.89,0.0129694331309013,44.31109151218262,54.21,9.89890848781738,-0.0014817865665446,0.0055288944035909,0.059150104457843
2023-10-30,34474.73,-0.001482885497981,44.39122903280478,53.89,9.49877096719522,0.0047872746211499,0.0170368266843568,0.0836882551364432
2023-10-31,34639.77,0.0047758520627768,43.1222581504708,54.76,11.6377418495292,0.0225653923221778,0.0107422768684666,0.0810920511308246
2023-11-01,35421.43,0.0223145602612131,42.459907751301785,59.78,17.320092248698217,-0.0135466015911837,-0.0105964101392858,0.0090402900165238
2023-11-02,34941.59,-0.01363919395731,42.99635549674578,60.0,17.003644503254222,-0.006433880083877,0.0130941379599498,0.070596386712797
2023-11-03,34716.78,-0.0064546666973641,43.2543352021831,57.89,14.6356647978169,0.0099459108822881,0.0261527710807281,0.074243636650634
2023-11-04,35062.07,0.0098967758372308,42.60417767843436,62.46,19.85582232156564,-0.0014314614054447,0.0467462417364403,0.0756230308136398
2023-11-05,35011.88,-0.0014324869251003,42.55486458759109,60.1,17.54513541240891,0.0009770969168179,0.0653992302041479,0.0790814432129893
2023-11-06,35046.09,0.0009766198683485,42.55367208434105,57.36,14.806327915658947,0.0100733063231877,0.0594619827775366,0.0685194839138974
2023-11-07,35399.12,0.0100229087373373,42.43771691665046,55.48,13.042283083349538,0.0063730397817798,0.0470353500313001,0.0520798257131813
2023-11-08,35624.72,0.0063528178351219,41.8457553883132,57.58,15.734244611686798,0.0302141322093196,0.0235288866831795,0.0615906595195696
2023-11-09,36701.09,0.029766675983155,42.08005776708023,58.87,16.78994223291977,0.0163630017528089,-0.0313314945141954,0.0314309466013136
2023-11-10,37301.63,0.016230570534908,40.828817648203966,56.84,16.011182351796037,-0.0046011394140148,0.0149207956864083,0.0113220253377668
2023-11-11,37130.0,-0.0046117572378791,40.8425885297864,58.09,17.247411470213606,-0.0017740371667116,-0.0260298949636411,0.0418130891462429
2023-11-12,37064.13,-0.0017756126342137,41.01122931680358,58.33,17.31877068319642,-0.0162205345167955,-0.0121467845056661,0.0643808447682436
2023-11-13,36462.93,-0.0163535274925213,41.92505137171174,56.26,14.33494862828826,-0.0250045731377044,0.0028842992046991,0.096243774156383
2023-11-14,35551.19,-0.0253224983929354,43.71273642644719,56.24,12.527263573552816,0.0648926238474716,0.0508750902571755,0.1811447099239151
2023-11-15,37858.2,0.0628739714000101,45.605877299984,60.51,14.904122700015996,-0.0447641462087472,-0.0108145659328757,0.1641683968070326
2023-11-16,36163.51,-0.0457970016721318,49.34616809110134,55.35,6.003831908898661,0.0124548197893399,-0.0116653499618815,0.2101339167575271
2023-11-17,36613.92,0.0123778965726653,49.21310768447569,55.4,6.186892315524311,-0.0012514366120863,0.0216972124263121,0.1818767288506666
2023-11-18,36568.1,-0.0012522203127861,49.29137655342814,54.38,5.088623446571866,0.0216516581391978,0.0198582917898386,0.2079104465367356
2023-11-19,37359.86,0.0214205903732043,48.73370094442522,56.54,7.806299055574776,0.0023800945720888,0.0094676478980382,0.17006862445416
2023-11-20,37448.78,0.0023772666332884,48.76843519605251,57.94,9.17156480394749,-0.0455857306967009,0.0088625050001629,0.1693173983237905
2023-11-21,35741.65,-0.0466574572380058,52.29107103374487,55.72,3.4289289662551283,0.0466315908750714,0.0477252728959072,0.1542108436515941
2023-11-22,37408.34,0.0455769987877179,43.12982658122032,55.5,12.370173418779686,-0.0030490526978742,-0.0044278896096431,0.1091748524526885
2023-11-23,37294.28,-0.0030537105294436,42.49537291374192,53.87,11.374627086258071,0.0112427428549364,0.014066232140693,0.1494800275001957
2023-11-24,37713.57,0.0111800129543677,42.31479248493498,53.65,11.335207515065015,0.0017792004310384,0.0037405634099343,0.1407633910022308
2023-11-25,37780.67,0.0017776195288349,42.05764267053482,52.13,10.072357329465184,-0.008820383545342,-0.0015010321415687,0.1100994238588146
2023-11-26,37447.43,-0.0088595133917138,42.100215099277314,53.19,11.089784900722684,-0.0054671308551749,0.0329819696571966,0.1289968363650055
2023-11-27,37242.7,-0.0054821303093678,42.2024988666156,50.62,8.417501133384398,0.0154706828452289,0.0592773885889046,0.1109465747649876
2023-11-28,37818.87,0.0153522319467537,42.28175871740059,50.58,8.298241282599406,0.0009458241348827,0.0569395648257073,0.1279501476379383
2023-11-29,37854.64,0.0009453771250752,42.25756692489127,51.9,9.642433075108734,-0.0034521527611939,0.1092722054680745,0.1167980992554678
2023-11-30,37723.96,-0.0034581251896556,42.31446148136197,49.8,7.48553851863803,0.0254098456259628,0.1683110680851109,0.157591355732537
2023-12-01,38682.52,0.0250923820630897,42.4860892964427,51.46,8.973910703557301,0.0198495341048101,0.1313298616532741,0.1338920008313835
2023-12-02,39450.35,0.0196551008311664,42.43845831759983,52.35,9.91154168240017,0.0132295404223283,0.096901294918803,0.1145411891149255
2023-12-03,39972.26,0.0131427942891877,42.378663799692966,54.72,12.341336200307031,0.0505060259289815,0.105041096000076,0.0933122120190352
2023-12-04,41991.1,0.0492719775349014,45.1232216069927,55.09,9.966778393007305,0.0495871744250566,0.0410205972217923,0.0238240960584505
2023-12-05,44073.32,0.0483969196447064,47.37964656010623,55.71,8.33035343989377,-0.0070480281494563,-0.0064394967295405,-0.0112809745215473
2023-12-06,43762.69,-0.0070729828231434,47.6054789817012,53.71,6.104521018298804,-0.0111864695703121,-0.0573385685386341,-0.0286490615636287
2023-12-07,43273.14,-0.0112495086853494,48.03450422157921,52.4,4.365495778420787,0.0207484365590293,-0.041151393219905,0.0035983060161568
2023-12-08,44170.99,0.0205361195573296,48.27595352328207,53.72,5.444046476717929,-0.0103549863835969,-0.0294754543649575,-0.0363865514447376
2023-12-09,43713.6,-0.0104089722604937,47.94162465048,53.98,6.038375349519995,0.0017365305076681,-0.0158152154020715,-0.0376690549394239
2023-12-10,43789.51,0.0017350244818206,47.812215144465135,55.03,7.217784855534866,-0.0579159255264559,-0.0422295202663833,-0.0376626730922543
2023-12-11,41253.4,-0.0596607573549242,52.84582685254345,55.59,2.74417314745655,0.005793219467971,0.0248374679420362,0.0249720023076884
2023-12-12,41492.39,0.0057765033012788,52.81639774511686,53.87,1.0536022548831383,0.033178132182793,-0.0028376287796387,0.064762719139582
2023-12-13,42869.03,0.0326396168808299,53.23092833419546,53.46,0.2290716658045397,0.003574375254117,-0.0049273333219808,0.0484704225871217
2023-12-14,43022.26,0.0035680023564587,52.07389220217848,53.13,1.056107797821518,-0.0251488415531866,-0.0173461366278759,-0.0041148465933681
2023-12-15,41940.3,-0.0254704776409772,49.03512667828322,54.15,5.114873321716779,0.0080526367241053,0.0412164433730801,0.0527130230351235
2023-12-16,42278.03,0.0080203872581405,45.71836932939042,53.81,8.091630670609582,-0.021367599199868,0.0374608277632615,0.0441619441587037
2023-12-17,41374.65,-0.0215991913352078,46.575710686465854,54.6,8.024289313534148,0.0310129511669585,0.0627048204637381,0.0626874185038421
2023-12-18,42657.8,0.0305417667085518,47.43049425566447,56.02,8.589505744335533,-0.0089505319074121,0.0244822752228197,0.0298004116480454
2023-12-19,42275.99,-0.008990828549252,47.302227561709984,57.62,10.317772438290014,0.0329487257424367,0.0169247367122569,0.1105840454593731
2023-12-20,43668.93,0.0324175526446297,48.3126385647389,58.1,9.787361435261095,0.0044166413053858,-0.0021250806923824,0.0558994690275214
2023-12-21,43861.8,0.0044069165684448,44.56213750701857,58.63,14.067862492981432,0.002444952099549,-0.0308439234139958,0.063658810171949
2023-12-22,43969.04,0.0024419680670525,42.324678264009925,57.24,14.915321735990076,-0.0060697254249807,-0.0122856901128612,0.0539042926568331
2023-12-23,43702.16,-0.0060882210887275,42.41398105293866,56.97,14.55601894706134,-0.016261438793872,-0.0260490556988487,-0.0210385482090588
2023-12-24,42991.5,-0.0163951070628506,43.01792800268511,58.73,15.712071997314888,0.0135987346335904,-0.0215054138608795,-0.0033381017177814
2023-12-25,43576.13,0.0135071016356846,43.12352541537508,58.26,15.13647458462492,-0.0244904721920005,-0.0329503790263154,-0.0423116967936344
2023-12-26,42508.93,-0.0247953518646705,44.10394345646551,59.98,15.876056543534489,0.0216406293924593,-0.0053012390572991,5.104809742317862e-05
2023-12-27,43428.85,0.021409795298211,44.35569165881081,64.35,19.994308341189186,-0.0199197077518745,0.0172857443842056,-0.00669831229701
2023-12-28,42563.76,-0.0201207798082353,45.046389095656686,63.75,18.703610904343314,-0.0116721361082762,0.0559901192939722,0.0049887509938031
2023-12-29,42066.95,-0.0117407902387348,45.36871833462875,62.5,17.131281665371247,0.0017431736790995,0.0185009847398018,-0.0175779323197902
2023-12-30,42140.28,0.0017416561151908,45.304309173982,63.11,17.805690826018,0.0034005469351414,0.0477172909150105,-0.0114201898990704
2023-12-31,42283.58,0.0033947781497301,44.64151885419143,64.71,20.06848114580857,0.0448393915557765,0.0440248909860516,-0.0138952283605124
2024-01-01,44179.55,0.0438631813137809,46.53878714496873,66.81,20.27121285503128,0.0173691221390892,-0.0047811713790657,-0.0588331026459074
2024-01-02,44946.91,0.0172200031711351,46.66365581730312,63.75,17.086344182696877,-0.046759165424275,-0.0226464956100431,-0.1196720753440003
2024-01-03,42845.23,-0.0478876952125601,47.08067253400516,65.17,18.08932746599484,0.0304787720826797,0.0958288705650547,-0.0687971566496434
2024-01-04,44151.1,0.0300235215075549,45.13235524715945,65.34,20.20764475284055,-0.0001356704589465,0.0443680904892516,-0.0920978186273955
2024-01-05,44145.11,-0.0001356796630157,45.059191615398845,67.64,22.58080838460116,-0.0040047470716462,0.0568325687714901,-0.0947787875033044
2024-01-06,43968.32,-0.0040127875450878,44.89634043896591,71.39,26.493659561034093,-0.00089382537245,0.0539215507892956,-0.0487808039970596
2024-01-07,43929.02,-0.0008942250725407,44.3129886667334,71.81,27.49701133326661,0.0687932487453624,-0.0260941400468299,-0.0411661812624092
2024-01-08,46951.04,0.066530207112407,49.857943275863306,67.16,17.30205672413669,-0.0179131282288954,-0.0873899704884066,-0.1047895850656344
2024-01-09,46110.0,-0.0180755104150301,50.36653151723355,64.17,13.803468482766457,0.0117976577748861,-0.0949392756451963,-0.0608826718716114
2024-01-10,46653.99,0.0117286079638338,45.31881354109232,62.7,17.381186458907685,-0.0067481902405345,-0.0888003362627719,-0.0795835468734827
2024-01-11,46339.16,-0.0067710622307292,45.47150291287191,57.3,11.828497087128092,-0.0767478305605885,-0.0690821758529935,-0.081122748017012
2024-01-12,42782.73,-0.0798528754667809,52.79504868199773,57.42,4.6249513180022745,0.001525381853846,-0.0001549690728012,0.0070170837625369
2024-01-13,42847.99,0.0015242196406752,52.78214837500248,55.07,2.287851624997522,-0.0260371606696137,-0.035485678558084,0.0082153211854278
2024-01-14,41732.35,-0.0263821287056394,52.83815229878671,56.87,4.031847701213287,0.0186605834562396,-0.0017569104064353,0.0306414568074886
2024-01-15,42511.1,0.0184886108803488,53.16741653308614,55.96,2.792583466913861,0.0147455605712389,-0.0191728748491569,0.0016885001799529
2024-01-16,43137.95,0.0146379018282994,52.800036959798405,55.16,2.359963040201592,-0.0083882057445937,-0.0361078818070862,-0.0099506351136297
2024-01-17,42776.1,-0.0084235847254326,51.83286526966497,50.79,-1.042865269664972,-0.0338647048234878,-0.0749970193636166,0.0075474388735765
2024-01-18,41327.5,-0.0344513974581589,53.13877499107815,48.31,-4.828774991078149,0.0080220192365858,-0.0345992377956566,0.0731256427318371
2024-01-19,41659.03,0.0079900138913296,51.88778247302398,48.04,-3.847782473023983,0.0008884028264701,-0.0377865255143963,0.087126848608813
2024-01-20,41696.04,0.0008880084302503,51.85126482049463,47.96,-3.8912648204946265,-0.002775083677011,-0.0416094669901507,0.130389600547198
2024-01-21,41580.33,-0.0027789413603004,51.83090218626496,47.82,-4.010902186264957,-0.0483957198030896,0.0058484384323067,0.1484057485835248
2024-01-22,39568.02,-0.0496060026684201,54.43483261712281,48.98,-5.454832617122811,0.0083294539378013,0.0645119467691333,0.2206825107751158
2024-01-23,39897.6,0.0082949554728822,54.36919775109676,49.59,-4.779197751096753,0.0046940166827076,0.053473391883221,0.2511346547160731
2024-01-24,40084.88,0.0046830341411442,54.12902087823311,47.54,-6.589020878233107,-0.0030881968462921,0.080275156118716,0.2398587696907164
2024-01-25,39961.09,-0.0030929751663039,53.54442103853943,45.01,-8.534421038539435,0.0466058358268006,0.074572790682136,0.296140070253339
2024-01-26,41823.51,0.0455523909262842,55.50274086734461,43.73,-11.772740867344616,0.0071041383183763,0.0180876736553197,0.2404506460600748
2024-01-27,42120.63,0.0070790228069771,55.14888213646025,42.43,-12.718882136460252,-0.002126511403082,0.0228465243753477,0.2374959728759993
2024-01-28,42031.06,-0.0021287756389742,55.0006947392025,45.25,-9.7506947392025,0.0302547687353114,0.0278113376155633,0.2286780300092361
2024-01-29,43302.7,0.0298061199427104,55.97684998360675,45.36,-10.616849983606748,-0.0083505185588889,-0.0067342221154801,0.2040281552882383
2024-01-30,42941.1,-0.0083855794598922,56.06170780596089,46.91,-9.151707805960896,-0.008409193057467,-0.0083421244448791,0.2057150375747245
2024-01-31,42580.0,-0.0084447497973837,53.89831437713859,45.79,-8.10831437713859,0.0118116486613433,0.0030225457961483,0.227309065288868
2024-02-01,43082.94,0.0117424356196099,53.695812326169005,44.76,-8.935812326169007,0.0027170847671955,0.0003716088084981,0.2034784534203095
2024-02-02,43200.0,0.0027134001651212,51.01741952918015,42.41,-8.607419529180156,-0.0043729166666667,0.0266111111111111,0.1872319444444443
2024-02-03,43011.09,-0.0043825058320451,49.89143313030519,41.52,-8.371433130305185,-0.0099558044216038,0.0529528547172371,0.1797922349793972
2024-02-04,42582.88,-0.0100056948515458,49.99178067054235,42.69,-7.30178067054235,0.0029547085589325,0.106847869378492,0.2110082737475718
2024-02-05,42708.7,0.0029503519870888,50.00148697050661,42.37,-7.631486970506614,0.0091374825269792,0.1180647034444972,0.2112016989512675
2024-02-06,43098.95,0.0090959883104264,50.124637969129495,42.87,-7.254637969129497,0.0290181083297853,0.1206767218226894,0.2639860135803773
2024-02-07,44349.6,0.0286050546851993,45.23562380152602,43.82,-1.4156238015260172,0.0211738099103486,0.1255404783808646,0.2860846546530295
2024-02-08,45288.65,0.0209527596700549,45.5266030758933,44.91,-0.6166030758933019,0.0407192530578852,0.0973961467166717,0.3785374481244197
2024-02-09,47132.77,0.0399120635942179,47.50548147292743,47.79,0.2845185270725707,0.0131186857891016,0.0989205599416287,0.2969952752617766
2024-02-10,47751.09,0.0130333810778715,47.63442284850634,49.91,2.275577151493657,0.0114950255585788,0.0864673455621642,0.3065230552852303
2024-02-11,48299.99,0.011429459727835,37.74884931720336,51.29,13.54115068279664,0.033484064903533,0.0791743435143568,0.2833808040125889
2024-02-12,49917.27,0.0329356814465882,39.05257772054587,54.28,15.227422279454132,-0.0043608154051694,0.0345645905715596,0.2643714289663679
2024-02-13,49699.59,-0.0043703514941825,37.54554892257359,52.19,14.64445107742641,0.042164935364658,0.0490563403038133,0.373164446628232
2024-02-14,51795.17,0.0413002181031989,39.31542926783998,55.13,15.81457073216002,0.0016377975011956,-0.0003946313913053,0.2303079611477287
2024-02-15,51880.0,0.0016364577734705,39.24171072951227,55.08,15.838289270487728,0.0047052814186585,0.0073018504240554,0.2735936777178103
2024-02-16,52124.11,0.0046942461844267,38.89372136771414,55.24,16.34627863228586,-0.0092369922479251,-0.0052704976641327,0.282001169900071
2024-02-17,51642.64,-0.0092799178006313,36.46603360593343,56.24,19.773966394066576,0.0095856834584753,-0.0068590606522052,0.3191461551926857
2024-02-18,52137.67,0.0095400322946761,36.47305127007049,57.24,20.76694872992951,-0.0069611856456185,-0.0267276999528363,0.3102478495874481
2024-02-19,51774.73,-0.0069855277307065,36.75444117000063,56.83,20.075558829999373,0.0093499280440476,-0.0039886253390408,0.3318443186473401
2024-02-20,52258.82,0.0093064880309006,36.582114593603,55.63,19.047885406397008,-0.007834658340927,-0.0101412546245782,0.3792523443889473
2024-02-21,51849.39,-0.0078655105264593,30.805111558401915,54.01,23.204888441598083,-0.0108192208240058,0.0506675199071773,0.3780684787227004
2024-02-22,51288.42,-0.010878174198953,31.577448081363524,55.38,23.80255191863648,-0.0106119471022892,0.1120900195404732,0.4247350571532522
2024-02-23,50744.15,-0.010668655359765,32.250009434780964,52.23,19.97999056521904,0.0162397044782502,0.2303309839656393,0.4068407885440981
2024-02-24,51568.22,0.0161092509338547,32.12447931865485,54.18,22.05552068134515,0.0031149029382824,0.1854390165105564,0.3477263710091216
2024-02-25,51728.85,0.0031100616788884,29.245299587269606,55.17,25.924700412730395,0.053115814482634,0.2060561949473069,0.262363845320358
2024-02-26,54476.47,0.0517532123675628,33.13665623116126,56.05,22.913343768838736,0.0470087360653139,0.1378725530490503,0.2554682783227326
2024-02-27,57037.34,0.0459372757555132,35.3500843699076,58.36,23.0099156300924,0.0945829521502932,0.1065377522864847,0.1853636582631659
2024-02-28,62432.1,0.0903734251045635,44.66796690878416,67.76,23.092033091215846,-0.020840561185672,0.0931189243994676,-0.0079238084254733
2024-02-29,61130.98,-0.0210607908615077,45.61185665520049,65.54,19.92814334479952,0.0205610968448404,0.0424176088785097,0.1097566242190128
2024-03-01,62387.9,0.0203525709953411,45.10853540727279,65.37,20.26146459272721,-0.0064214374902825,0.0590842134452351,0.0499034267862839
2024-03-02,61987.28,-0.0064421436096346,45.60204347623406,65.82,20.21795652376593,0.0181761483968969,0.0780142313068099,0.0291892143033216
2024-03-03,63113.97,0.018012936948412,45.51672617707168,71.72,26.203273822928324,0.0813090984452413,0.0793836927070188,0.0138802867257439
2024-03-04,68245.71,0.0781724352918946,50.47070085188068,74.81,24.339299148119323,-0.0662561793261438,0.0009899523354655,-0.0151763385566653
2024-03-05,63724.01,-0.0685531603092363,57.78059314320109,73.19,15.40940685679891,0.0368782504428077,0.0821020208866329,0.0966040900439253
2024-03-06,66074.04,0.0362145168030425,58.18430283188125,74.85,16.66569716811874,0.0113377356674422,0.0908686679367571,0.0592359722517346
2024-03-07,66823.17,0.0112739452488642,58.16358316099136,69.68,11.516416839008649,0.0194695941542433,0.0692699852461353,0.0396093151522145
2024-03-08,68124.19,0.0192824863151763,57.97200817513287,71.87,13.897991824867134,0.0027755192392011,0.0726352856452312,0.0389936379427044
2024-03-09,68313.27,0.0027716745979517,58.05651229401745,75.04,16.983487705982554,0.0094068107118865,0.0450230240771667,0.0225032413175358
2024-03-10,68955.88,0.0093628421886472,57.29351345016379,80.12,22.82648654983621,0.0452785172199963,0.0078886673623772,0.0090826192052075
2024-03-11,72078.1,0.0442833735611532,58.34480067961789,83.02,24.675199320382102,-0.0086862722519046,-0.0940295318550296,-0.0110725726677036
2024-03-12,71452.01,-0.0087242178114949,58.8657675199835,78.08,19.2142324800165,0.0226781583891062,-0.0428053738446265,-0.0252226634352202
2024-03-13,73072.41,0.0224248317904923,58.53216379002074,77.5,18.96783620997926,-0.0230383806966267,-0.0747535218832935,-0.1041216513866177
2024-03-14,71388.94,-0.023307911945009,59.59057012622471,74.58,14.989429873775292,-0.0264619421439791,-0.1323950180518158,-0.0760014086215596
2024-03-15,69499.85,-0.0268183610911704,60.11987828135384,76.7,16.58012171864617,-0.0604205620587671,-0.0238754472131955,-0.0145620458173651
2024-03-16,65300.63,-0.0623229102797109,65.1426335228538,75.73,10.587366477146205,0.0473632490222528,0.0030725584117641,0.0385905924644218
2024-03-17,68393.48,0.0462758144323566,66.50406917666646,75.93,9.425930823333545,-0.0114556241325926,-0.0672116698843222,0.0073474839999367
2024-03-18,67609.99,-0.0115217452522204,66.58640615916173,74.08,7.493593840838272,-0.0839016541786207,-0.0535420874932832,0.0258896651219737
2024-03-19,61937.4,-0.0876315556373349,74.62488006125191,76.61,1.985119938748085,0.0953076816269329,0.085127725735985,0.1563288094107922
2024-03-20,67840.51,0.0910353115859427,80.14882426049662,77.73,-2.4188242604966206,-0.034481462477213,0.0300631584284964,0.0192435168898348
2024-03-21,65501.27,-0.0350899773778561,81.61075476717447,75.26,-6.350754767174465,-0.0260243809013168,0.0684983665202216,0.0783161914265173
2024-03-22,63796.64,-0.0263690073790988,82.30233427405012,72.46,-9.842334274050131,0.0030310373712472,0.0889286645817084,0.0973341229255959
2024-03-23,63990.01,0.0030264530386604,82.0666160987849,73.68,-8.386616098784899,0.0503200421440783,0.1061195333459081,0.0488593453884442
2024-03-24,67209.99,0.0490949197687059,83.05438518855969,72.62,-10.434385188559688,0.0397265347011654,0.0392880582187258,-0.0488838043273032
2024-03-25,69880.01,0.0389577311738261,83.66793006548527,76.25,-7.417930065485265,0.0015453632591067,-0.0042620199968489,-0.0603630423063763
2024-03-26,69988.0,0.0015441704140665,83.68624484586695,75.39,-8.296244845866951,-0.007401411670572,0.0184604503629193,-0.0938448019660513
2024-03-27,69469.99,-0.0074289380246216,82.51456174039049,75.78,-6.73456174039049,0.0188658440860578,0.0025883118739473,-0.0817129813895181
2024-03-28,70780.6,0.018690091094532,81.4830707342234,76.53,-4.953070734223402,-0.0131400411977294,-0.0751139436512265,-0.1342632020638423
2024-03-29,69850.54,-0.0132271353273706,76.00120475280697,73.11,-2.89120475280697,-0.003841917328055,-0.0556511087816929,-0.0913444620471078
2024-03-30,69582.18,-0.0038493164497219,75.52988298239048,74.93,-0.5998829823904686,0.024400356528065,-0.0157280211686382,-0.0828397443138457
2024-03-31,71280.01,0.0241074233791595,75.6414955114373,76.64,0.998504488562702,-0.0228705074536323,-0.0485324005987092,-0.0889368562097564
2024-04-01,69649.8,-0.0231360947330178,76.16612658170204,73.81,-2.3561265817020427,-0.0600979471584987,-0.0108227159302682,-0.0676046449523186
2024-04-02,65463.99,-0.0619796082519771,79.34305202011868,74.37,-4.973052020118672,0.0076269411626148,0.059519745130109,0.0207034432212276
2024-04-03,65963.28,0.0075980030930285,74.39223215755865,72.45,-1.9422321575586488,0.0382714443551017,0.0857555900798141,0.0068328924819991
2024-04-04,68487.79,0.0375572576425187,71.43734364179724,72.31,0.8726563582027609,-0.0097414444238892,0.0096106181846429,-0.0612985175897776
2024-04-05,67820.62,-0.0097892027031338,70.4928239942735,71.96,1.4671760057265004,0.0158562395920296,0.0414396093695399,-0.0489862817532484
2024-04-06,68896.0,0.0157318426801832,70.59271459826394,72.3,1.7072854017360584,0.0067404493729679,0.0161145784951231,-0.0744018520668834
2024-04-07,69360.39,0.006717834111896,70.3190756663256,77.43,7.110924333674404,0.0325778156668381,-0.0323508849935819,-0.0850400350978418
2024-04-08,71620.0,0.0320584092764381,71.16980727191356,76.25,5.080192728086445,-0.0345434236246858,-0.1074488969561574,-0.1187012007819044
2024-04-09,69146.0,-0.0351541533965402,72.2425980141134,73.69,1.4474019858866,0.0214774535041795,-0.0503884534174067,-0.0763601654470251
2024-04-10,70631.08,0.0212500630830319,70.90357217273908,72.32,1.416427827260918,-0.0088466720316325,-0.1020951399865328,-0.1410013835269119
2024-04-11,70006.23,-0.0088860361676844,70.90590642196814,68.42,-2.4859064219681386,-0.0412778976956763,-0.0887469586635359,-0.1662889145723173
2024-04-12,67116.52,-0.0421540247116934,71.82919750371029,66.94,-4.889197503710292,-0.0475592298289602,-0.0870001901171276,-0.1200287202018222
2024-04-13,63924.51,-0.0487273574622227,73.27383126565714,72.95,-0.3238312656571338,0.0271778383596525,-0.0071088538652858,-0.0163082986478895
2024-04-14,65661.84,0.026815078915186,73.53002808837871,71.99,-1.540028088378719,-0.0341423572656507,-0.0280806934438632,-0.0269532501678295
2024-04-15,63419.99,-0.0347388233991405,71.27161355537208,70.48,-0.7916135553720807,0.0058877335048459,0.0239766672937034,0.0093347539159183
2024-04-16,63793.39,0.0058704685364765,69.2654036808382,70.88,1.614596319161791,-0.0394401363526847,0.0179918326961461,-0.0098474152259347
2024-04-17,61277.37,-0.0402389732109262,70.45951420483705,70.72,0.2604857951629498,0.0357833568901537,0.0904404023867213,0.0168856790035212
2024-04-18,63470.08,0.0351580069988131,64.74301680645017,69.98,5.2369831935498325,0.0054817955168797,0.0463827995805268,-0.0358759591921107
2024-04-19,63818.01,0.0054668251605374,56.028378063849885,70.4,14.37162193615012,0.0175903322588717,0.0073894500941034,-0.0116581510454494
2024-04-20,64940.59,0.0174374130268211,55.1165947481494,71.98,16.8634052518506,8.623266280816111e-06,-0.0068100705583364,-0.0637598149323867
2024-04-21,64941.15,8.623229100669178e-06,54.30752861484785,72.05,17.74247138515215,0.0289211078029878,-0.0180338660464127,-0.0633675258291546
2024-04-22,66819.32,0.0285107851109486,55.17188426430181,69.37,14.198115735698195,-0.0060659102786441,-0.0502450488870585,-0.0798471160736147
2024-04-23,66414.0,-0.0060843826514526,52.46415195918652,64.16,11.695848040813472,-0.0319873821784564,-0.0496187550817598,-0.0523070436956063
2024-04-24,64289.59,-0.0325101568509029,51.63252354802906,62.44,10.807476451970937,0.0032470264626045,-0.0065887805475194,-0.0421856788945146
2024-04-25,64498.34,0.0032417662557915,51.65380608312047,59.29,7.636193916879527,-0.0112922286061935,-0.0593246275795624,0.0264837823733139
2024-04-26,63770.01,-0.0113564698957138,51.716971947847824,55.12,3.403028052152173,-0.004830326982856,-0.0847583370302121,0.0229763175511497
2024-04-27,63461.98,-0.0048420307160186,51.131227044704175,54.69,3.5587729552958223,-0.0054104835682718,-0.0693544386733601,0.0561284094823388
2024-04-28,63118.62,-0.0054251732439513,51.01936941848643,56.79,5.770630581513572,0.0118408799178435,-0.0037486561017968,0.0601499208949751
2024-04-29,63866.0,0.011771325220062,51.29142487932394,55.33,4.038575120676057,-0.0500109604484388,0.0004077286819277,0.037704099207716
2024-04-30,60672.0,-0.051304831768252,53.01749213529205,59.81,6.79250786470795,-0.0380246242088607,0.0550501054852321,0.1775880142405062
2024-05-01,58364.97,-0.0387664255347442,53.94882177836163,61.22,7.271178221638365,0.0119187930705695,0.0822448807906524,0.2018911343567895
2024-05-02,59060.61,0.0118483236441381,50.31185065524203,56.77,6.45814934475797,0.0647030228776845,0.0550531056147236,0.1711125232197905
2024-05-03,62882.01,0.0626959085169651,55.25943077107394,55.88,0.6205692289260654,0.0160623046241683,-0.0268595103750659,0.0809077190757736
2024-05-04,63892.04,0.0159346707250689,53.82738655141199,56.89,3.06261344858801,0.0018775421789631,-0.0128033163442582,0.0729034477534291
2024-05-05,64012.0,0.0018757817997593,53.77729134012984,58.65,4.872708659870156,-0.0132289258264075,-0.0501782478285321,0.0824621945885146
2024-05-06,63165.19,-0.0133172075113331,53.53074863297592,55.57,2.039251367024086,-0.0135060149427239,-0.0370330557067904,0.0845794970299305
2024-05-07,62312.08,-0.0135980507937309,53.540620421649066,53.76,0.2193795783509315,-0.0179587970743394,-0.013289397497243,0.1143333684255121
2024-05-08,61193.03,-0.0181220133351202,52.18135310465234,55.43,3.2486468953476617,0.0307384680902385,0.028549820134744,0.1177480507175408
2024-05-09,63074.01,0.0302755046599091,52.451292935541005,52.17,-0.2812929355410034,-0.0360532016277386,-0.0237264128283584,0.072587901102213
2024-05-10,60799.99,-0.036719174305045,52.96411885529042,54.27,1.3058811447095806,0.0004276316492815,0.0889228764675784,0.1242135072719583
2024-05-11,60825.99,0.0004275402409262,52.97765217229602,54.17,1.1923478277039834,0.0108177441912578,0.0724890790926706,0.1103807763753619
2024-05-12,61483.99,0.0107596509793828,51.46080270539418,54.52,3.0591972946058235,0.02368242529478,0.0901049199962462,0.1021869270358024
2024-05-13,62940.08,0.0234063469685158,49.49293510074549,56.13,6.637064899254519,-0.0216490033060016,0.0631572123835875,0.0766689524385733
2024-05-14,61577.49,-0.0218867810086137,49.02089872794686,56.23,7.2091012720531396,0.0751737363767182,0.0762700785627994,0.1174521728638176
2024-05-15,66206.5,0.0724822637554475,54.05502031100245,58.61,4.554979688997555,-0.0146706139125312,0.0791481198975929,0.0654216730985628
2024-05-16,65235.21,-0.0147792915907175,54.32090683204229,57.49,3.169093167957712,0.0274206214711349,0.0753140826863283,0.0900248500771285
2024-05-17,67024.0,0.0270514103613143,52.98542723037302,55.26,2.274572769626978,-0.0016232991167343,0.0319679517784674,0.0563240033420864
2024-05-18,66915.2,-0.0016246180943355,51.71268093839102,56.67,4.957319061608985,-0.0095821278274592,0.0157580041604896,0.0364700396920283
2024-05-19,66274.01,-0.0096283318061598,51.84444840366124,57.32,5.475551596338761,0.078048845995587,0.0343419690463879,0.0458166029187008
2024-05-20,71446.62,0.07515278314448,57.69034274060392,61.94,4.249657259396081,-0.0181713284687224,-0.030177074856725,-0.0251723594482146
2024-05-21,70148.34,-0.0183384547582277,58.17034610680886,58.59,0.4196538931911462,-0.0139949142060952,-0.0233885791167688,-0.008672193811001
2024-05-22,69166.62,-0.0140937663868154,57.67528694734134,56.8,-0.875286947341344,-0.0173056020375146,0.0039008701017917,-0.0267814156597502
2024-05-23,67969.65,-0.0174570942889185,57.99041212910865,53.18,-4.810412129108649,0.0085382225743402,0.0063078153263993,0.0043304621989375
2024-05-24,68549.99,0.0085019781146903,56.77971857977017,52.29,-4.4897185797701695,0.0108035026700952,-0.0130936561770469,-0.0259223961958274
2024-05-25,69290.57,0.0107455617713425,56.85833625483743,52.21,-4.6483362548374245,-0.0112987957813019,-0.0135429684010394,-0.0468545719857694
2024-05-26,68507.67,-0.0113631120978981,56.85853840418821,53.73,-3.1285384041882125,0.0135570221553293,-0.0141248417877881,-0.0332724788333919
2024-05-27,69436.43,0.0134659479373295,56.92407538762804,53.91,-3.01407538762804,-0.0149495012920449,-0.024044726953848,-0.0397422505736542
2024-05-28,68398.39,-0.0150623714003808,57.20215562243565,54.76,-2.4421556224356493,-0.0109062508635071,-0.0092510949453633,-0.0276915874774245
2024-05-29,67652.42,-0.0109661600050804,57.29694483604851,53.24,-4.056944836048508,0.0103433107049237,0.0171092179703253,-0.0366150981738716
2024-05-30,68352.17,0.0102901846853451,54.03045665877131,53.27,-0.7604566587713038,-0.0118819929199029,0.0319766000113821,-0.0494175971296887
2024-05-31,67540.01,-0.0119531480022309,52.13722894329389,51.99,-0.1472289432938893,0.0033586018124664,0.0528277979230384,-0.0395324193763074
2024-06-01,67766.85,0.0033529743062472,52.07822560476762,50.68,-1.3982256047676245,-1.8002902599123516e-05,0.0447447387623889,-0.0534669975068932
2024-06-02,67765.63,-1.800306465331948e-05,47.67877112623288,51.11,3.4312288737671253,0.0154100242261452,0.0234627789928316,-0.0517020206260903
2024-06-03,68809.9,0.0152924956767793,47.65650593727936,52.77,5.11349406272064,0.0251117935064577,0.0072745346236517,-0.0813820395030365
2024-06-04,70537.84,0.0248016734785851,48.287169457537054,53.95,5.662830542462949,0.0080830374165128,-0.0126130882374623,-0.1452346712062631
2024-06-05,71108.0,0.0080505446456613,47.93918630596029,55.62,7.680813694039713,-0.0043446588288238,-0.0220509647297069,-0.1308149575293918
2024-06-06,70799.06,-0.0043541242850611,47.62072313608613,51.87,4.249276863913863,-0.0203881237971237,-0.0492212749717297,-0.1403135860843349
2024-06-07,69355.6,-0.0205988304548735,47.77480498908487,50.02,2.2451950109151326,-0.0006508486697541,-0.0157393202567637,-0.1102885707859206
2024-06-08,69310.46,-0.0006510605636952,46.85722423785312,50.34,3.482775762146879,0.0048719919042521,-0.0366099142899933,-0.1281569910227116
2024-06-09,69648.14,0.0048601621590837,44.59511741526223,51.79,7.194882584737769,-0.0015526617078359,-0.0517479720205018,-0.1243602485292499
2024-06-10,69540.0,-0.0015538683361776,44.62339942466201,50.88,6.256600575337991,-0.0320069025021569,-0.0476236698303135,-0.0973251366120218
2024-06-11,67314.24,-0.0325303224150299,46.37495551854799,52.49,6.115044481452017,0.0141091988857038,-0.0094685760397801,-0.0655767635495848
2024-06-12,68263.99,0.0140105905794903,45.96912364673314,50.56,4.590876353266864,-0.0218413837222232,-0.0257772802322279,-0.0897767622431681
2024-06-13,66773.01,-0.0220834377646717,45.98241499259056,49.23,3.247585007409441,-0.0109178843367999,-0.0239271825547476,-0.0983096313914857
2024-06-14,66043.99,-0.010977921824138,38.675758798539626,48.56,9.884241201460377,0.0027899586321176,-0.0161955690442082,-0.1361816571046056
2024-06-15,66228.25,0.0027860739213107,38.31928127234745,48.03,9.710718727652548,0.0067738465080988,-0.0205087708039998,-0.1449450951821919
2024-06-16,66676.87,0.0067510070922938,37.18662230366404,47.9,10.71337769633596,-0.0025877039519101,-0.0379938350435465,-0.1266817113640757
2024-06-17,66504.33,-0.0025910578449524,37.19289768767741,48.81,11.617102312322594,-0.0199838115803888,-0.0337169023430504,-0.1600876213623985
2024-06-18,65175.32,-0.0201861886584316,37.70831336367283,50.06,12.351686636327171,-0.0030832222994838,-0.0301542056103445,-0.1298144757862331
2024-06-19,64974.37,-0.0030879852219766,25.992271612927063,48.6,22.60772838707293,-0.0016064796011104,-0.0720448693846511,-0.1065707909134017
2024-06-20,64869.99,-0.0016077713731205,25.411659218246484,48.28,22.86834078175352,-0.0111982443653837,-0.0472326263654425,-0.1101301233436292
2024-06-21,64143.56,-0.0112614167598417,25.26933190965331,47.11,21.84066809034669,0.0018466390078755,-0.0511130033942612,-0.1060694167894641
2024-06-22,64262.01,0.0018449360662195,24.72365011866389,46.43,21.70634988133611,-0.016370480786393,-0.0397675080502462,-0.0991707231068559
2024-06-23,63210.01,-0.0165059576898561,24.941084928056256,48.23,23.28891507194374,-0.0461431662485103,-0.0440147058986386,-0.0633758798645974
2024-06-24,60293.3,-0.047241688238279,28.893830994744214,50.96,22.066169005255787,0.025089189014368,0.0115001169284147,0.0083692549586769
2024-06-25,61806.01,0.0247796224774557,30.53826161152121,48.14,17.601738388478783,-0.0152253801855192,0.0156295480002672,0.0472143404824223
2024-06-26,60864.99,-0.0153424763626781,30.18315988157064,47.05,16.86684011842936,0.0138253534585317,0.0334346559491753,0.068660160791943
2024-06-27,61706.47,0.0137306550868014,30.57041264443804,47.94,17.369587355561965,-0.02072116586802,0.0069522693487409,0.0385943321664647
2024-06-28,60427.84,-0.0209388617515131,31.073524847870026,45.4,14.326475152129971,0.0092480552010465,-0.0036284599945983,0.0589145665309234
2024-06-29,60986.68,0.0092055537746166,31.01402545767727,43.47,12.455974542322728,0.0292740972290999,-0.0645496688785157,0.0930255590237081
2024-06-30,62772.01,0.0288537938097445,32.8743991027845,45.44,12.565600897215496,0.0020388067866552,-0.0978655932795524,0.0695843577416113
2024-07-01,62899.99,0.0020367312407112,32.84840020518296,44.71,11.86159979481704,-0.0121545329339479,-0.0742426191164736,0.0837098702241447
2024-07-02,62135.47,-0.0122290033197398,33.00875963544794,42.33,9.32124036455206,-0.031011111688702,-0.1010318261051216,0.0868511978745794
2024-07-03,60208.58,-0.0315021343281225,33.790583445890555,45.36,11.569416554109443,-0.0524604632761642,-0.0580309318040718,0.0951264753295957
2024-07-04,57050.01,-0.0538866154831006,36.27276758201733,47.53,11.25723241798267,-0.0073833466462144,0.0175283054288684,0.1459419551372558
2024-07-05,56628.79,-0.0074107384621975,35.859917818800014,48.98,13.120082181199985,0.0282778424190239,0.0193728313813521,0.1619522507897484
2024-07-06,58230.13,0.0278854052420161,37.92951826998191,48.21,10.280481730018096,-0.0407404208096392,-0.0152883052124389,0.1662002128451372
2024-07-07,55857.81,-0.0415935637799837,39.58167611827748,50.99,11.408323881722524,0.0153391262564717,0.0363653712882765,0.2155238452778582
2024-07-08,56714.62,0.0152226712283136,40.29382862862819,51.03,10.73617137137181,0.0235456042903927,0.0438934440537552,0.2033912948724685
2024-07-09,58050.0,0.0232726823228449,41.45301790763805,50.05,8.596982092361948,-0.0055839793281653,0.0473369509043928,0.1504683893195522
2024-07-10,57725.85,-0.0055996280225802,41.42152961410165,48.69,7.268470385898347,-0.0066860860429079,0.121233208346001,0.146592038055741
2024-07-11,57339.89,-0.0067085380495201,40.32074673778782,48.54,8.219253262212177,0.0095781488244919,0.1343584719119621,0.1271036620405097
2024-07-12,57889.1,0.009532569171711,40.07971162617447,46.32,6.240288373825528,0.0227144661084728,0.1070821622723448,0.1289520825163976
2024-07-13,59204.02,0.0224603337463863,40.76502487051471,49.18,8.414975129485292,0.0269219894189618,0.0808036346180547,0.0387526049751352
2024-07-14,60797.91,0.0265659683913898,42.04084881772629,49.3,7.259151182273705,0.0645783711972993,0.0964192683597182,-0.0016434775471723
2024-07-15,64724.14,0.0625788251846498,47.81077933231962,54.52,6.709220667680384,0.0049417419837483,0.0373248682794395,-0.101401733572667
2024-07-16,65043.99,0.0049295716554446,47.77894757864163,56.49,8.711052421358374,-0.014697745325894,0.04798829223115,-0.1695034391340384
2024-07-17,64087.99,-0.0148068273440296,48.02509382275984,58.28,10.25490617724016,-0.0015614470043451,0.0537389298681389,-0.1258579025492919
2024-07-18,63987.92,-0.0015626673332034,47.53691978410012,57.1,9.56308021589988,0.0417591320361718,0.0304446526781929,-0.138366116604509
2024-07-19,66660.0,0.0409107573354448,49.67775017748583,60.8,11.12224982251417,0.0072001200120013,-0.0192619261926192,-0.0746176117611761
2024-07-20,67139.96,0.0071743229020851,49.7174099263654,62.65,12.9325900736346,0.0152722760037389,-0.0199584569308651,-0.0938631777558403
2024-07-21,68165.34,0.0151568287409893,49.74154245840784,66.0,16.258457541592165,-0.0092910854695362,-0.0037753791002874,-0.1062391825523058
2024-07-22,67532.01,-0.0093345168297836,49.89929415016703,67.63,17.730705849832965,-0.0236332370382578,0.0053972923358864,-0.130596142481173
2024-07-23,65936.01,-0.0239169814342164,50.304082457436685,63.91,13.605917542563311,-0.0084932345769783,0.0350926602929113,-0.0999358317253348
2024-07-24,65376.0,-0.0085295076234562,47.31552816170372,61.39,14.074471838296285,0.0064847956436613,0.0215475097895252,-0.0732508871757219
2024-07-25,65799.95,0.0064638598173518,46.666537665337565,61.81,15.143462334662438,0.0320371064111753,0.0058974208946966,-0.1081544894790953
2024-07-26,67907.99,0.031534622237758,47.322836057788464,60.1,12.777163942211535,-0.000169199530129,-0.0483005018997029,-0.1526614173089205
2024-07-27,67896.5,-0.0001692138459844,47.1983637117096,55.04,7.841636288290395,0.0052046865449619,-0.0374464073994977,-0.1328772469862217
2024-07-28,68249.88,0.0051911889774283,46.39041682239392,52.65,6.259583177606082,-0.02146802309396,-0.0989239834560882,-0.1283209582199999
2024-07-29,66784.69,-0.0217018131643439,47.20426238070042,51.73,4.525737619299576,-0.0089345327499461,-0.0911391518026063,-0.1251385609486246
2024-07-30,66188.0,-0.0089746850278234,46.43724530364551,50.62,4.182754696354486,-0.0235692270502205,-0.1212757599564875,-0.1019746781893998
2024-07-31,64628.0,-0.0238514242150137,47.28843644201393,48.73,1.4415635579860648,0.0112338305378474,-0.1641577953828062,-0.0868694683418951
2024-08-01,65354.02,0.0111711996833452,47.17480441225448,49.81,2.635195587745528,-0.0589969828940897,-0.142791675248133,-0.0642346102045443
2024-08-02,61498.33,-0.060808933125691,50.7422657155108,51.4,0.6577342844891945,-0.0130140119252019,-0.1034852491116424,-0.0182523655520402
2024-08-03,60697.99,-0.0130994361288609,47.0814982718868,51.45,4.368501728113202,-0.0417969359446663,0.0162773100064763,0.0550141775699657
2024-08-04,58161.0,-0.042695556818197,49.520886342462376,56.13,6.609113657537627,-0.0712193738071904,0.0460272347449322,0.1030933099499664
2024-08-05,54018.81,-0.0738827077815432,54.962101768453856,63.08,8.117898231546143,0.0370833789193061,0.1278202907468715,0.1888451448671306
2024-08-06,56022.01,0.036412329987494,54.71353401839774,61.54,6.8264659816022615,-0.0158482353632081,0.0480271950256692,0.1215948874379908
2024-08-07,55134.16,-0.0159751614680071,54.71024156690907,60.88,6.169758433090934,0.1188343125205859,0.0764041748346215,0.0776440595086602
2024-08-08,61685.99,0.1122873509141612,67.08079895019563,56.81,-10.270798950195626,-0.0137470436966319,-0.0178134451599139,-0.0429771816906885
2024-08-09,60837.99,-0.0138424093072877,67.26009650288101,55.02,-12.24009650288101,0.0014057006156844,-0.0354153712178854,-0.0243101391088035
2024-08-10,60923.51,0.0014047135434843,67.19117317344299,56.28,-10.91117317344299,-0.0362900955640934,-0.0555196179602915,-0.029537365788675
2024-08-11,58712.59,-0.0369649586682071,68.48194730070203,57.11,-11.371947300702033,0.0107992169992841,0.0027593740967652,0.0044521967094282
2024-08-12,59346.64,0.0107413218969405,68.12942189622629,57.48,-10.649421896226292,0.0209027840497795,0.002449169826632,-0.0344548570904772
2024-08-13,60587.15,0.020687318243458,67.87215305973105,56.92,-10.952153059731046,-0.0314218444009992,-0.0356478230119753,-0.024015323381278
2024-08-14,58683.39,-0.0319261018184248,64.82132482742034,55.31,-9.51132482742034,-0.0194659851791111,0.012867525206025,-0.0203747602174992
2024-08-15,57541.06,-0.0196579426462018,64.99717787530767,55.64,-9.35717787530767,0.0231754507129344,0.0255945928003413,0.0074701439285269
2024-08-16,58874.6,0.0229109783372539,65.54331918052996,53.12,-12.423319180529964,0.0104865255984754,0.038750666671196,-0.0457684638197116
2024-08-17,59491.99,0.0104319233822097,65.70579943297406,53.71,-11.99579943297406,-0.0178955183714647,0.0148566218746422,-0.0929372172623574
2024-08-18,58427.35,-0.0180575795170035,64.0078369985849,55.32,-8.687836998584906,0.0173061074993132,0.0960147944413019,-0.0730221377488453
2024-08-19,59438.5,0.0171580624359473,64.32886848419622,53.68,-10.64886848419622,-0.0071452005013584,0.0793847422125391,-0.0768617983293656
2024-08-20,59013.8,-0.0071708496985934,63.95970359085285,54.06,-9.899703590852845,0.036300492427195,0.0882200434474647,-0.0334125238503536
2024-08-21,61156.03,0.0356571523861472,65.46628219724708,54.68,-10.786282197247084,-0.0127573683249223,0.0274375233317138,-0.0575583470673293
2024-08-22,60375.84,-0.0128394423275779,65.140540597669,53.99,-11.150540597669,0.0606434626830865,-0.0159143127449654,-0.0503154904345843
2024-08-23,64037.24,0.058875764216626,68.56515012053976,55.43,-13.135150120539755,0.0018703179587378,-0.0781161086892563,-0.0922107198873655
2024-08-24,64157.01,0.0018685710918962,68.52353014632462,55.14,-13.383530146324617,0.000981810093706,-0.0747852806731486,-0.0570321154305664
2024-08-25,64220.0,0.0009813284334161,67.5280329187907,54.2,-13.328032918790695,-0.0215820616630333,-0.0793523824353784,-0.0658201494861414
2024-08-26,62834.0,-0.021818360418123,67.88105348076886,51.58,-16.301053480768857,-0.0544132157748989,-0.0614318680968902,-0.0589171467676735
2024-08-27,59415.0,-0.0559496085012552,70.3064918974484,52.69,-17.616491897448398,-0.0063973744004038,-0.0355657662206513,-0.0202139190440124
2024-08-28,59034.9,-0.0064179252947433,70.04076135591986,52.91,-17.13076135591986,0.0054901422717748,0.0016469918641346,0.0216666751362328
2024-08-29,59359.01,0.0054751263752269,70.09581096754627,52.98,-17.115810967546274,-0.0039592978386937,-0.0315247845272351,0.0404484508754441
2024-08-30,59123.99,-0.0039671566087142,69.71593563133486,51.96,-17.755935631334857,-0.002537041224721,-0.0195029124387579,0.064677637622224
2024-08-31,58973.99,-0.0025402649674755,69.52975858824371,50.48,-19.049758588243712,-0.0283536860911055,-0.0473766485869447,0.0716766832293356
2024-09-01,57301.86,-0.0287634153194433,67.05539722512806,54.36,-12.695397225128062,0.0319408479934157,-0.0582684401518553,0.1055306058127956
2024-09-02,59132.13,0.0314413475808036,67.95102712991431,52.92,-15.031027129914309,-0.0278089086254798,-0.0840705383012585,0.0751982044279482
2024-09-03,57487.73,-0.0282028977798505,67.00981281219912,55.29,-11.719812812199116,0.008404750022309,-0.0455363257515996,0.1018001580511178
2024-09-04,57970.9,0.0083696267750248,61.577157487841816,55.73,-5.84715748784182,-0.0308930860138448,-0.0160235566465244,0.1085337643541846
2024-09-05,56180.0,-0.0313803388267203,61.3978345815009,56.79,-4.607834581500903,-0.0394629761480953,0.0259165183339267,0.1241012815948736
2024-09-06,53962.97,-0.0402627510802886,62.767078120565934,59.46,-3.307078120565933,0.0036671443399056,0.0625434441432708,0.2077539468268703
2024-09-07,54160.86,0.0036604367595428,47.805769197287226,58.84,11.034230802712775,0.0130922958018022,0.0733271222059619,0.2143446392837926
2024-09-08,54869.95,0.0130073324703566,48.0505464391082,59.32,11.269453560891796,0.0395854197060505,0.1025707149359531,0.2002562422601077
2024-09-09,57042.0,0.03882199877924,50.24780224571437,58.82,8.572197754285632,0.0104132043055993,0.051734336103222,0.1500650397952385
2024-09-10,57635.99,0.0103593603630522,48.81715515159774,57.18,8.362844848402261,-0.0051702070182189,0.0259561777285339,0.098750797895551
2024-09-11,57338.0,-0.0051836187862416,48.6666019708703,54.84,6.1733980291297,0.0138532910111968,0.0152776518190378,0.0604796121245945
2024-09-12,58132.32,0.0137582112804251,48.3341956153719,53.96,5.625804384628104,0.0406947460552065,0.037529381246095,0.0432970849950595
2024-09-13,60498.0,0.0398885151769493,49.10652643707743,52.51,3.4034735629225707,-0.0083468875004132,0.0208600284306919,0.0042102218255148
2024-09-14,59993.03,-0.008381917831569,48.66457949547158,52.48,3.815420504528418,-0.0143521672434281,0.0492550551289041,0.0348868860265934
2024-09-15,59132.0,-0.0144561557687207,48.3291138355407,53.21,4.880886164459298,-0.0155247581681661,0.0688129946560238,0.0494825136981669
2024-09-16,58213.99,-0.0156465291807425,48.486291282388855,53.29,4.803708717611144,0.0360738028779679,0.0882085216972758,0.0791205000722337
2024-09-17,60313.99,0.035438379599161,49.6557003990269,53.12,3.4642996009731,0.0239745372508102,0.0541295643017483,0.0316677772437208
2024-09-18,61759.99,0.0236916603421471,49.97358585167577,51.59,1.6164141483242318,0.0192357544099344,0.025582905696714,0.006484780842743
2024-09-19,62947.99,0.0190530860779139,50.25198607861859,51.95,1.6980139213814098,0.0040201442492446,0.020885654966902,-0.0367282577251474
2024-09-20,63201.05,0.0040120850615298,48.78727424873394,50.15,1.3627257512660549,0.0023403092195461,-0.0007759364757389,-0.0454843709083947
2024-09-21,63348.96,0.0023375749611005,48.52815887917272,51.04,2.511841120827277,0.0036275260083196,0.0288091548779962,-0.0127699018263283
2024-09-22,63578.76,0.0036209624041565,43.92980012646144,51.13,7.2001998735385655,-0.0037554994781276,0.0344641826924587,-0.0058595040230416
2024-09-23,63339.99,-0.0037625690717466,43.93969917541789,50.45,6.51030082458211,0.0145675741344448,0.0397538742901601,-0.0074197990874327
2024-09-24,64262.7,0.0144624863793905,44.24464941838859,51.52,7.275350581611413,-0.0172835875243336,0.0208411722507768,0.0283413239717598
2024-09-25,63152.01,-0.0174346923431625,43.99802893166319,49.75,5.751971068336808,0.0320176665794167,0.0027802757188566,0.06210617840984
2024-09-26,65173.99,0.0315157856913509,40.38618962096422,52.38,11.993810379035786,0.0091441386356734,-0.0670238234608622,0.0375306161246227
2024-09-27,65769.95,0.0091025841280016,40.28932864221482,51.91,11.620671357785175,0.0013387572896133,-0.0778572889290625,0.02511526920729
2024-09-28,65858.0,0.0013378619530761,40.290953147336765,52.6,12.309046852663236,-0.0038869993015275,-0.0775196635184791,0.0390233532752284
2024-09-29,65602.01,-0.0038945733164771,40.28927631643171,54.02,13.730723683568293,-0.0346699742888975,-0.0535960712179397,0.0423156241706619
2024-09-30,63327.59,-0.0352852405547545,42.46393566804804,54.21,11.746064331951963,-0.039821663827725,-0.0200479759296066,0.0900776423040889
2024-10-01,60805.78,-0.0406362449266593,43.742389306075054,56.64,12.897610693924946,-0.0025737684805622,0.033123989199711,0.1080772255532287
2024-10-02,60649.28,-0.0025770863167755,42.44875575207197,56.35,13.901244247928034,0.0017053788602272,0.0259643642925357,0.111736198681996
2024-10-03,60752.71,0.0017039263528479,41.13443224821399,57.45,16.315567751786013,0.0219461814954426,0.0231722996389791,0.0973773844821077
2024-10-04,62086.0,0.0217088304100372,41.660663451727565,55.53,13.869336548272436,-0.000450987340141,-0.0233543794092065,0.0984486035499145
2024-10-05,62058.0,-0.0004510890655172,39.87337052171807,55.41,15.536629478281924,0.0122773856714686,-0.0279030906571272,0.074774082310097
2024-10-06,62819.91,0.0122026298209962,36.73198535162332,57.17,20.43801464837668,-0.0094860053126469,-0.0044557529611233,0.0680174486082516
2024-10-07,62224.0,-0.0095312840313263,37.08204574071426,56.6,19.517954259285737,-0.0010206672666495,0.0157852275649268,0.0931746592954485
2024-10-08,62160.49,-0.0010211885021863,37.00574503850092,55.63,18.624254961499084,-0.0245247423242641,0.0114144853105244,0.1255093066351311
2024-10-09,60636.02,-0.0248304829764271,36.151974235313794,56.11,19.958025764686205,-0.0051063707677383,0.0898470908875617,0.1995579525173321
2024-10-10,60326.39,-0.0051194528325319,36.10661295912773,54.97,18.86338704087227,0.0366938913467222,0.1118540327044266,0.199222098322144
2024-10-11,62540.0,0.0360366989274491,37.95849832253352,57.51,19.55150167746648,0.0106527022705469,0.08122817396866,0.1239528301886792
2024-10-12,63206.22,0.0105963620019293,37.86050132519024,56.84,18.97949867480977,-0.005319096759781,0.066695334731297,0.0995121999069077
2024-10-13,62870.02,-0.0053332935199566,35.495240570439385,57.14,21.64475942956061,0.0511208681021575,0.0884042982648964,0.1034629860146378
2024-10-14,66083.99,0.0498570882341062,39.12677738846166,57.85,18.72322261153834,0.0149832054632292,0.03471355164844,0.0407360390920705
2024-10-15,67074.14,0.0148720660152124,38.79478216621381,58.15,19.355217833786185,0.0081383078485985,0.0291893418238387,0.0115673492049244
2024-10-16,67620.01,0.0081053704039833,38.14456079052555,57.44,19.295439209474445,-0.0029315286998625,-0.0035863644504045,0.0259094904008443
2024-10-17,67421.78,-0.0029358340463448,36.60702048903815,56.4,19.79297951096185,0.0149242574135539,6.259104995454123e-05,0.1208839339453808
2024-10-18,68428.0,0.0148139864714204,36.125020589599366,55.18,19.05497941040064,-0.0007306950371193,-0.0257109662711171,0.1085796749868475
2024-10-19,68378.0,-0.0007309621248523,35.70394346344429,54.7,18.99605653655572,0.009564333557577,-0.0026283307496562,0.118923922899178
2024-10-20,69031.99,0.0095188848804481,35.77987424181805,56.66,20.880125758181947,-0.0239670042830868,-0.0338054864128936,0.1107525655858971
2024-10-21,67377.5,-0.02425888605349,37.01765982904543,55.69,18.67234017095457,0.0007198248673518,-0.0042260398500983,0.1928315832436644
2024-10-22,67426.0,0.0007195659176902,37.01604655980823,55.77,18.75395344019177,-0.0112323139441758,0.0088348708213448,0.3147449055260582
2024-10-23,66668.65,-0.011295872772437,37.25508120369167,56.29,19.03491879630833,0.0229437674229191,0.0494019302925738,0.3192409025831482
2024-10-24,68198.28,0.0226845171526348,37.716909111945625,57.3,19.58309088805437,-0.0219939564458223,0.0665433204473777,0.3251829811543634
2024-10-25,66698.33,-0.0222394294631636,38.0638547100645,58.08,20.01614528993549,0.0059136413160567,0.0846559426600337,0.3092620160054982
2024-10-26,67092.76,0.0058962243705628,36.56790963318417,55.36,18.792090366815827,0.01384560718623,0.047683982593651,0.3568091400622066
2024-10-27,68021.7,0.0137506324185205,36.73362448350282,57.18,20.446375516497177,0.0285278080377293,0.0216741128198794,0.331735607901596
2024-10-28,69962.21,0.0281284672152079,37.92279895352654,57.78,19.857201046473463,0.039652978372181,-0.0083969617311975,0.2843503657188644
2024-10-29,72736.42,0.0388869828293775,39.96470773145041,59.83,19.865292268549588,-0.0053849227113458,-0.054449064168954,0.2437246705295641
2024-10-30,72344.74,-0.0053994736683439,37.609942440571935,59.11,21.500057559428065,-0.0283742812538964,-0.0621293268867925,0.2759848193524503
2024-10-31,70292.01,-0.028784611695911,36.01565141706358,58.23,22.214348582936417,-0.011324188908526,-0.0130882585374924,0.3413552977073781
2024-11-01,69496.01,-0.0113887957455068,36.37319519554816,59.77,23.396804804451847,-0.0017449922664622,0.087429191978072,0.4147160390934674
2024-11-02,69374.74,-0.0017465165389545,36.42691347195882,60.26,23.83308652804118,-0.0086306629761783,0.093451161042189,0.4254756125932868
2024-11-03,68775.99,-0.0086681228392535,36.1526819758282,62.49,26.337318024171807,-0.0134637102279445,0.1124489811051792,0.4201525852263266
2024-11-04,67850.01,-0.0135551678077721,36.61486898799232,64.97,28.35513101200768,0.0224318316239009,0.1301024126599246,0.4428891020060277
2024-11-05,69372.01,0.0221839383739041,37.09388465694005,63.71,26.61611534305996,0.0893729329739763,0.1585365625127484,0.3407426136275999
2024-11-06,75571.99,0.0856022398482151,46.57941645966987,55.97,9.390583540330129,0.0037831476979763,0.173027069950123,0.2169212429102369
2024-11-07,75857.89,0.0037760095920657,46.512213108049565,53.55,7.037786891950432,0.0085935688430036,0.1594312733981921,0.2637197000865698
2024-11-08,76509.78,0.0085568543195202,45.105822967332166,49.85,4.744177032667835,0.0021916152418686,0.1812241519973001,0.2500882893664051
2024-11-09,76677.46,0.0021892171563324,44.91498267850682,50.54,5.625017321493175,0.0481569159959132,0.1388691018194916,0.271038451195436
2024-11-10,80370.01,0.0470333036943159,45.93138224252822,53.28,7.348617757471779,0.102998369665501,0.1326621708769231,0.19955179799032
2024-11-11,88647.99,0.0980322621791588,55.57908082002557,61.52,5.940919179974429,-0.0078510522347997,0.0218722387275784,0.0963043832127494
2024-11-12,87952.01,-0.0078820340116355,55.68195904581494,57.69,2.008040954185056,0.0275512748372663,0.0216479418719368,0.08969220828495
2024-11-13,90375.2,0.0271785686611841,54.243154004292485,58.54,4.296845995707514,-0.0337438810647169,0.0009834556382724,0.0605751356566846
2024-11-14,87325.59,-0.0343263464379091,56.40796659357882,59.46,3.052033406421181,0.0424443739801816,0.0570875043615508,0.1289625412207351
2024-11-15,91032.07,0.0415683149748234,57.55249412406754,56.29,-1.262494124067544,-0.0048900349074783,0.0357510270830927,0.0649612823261076
2024-11-16,90586.92,-0.0049020302492469,57.61178672677018,56.84,-0.7717867267701735,-0.0080688249473543,0.0853346156376659,0.1010512334451816
2024-11-17,89855.99,-0.0081015540914193,57.91669142787394,57.23,-0.6866914278739458,0.0067673841220823,0.1005610199164239,0.1110220921276365
2024-11-18,90464.08,0.0067445881663555,57.81590324721244,58.3,0.4840967527875577,0.0204137376956687,0.0796815708511045,0.1176766513294558
2024-11-19,92310.79,0.020208170244353,57.94038737005748,58.25,0.3096126299425208,0.0214034567356644,0.0605481764374458,0.0537930614611792
2024-11-20,94286.56,0.0211776195370802,56.74520908518189,60.18,3.434790914818116,0.042747980199935,-0.0135390452255337,0.0244620230073087
2024-11-21,98317.12,0.0418595170994526,57.59683173592527,61.29,3.693168264074728,0.005847201382628,-0.0646068558558264,0.0285594207804298
2024-11-22,98892.0,0.005830172847894,57.01038176095764,60.78,3.769618239042359,-0.0123326457145168,-0.0306282611333575,0.0112475225498522
2024-11-23,97672.4,-0.0124093238715747,57.58243802414644,60.89,3.3075619758535595,0.0023306481667286,-0.0207675863396414,0.0384125914792716
2024-11-24,97900.04,0.0023279364188929,56.37012758285677,64.09,7.719872417143236,-0.0499492135038963,-0.004494788766174,0.035954632909241
2024-11-25,93010.01,-0.0512398363468742,60.61318127659072,60.65,0.0368187234092758,-0.0112337370999099,0.0365334870945612,0.1231478203260059
2024-11-26,91965.16,-0.0112973120961308,61.09206223017941,61.23,0.1379377698205885,0.0423850727819099,0.0567608429105108,0.1532482518379787
2024-11-27,95863.11,0.0415114266779128,61.7650764886602,59.73,-2.035076488660202,-0.002285863665387,-0.0002346053659223,0.1071385019743258
2024-11-28,95643.98,-0.0022884802399176,61.04884790349696,57.55,-3.4988479034969657,0.0189872901566832,0.0021507887898433,0.0476771251049987
2024-11-29,97460.0,0.0188092813038051,60.90769188935745,56.11,-4.797691889357452,-0.0107942745741842,0.0115670018469116,1.9084752719056297e-05
2024-11-30,96407.99,-0.0108529554161065,59.78379388600107,55.17,-4.613793886001069,0.0080614687641551,0.0055767162037088,0.0144951678797575
2024-12-01,97185.18,0.0080291487067369,59.26916459168077,57.2,-2.069164591680768,-0.0138350312259544,0.0262968078054699,0.0010990358818083
2024-12-02,95840.62,-0.013931627244584,59.75401800340149,55.94,-3.814018003401493,9.46362826117486e-05,0.0416459117230252,-0.0068274808739758
2024-12-03,95849.69,9.463180488125696e-05,59.47271398308737,56.5,-2.972713983087367,0.0285616990519219,0.0548765468099061,-0.0101014411209885
2024-12-04,98587.32,0.0281614176668814,59.07797437215864,57.17,-1.907974372158634,-0.0166521414721487,-0.0132963346604817,0.0007735274678324
2024-12-05,96945.63,-0.0167923470412215,59.82960440685662,60.96,1.1303955931433831,0.0288327591455126,-0.0036373996434909,0.0256222998396111
2024-12-06,99740.84,0.0284249160874968,53.90580056466868,58.44,4.534199435331317,0.000913868381297,0.0138775650977072,-0.0395950144394211
2024-12-07,99831.99,0.0009134510578209,53.95161229901924,57.2,3.248387700980764,0.012797501081567,0.001725899684059,-0.0554227157046554
2024-12-08,101109.59,0.0127163050682054,53.96532177091687,58.15,4.184678229083126,-0.0379105483466009,0.0031120687958481,-0.0574583479173439
2024-12-09,97276.47,-0.0386478475525823,56.46395881359595,59.74,3.2760411864040506,-0.0070260567637785,0.0425953984555567,-0.0363733387940578
2024-12-10,96593.0,-0.0070508557281579,54.879177264217184,59.18,4.300822735782816,0.0469185137639374,0.081486132535484,-0.0393501599494786
2024-12-11,101125.0,0.0458511005539251,46.21506130197574,59.94,13.72493869802426,-0.0110824227441286,0.0487877379480841,-0.0746501854140915
