timestamp,dvol_30d,open,high,low,close
2023-02-27 00:00:00+00:00,5044.0,51.34,51.49,49.9,50.44
2023-02-28 00:00:00+00:00,5037.0,50.44,50.62,49.16,50.37
2023-03-01 00:00:00+00:00,5471.0,50.37,55.83,50.34,54.71
2023-03-02 00:00:00+00:00,5372.0,54.71,55.36,53.19,53.72
2023-03-03 00:00:00+00:00,5220.0,53.72,55.91,50.53,52.2
2023-03-04 00:00:00+00:00,5157.0,52.2,52.35,50.4,51.57
2023-03-05 00:00:00+00:00,5084.0,51.57,52.71,50.62,50.84
2023-03-06 00:00:00+00:00,5178.0,50.84,52.55,50.4,51.78
2023-03-07 00:00:00+00:00,5146.0,51.78,52.56,50.73,51.46
2023-03-08 00:00:00+00:00,5012.0,51.46,52.56,49.62,50.12
2023-03-09 00:00:00+00:00,5439.0,50.12,56.03,48.47,54.39
2023-03-10 00:00:00+00:00,5420.0,54.39,59.38,53.44,54.2
2023-03-11 00:00:00+00:00,5982.0,54.2,65.03,52.31,59.82
2023-03-12 00:00:00+00:00,5887.0,59.82,62.61,57.09,58.87
2023-03-13 00:00:00+00:00,6224.0,58.87,70.39,54.56,62.24
2023-03-14 00:00:00+00:00,6346.0,62.24,68.19,59.71,63.46
2023-03-15 00:00:00+00:00,6415.000000000001,63.46,70.1,61.88,64.15
2023-03-16 00:00:00+00:00,6245.0,64.15,64.15,56.98,62.45
2023-03-17 00:00:00+00:00,6659.0,62.45,69.46,60.76,66.59
2023-03-18 00:00:00+00:00,6725.0,66.59,68.88,64.07,67.25
2023-03-19 00:00:00+00:00,7334.0,67.25,74.34,67.13,73.34
2023-03-20 00:00:00+00:00,6823.0,73.34,73.83,68.08,68.23
2023-03-21 00:00:00+00:00,7006.0,68.23,71.75,67.0,70.06
2023-03-22 00:00:00+00:00,6389.0,68.92,70.11,63.29,63.89
2023-03-23 00:00:00+00:00,6643.000000000001,63.89,67.31,61.07,66.43
2023-03-24 00:00:00+00:00,6506.0,66.43,67.76,64.5,65.06
2023-03-25 00:00:00+00:00,6159.0,65.06,65.19,60.99,61.59
2023-03-26 00:00:00+00:00,6323.0,61.59,63.35,61.48,63.23
2023-03-27 00:00:00+00:00,6212.0,63.23,65.95,61.97,62.12
2023-03-28 00:00:00+00:00,6013.0,62.12,63.42,59.73,60.13
2023-03-29 00:00:00+00:00,6448.999999999999,60.13,64.96,58.82,64.49
2023-03-30 00:00:00+00:00,6274.0,64.49,66.82,62.34,62.74
2023-03-31 00:00:00+00:00,5852.0,62.74,62.99,57.97,58.52
2023-04-01 00:00:00+00:00,5817.0,58.52,58.53,57.35,58.17
2023-04-02 00:00:00+00:00,6028.0,58.17,60.65,58.02,60.28
2023-04-03 00:00:00+00:00,6183.0,60.28,62.44,58.38,61.83
2023-04-04 00:00:00+00:00,5965.0,61.83,61.83,59.45,59.65
2023-04-05 00:00:00+00:00,5802.0,59.65,60.56,57.93,58.02
2023-04-06 00:00:00+00:00,5706.0,58.02,59.81,56.61,57.06
2023-04-07 00:00:00+00:00,5450.0,57.06,57.06,54.25,54.5
2023-04-08 00:00:00+00:00,5526.0,54.5,55.83,53.63,55.26
2023-04-09 00:00:00+00:00,5856.0,55.26,58.81,54.87,58.56
2023-04-10 00:00:00+00:00,6216.0,58.56,63.05,57.17,62.16
2023-04-11 00:00:00+00:00,6018.0,62.16,63.03,60.12,60.18
2023-04-12 00:00:00+00:00,5587.0,60.18,60.27,55.86,55.87
2023-04-13 00:00:00+00:00,5547.0,55.87,56.77,55.03,55.47
2023-04-14 00:00:00+00:00,5346.0,55.47,57.07,53.14,53.46
2023-04-15 00:00:00+00:00,5381.0,53.46,53.98,52.63,53.81
2023-04-16 00:00:00+00:00,5640.0,53.81,56.63,53.51,56.4
2023-04-17 00:00:00+00:00,5560.0,56.4,57.31,53.72,55.6
2023-04-18 00:00:00+00:00,5563.0,55.6,56.44,55.01,55.63
2023-04-19 00:00:00+00:00,5571.0,55.63,56.1,54.35,55.71
2023-04-20 00:00:00+00:00,5611.0,55.14,56.16,54.02,56.11
2023-04-21 00:00:00+00:00,5482.0,56.11,56.22,53.15,54.82
2023-04-22 00:00:00+00:00,5453.0,54.82,54.84,53.07,54.53
2023-04-23 00:00:00+00:00,5422.0,54.53,55.83,53.84,54.22
2023-04-24 00:00:00+00:00,5272.0,54.22,54.3,52.42,52.72
2023-04-25 00:00:00+00:00,5238.0,52.72,53.53,52.08,52.38
2023-04-26 00:00:00+00:00,5547.0,52.39,58.62,51.68,55.47
2023-04-27 00:00:00+00:00,5507.0,55.46,56.97,53.47,55.07
2023-04-28 00:00:00+00:00,5073.0,55.07,55.1,50.61,50.73
2023-04-29 00:00:00+00:00,5068.0,50.73,51.01,50.1,50.68
2023-04-30 00:00:00+00:00,5330.0,50.68,53.3,49.22,53.3
2023-05-01 00:00:00+00:00,5319.0,53.3,55.07,53.02,53.19
2023-05-02 00:00:00+00:00,5321.0,53.19,53.55,51.95,53.21
2023-05-03 00:00:00+00:00,5292.0,53.21,54.41,50.94,52.92
2023-05-04 00:00:00+00:00,5190.0,52.92,54.03,51.6,51.9
2023-05-05 00:00:00+00:00,5167.0,51.9,52.6,51.41,51.67
2023-05-06 00:00:00+00:00,5053.0,51.67,51.99,50.26,50.53
2023-05-07 00:00:00+00:00,5168.0,50.53,51.72,49.72,51.68
2023-05-08 00:00:00+00:00,5134.0,51.68,51.87,50.79,51.34
2023-05-09 00:00:00+00:00,5198.0,51.34,52.02,51.07,51.98
2023-05-10 00:00:00+00:00,5086.0,51.98,52.31,50.55,50.86
2023-05-11 00:00:00+00:00,5121.0,50.86,51.98,48.61,51.21
2023-05-12 00:00:00+00:00,5009.0,51.21,52.86,50.09,50.09
2023-05-13 00:00:00+00:00,4835.0,50.09,50.09,48.23,48.35
2023-05-14 00:00:00+00:00,4802.0,48.35,48.5,47.53,48.02
2023-05-15 00:00:00+00:00,5228.0,48.02,53.18,47.94,52.28
2023-05-16 00:00:00+00:00,5057.0,52.28,52.51,50.33,50.57
2023-05-17 00:00:00+00:00,4972.0,50.57,50.57,49.16,49.72
2023-05-18 00:00:00+00:00,4628.0,49.72,49.91,46.1,46.28
2023-05-19 00:00:00+00:00,4652.0,46.28,46.95,45.07,46.52
2023-05-20 00:00:00+00:00,4634.0,46.52,47.11,45.52,46.34
2023-05-21 00:00:00+00:00,4702.0,46.34,47.63,45.51,47.02
2023-05-22 00:00:00+00:00,4758.0,47.02,48.0,45.54,47.58
2023-05-23 00:00:00+00:00,5008.0,47.58,50.25,46.2,50.08
2023-05-24 00:00:00+00:00,5130.0,50.08,52.23,48.91,51.3
2023-05-25 00:00:00+00:00,4777.0,51.3,51.56,47.31,47.77
2023-05-26 00:00:00+00:00,4524.0,47.77,47.79,43.56,45.24
2023-05-27 00:00:00+00:00,4309.0,45.24,45.3,42.98,43.09
2023-05-28 00:00:00+00:00,4994.0,43.09,49.94,43.07,49.94
2023-05-29 00:00:00+00:00,4712.0,49.94,50.57,46.34,47.12
2023-05-30 00:00:00+00:00,4468.0,47.12,47.38,44.22,44.68
2023-05-31 00:00:00+00:00,4393.0,44.68,45.94,43.69,43.93
2023-06-01 00:00:00+00:00,4213.0,43.86,44.06,41.54,42.13
2023-06-02 00:00:00+00:00,4140.0,42.13,43.61,39.89,41.4
2023-06-03 00:00:00+00:00,3975.0,41.4,41.45,39.71,39.75
2023-06-04 00:00:00+00:00,4169.0,39.75,41.73,38.95,41.69
2023-06-05 00:00:00+00:00,4011.0,41.69,42.61,39.18,40.11
2023-06-06 00:00:00+00:00,4365.0,40.11,43.65,39.76,43.65
2023-06-07 00:00:00+00:00,4563.0,43.64,45.7,41.64,45.63
2023-06-08 00:00:00+00:00,4135.0,45.63,46.13,41.35,41.35
2023-06-09 00:00:00+00:00,4079.9999999999995,41.35,41.78,40.44,40.8
2023-06-10 00:00:00+00:00,4337.0,40.8,43.66,40.57,43.37
2023-06-11 00:00:00+00:00,4281.0,43.37,43.59,42.25,42.81
2023-06-12 00:00:00+00:00,4645.0,42.81,46.46,39.85,46.45
2023-06-13 00:00:00+00:00,4538.0,46.45,46.45,45.33,45.38
2023-06-14 00:00:00+00:00,4466.0,45.38,47.54,42.05,44.66
2023-06-15 00:00:00+00:00,4663.0,44.66,48.4,43.76,46.63
2023-06-16 00:00:00+00:00,4506.0,46.63,46.78,43.14,45.06
2023-06-17 00:00:00+00:00,4295.0,45.06,45.06,42.59,42.95
2023-06-18 00:00:00+00:00,4541.0,42.95,45.71,42.53,45.41
2023-06-19 00:00:00+00:00,4522.0,45.41,45.43,43.84,45.22
2023-06-20 00:00:00+00:00,5271.0,45.22,53.13,45.14,52.71
2023-06-21 00:00:00+00:00,5583.0,52.71,59.24,51.99,55.83
2023-06-22 00:00:00+00:00,5105.0,55.83,56.2,50.91,51.05
2023-06-23 00:00:00+00:00,5271.0,51.05,53.97,49.39,52.71
2023-06-24 00:00:00+00:00,4915.0,52.71,52.75,44.6,49.15
2023-06-25 00:00:00+00:00,4951.0,49.15,50.83,48.72,49.51
2023-06-26 00:00:00+00:00,4951.0,49.51,52.12,48.66,49.51
2023-06-27 00:00:00+00:00,4892.0,49.51,50.67,48.87,48.92
2023-06-28 00:00:00+00:00,4844.0,48.92,48.92,46.94,48.44
2023-06-29 00:00:00+00:00,4352.0,48.44,48.59,43.41,43.52
2023-06-30 00:00:00+00:00,4606.0,43.52,47.17,42.92,46.06
2023-07-01 00:00:00+00:00,4656.0,46.06,46.56,44.63,46.56
2023-07-02 00:00:00+00:00,4788.0,46.56,47.89,46.54,47.88
2023-07-03 00:00:00+00:00,4905.0,47.88,49.62,46.67,49.05
2023-07-04 00:00:00+00:00,4661.0,48.16,48.18,46.47,46.61
2023-07-05 00:00:00+00:00,4645.0,46.61,46.65,45.22,46.45
2023-07-06 00:00:00+00:00,4796.0,46.45,49.92,45.36,47.96
2023-07-07 00:00:00+00:00,4504.0,47.96,48.37,44.81,45.04
2023-07-08 00:00:00+00:00,4401.0,45.04,45.27,43.55,44.01
2023-07-09 00:00:00+00:00,4389.0,44.01,44.67,43.45,43.89
2023-07-10 00:00:00+00:00,4426.0,43.89,44.83,43.55,44.26
2023-07-11 00:00:00+00:00,4396.0,44.26,44.53,43.07,43.96
2023-07-12 00:00:00+00:00,4126.0,43.96,46.49,41.23,41.26
2023-07-13 00:00:00+00:00,4515.0,41.26,46.55,40.63,45.15
2023-07-14 00:00:00+00:00,4221.0,45.15,45.45,42.08,42.21
2023-07-15 00:00:00+00:00,4298.0,42.21,43.32,41.63,42.98
2023-07-16 00:00:00+00:00,4210.0,42.98,43.03,42.01,42.1
2023-07-17 00:00:00+00:00,4290.0,42.1,43.47,41.79,42.9
2023-07-18 00:00:00+00:00,4267.0,42.9,43.57,42.06,42.67
2023-07-19 00:00:00+00:00,4053.0,42.67,42.68,40.52,40.53
2023-07-20 00:00:00+00:00,4162.0,40.53,42.05,40.08,41.62
2023-07-21 00:00:00+00:00,3876.0,41.62,41.79,38.63,38.76
2023-07-22 00:00:00+00:00,3907.0,38.76,39.31,37.36,39.07
2023-07-23 00:00:00+00:00,3927.0000000000005,39.07,39.49,37.54,39.27
2023-07-24 00:00:00+00:00,3825.0,39.27,39.65,37.58,38.25
2023-07-25 00:00:00+00:00,3777.0000000000005,38.25,38.38,36.47,37.77
2023-07-26 00:00:00+00:00,3815.0,37.77,39.35,37.58,38.15
2023-07-27 00:00:00+00:00,3636.0,38.15,38.15,36.34,36.36
2023-07-28 00:00:00+00:00,3547.0,36.36,36.55,35.05,35.47
2023-07-29 00:00:00+00:00,3496.0,35.47,35.48,34.11,34.96
2023-07-30 00:00:00+00:00,3633.0,34.96,36.4,34.96,36.33
2023-07-31 00:00:00+00:00,3677.0000000000005,36.33,37.19,35.75,36.77
2023-08-01 00:00:00+00:00,3656.0,36.17,37.07,35.59,36.56
2023-08-02 00:00:00+00:00,3682.0,36.56,37.46,36.4,36.82
2023-08-03 00:00:00+00:00,3621.0,36.82,37.08,35.74,36.21
2023-08-04 00:00:00+00:00,3436.9999999999995,36.21,36.26,34.21,34.37
2023-08-05 00:00:00+00:00,3379.0,34.37,34.6,33.42,33.79
2023-08-06 00:00:00+00:00,3403.0,33.79,34.3,33.32,34.03
2023-08-07 00:00:00+00:00,3629.0,34.03,36.75,33.93,36.29
2023-08-08 00:00:00+00:00,3985.0,36.29,41.23,34.76,39.85
2023-08-09 00:00:00+00:00,3872.9999999999995,39.85,40.64,38.51,38.73
2023-08-10 00:00:00+00:00,3620.0000000000005,38.73,38.73,36.04,36.2
2023-08-11 00:00:00+00:00,3274.0,36.2,36.22,32.74,32.74
2023-08-12 00:00:00+00:00,3238.0000000000005,32.74,32.74,31.41,32.38
2023-08-13 00:00:00+00:00,3376.0,32.38,33.76,32.18,33.76
2023-08-14 00:00:00+00:00,3501.0,33.76,35.03,32.21,35.01
2023-08-15 00:00:00+00:00,3458.0,35.01,36.53,34.43,34.58
2023-08-16 00:00:00+00:00,3656.0,34.58,37.43,34.23,36.56
2023-08-17 00:00:00+00:00,5230.0,36.56,53.59,36.3,52.3
2023-08-18 00:00:00+00:00,4358.0,52.3,52.3,41.49,43.58
2023-08-19 00:00:00+00:00,4301.0,43.58,43.97,36.62,43.01
2023-08-20 00:00:00+00:00,4318.0,43.01,43.38,40.24,43.18
2023-08-21 00:00:00+00:00,4263.0,43.18,43.92,42.3,42.63
2023-08-22 00:00:00+00:00,4213.0,42.63,44.11,41.89,42.13
2023-08-23 00:00:00+00:00,4338.0,42.13,44.02,40.05,43.38
2023-08-24 00:00:00+00:00,4172.0,43.38,43.38,41.37,41.72
2023-08-25 00:00:00+00:00,3631.0,41.72,42.18,36.25,36.31
2023-08-26 00:00:00+00:00,3552.0000000000005,36.31,36.35,35.36,35.52
2023-08-27 00:00:00+00:00,3604.9999999999995,35.52,36.3,35.24,36.05
2023-08-28 00:00:00+00:00,3642.0,36.05,37.6,35.82,36.42
2023-08-29 00:00:00+00:00,4060.0,36.42,44.99,36.08,40.6
2023-08-30 00:00:00+00:00,3818.0,40.6,40.6,38.08,38.18
2023-08-31 00:00:00+00:00,3597.9999999999995,38.18,39.52,35.98,35.98
2023-09-01 00:00:00+00:00,3609.0000000000005,35.98,38.09,35.24,36.09
2023-09-02 00:00:00+00:00,3557.0,36.09,36.4,35.39,35.57
2023-09-03 00:00:00+00:00,3784.0000000000005,35.57,38.37,35.57,37.84
2023-09-04 00:00:00+00:00,3829.9999999999995,37.84,38.85,37.14,38.3
2023-09-05 00:00:00+00:00,3979.0,39.51,40.19,39.09,39.79
2023-09-06 00:00:00+00:00,3940.9999999999995,39.79,40.83,37.77,39.41
2023-09-07 00:00:00+00:00,3974.0,39.41,41.0,38.8,39.74
2023-09-08 00:00:00+00:00,4000.0,39.74,41.31,39.45,40.0
2023-09-09 00:00:00+00:00,3975.0,40.0,40.34,38.82,39.75
2023-09-10 00:00:00+00:00,4052.0000000000005,39.75,41.65,39.42,40.52
2023-09-11 00:00:00+00:00,4433.0,40.52,45.54,40.46,44.33
2023-09-12 00:00:00+00:00,4357.0,44.33,44.83,41.62,43.57
2023-09-13 00:00:00+00:00,4405.0,43.57,44.26,42.66,44.05
2023-09-14 00:00:00+00:00,4171.0,44.05,44.23,41.14,41.71
2023-09-15 00:00:00+00:00,3914.0,41.71,41.85,38.81,39.14
2023-09-16 00:00:00+00:00,3952.0000000000005,39.14,39.61,38.72,39.52
2023-09-17 00:00:00+00:00,3983.0,39.52,40.25,38.34,39.83
2023-09-18 00:00:00+00:00,4148.0,39.83,43.03,39.54,41.48
2023-09-19 00:00:00+00:00,4253.0,41.48,42.76,41.35,42.53
2023-09-20 00:00:00+00:00,4301.0,42.53,43.83,41.96,43.01
2023-09-21 00:00:00+00:00,4137.0,43.01,43.28,40.79,41.37
2023-09-22 00:00:00+00:00,3729.0,41.37,41.42,36.8,37.29
2023-09-23 00:00:00+00:00,3764.0,37.29,37.83,36.25,37.64
2023-09-24 00:00:00+00:00,3860.0,37.64,39.92,36.61,38.6
2023-09-25 00:00:00+00:00,3925.0,38.6,40.34,38.0,39.25
2023-09-26 00:00:00+00:00,3867.0,39.25,40.45,38.51,38.67
2023-09-27 00:00:00+00:00,3606.0,38.67,39.64,35.54,36.06
2023-09-28 00:00:00+00:00,3863.0000000000005,36.06,40.38,35.39,38.63
2023-09-29 00:00:00+00:00,3304.0,38.63,38.85,33.04,33.04
2023-09-30 00:00:00+00:00,3589.0,33.04,35.93,32.33,35.89
2023-10-01 00:00:00+00:00,3750.0,35.89,37.59,35.48,37.5
2023-10-02 00:00:00+00:00,3817.0,37.49,40.8,36.2,38.17
2023-10-03 00:00:00+00:00,3796.0,37.53,38.35,36.94,37.96
2023-10-04 00:00:00+00:00,3728.0,37.96,38.19,37.04,37.28
2023-10-05 00:00:00+00:00,3675.0,37.28,38.35,36.65,36.75
2023-10-06 00:00:00+00:00,3506.0,36.75,36.8,34.47,35.06
2023-10-07 00:00:00+00:00,3761.0,35.06,37.87,34.79,37.61
2023-10-08 00:00:00+00:00,3785.0,37.61,38.01,36.29,37.85
2023-10-09 00:00:00+00:00,3681.0,37.85,39.05,36.76,36.81
2023-10-10 00:00:00+00:00,3853.0,36.81,39.06,36.67,38.53
2023-10-11 00:00:00+00:00,3688.0000000000005,38.53,38.64,36.09,36.88
2023-10-12 00:00:00+00:00,3519.0,36.88,37.82,35.16,35.19
2023-10-13 00:00:00+00:00,3536.9999999999995,35.19,36.86,34.97,35.37
2023-10-14 00:00:00+00:00,3653.0,35.37,36.57,34.82,36.53
2023-10-15 00:00:00+00:00,3815.9999999999995,36.53,38.19,36.44,38.16
2023-10-16 00:00:00+00:00,4263.0,38.17,45.18,36.27,42.63
2023-10-17 00:00:00+00:00,4108.0,42.63,42.68,40.81,41.08
2023-10-18 00:00:00+00:00,3924.0,41.08,41.09,39.21,39.24
2023-10-19 00:00:00+00:00,3918.0,39.24,40.58,39.04,39.18
2023-10-20 00:00:00+00:00,4426.0,39.18,46.59,39.08,44.26
2023-10-21 00:00:00+00:00,4590.0,44.26,46.45,42.74,45.9
2023-10-22 00:00:00+00:00,4881.0,45.9,48.92,45.14,48.81
2023-10-23 00:00:00+00:00,5537.0,48.81,64.06,47.91,55.37
2023-10-24 00:00:00+00:00,5419.0,55.37,63.84,53.06,54.19
2023-10-25 00:00:00+00:00,5836.0,54.19,60.04,53.32,58.36
2023-10-26 00:00:00+00:00,5502.0,58.36,60.82,54.75,55.02
2023-10-27 00:00:00+00:00,4719.0,55.02,55.02,47.19,47.19
2023-10-28 00:00:00+00:00,5023.0,47.19,50.41,47.16,50.23
2023-10-29 00:00:00+00:00,5421.0,50.23,55.16,49.94,54.21
2023-10-30 00:00:00+00:00,5389.0,54.21,57.29,53.07,53.89
2023-10-31 00:00:00+00:00,5476.0,53.89,54.76,53.32,54.76
2023-11-01 00:00:00+00:00,5978.0,54.76,60.03,54.57,59.78
2023-11-02 00:00:00+00:00,6000.0,59.78,61.94,58.84,60.0
2023-11-03 00:00:00+00:00,5789.0,60.0,60.62,57.33,57.89
2023-11-04 00:00:00+00:00,6246.0,57.89,62.57,57.88,62.46
2023-11-05 00:00:00+00:00,6010.0,62.46,62.77,59.36,60.1
2023-11-06 00:00:00+00:00,5736.0,60.1,60.97,57.32,57.36
2023-11-07 00:00:00+00:00,5548.0,55.68,57.02,52.02,55.48
2023-11-08 00:00:00+00:00,5758.0,55.48,58.03,54.31,57.58
2023-11-09 00:00:00+00:00,5887.0,57.58,65.12,57.53,58.87
2023-11-10 00:00:00+00:00,5684.0,58.87,59.33,55.91,56.84
2023-11-11 00:00:00+00:00,5809.0,56.84,58.09,56.41,58.09
2023-11-12 00:00:00+00:00,5833.0,58.09,58.44,56.39,58.33
2023-11-13 00:00:00+00:00,5626.0,58.33,59.04,56.12,56.26
2023-11-14 00:00:00+00:00,5624.0,56.26,57.45,55.64,56.24
2023-11-15 00:00:00+00:00,6051.0,56.24,60.51,54.0,60.51
2023-11-16 00:00:00+00:00,5535.0,60.51,61.88,55.07,55.35
2023-11-17 00:00:00+00:00,5540.0,55.35,56.53,54.48,55.4
2023-11-18 00:00:00+00:00,5438.0,55.4,55.49,53.19,54.38
2023-11-19 00:00:00+00:00,5654.0,54.38,57.04,53.5,56.54
2023-11-20 00:00:00+00:00,5794.0,56.54,58.15,54.37,57.94
2023-11-21 00:00:00+00:00,5572.0,57.94,59.34,55.34,55.72
2023-11-22 00:00:00+00:00,5550.0,55.72,56.92,53.49,55.5
2023-11-23 00:00:00+00:00,5387.0,55.5,55.91,53.59,53.87
2023-11-24 00:00:00+00:00,5365.0,53.87,55.28,50.94,53.65
2023-11-25 00:00:00+00:00,5213.0,53.65,53.68,51.51,52.13
2023-11-26 00:00:00+00:00,5319.0,52.13,53.71,52.09,53.19
2023-11-27 00:00:00+00:00,5062.0,53.19,53.28,50.39,50.62
2023-11-28 00:00:00+00:00,5058.0,50.62,51.88,49.67,50.58
2023-11-29 00:00:00+00:00,5190.0,50.58,52.37,50.33,51.9
2023-11-30 00:00:00+00:00,4980.0,51.9,52.79,49.64,49.8
2023-12-01 00:00:00+00:00,5146.0,49.8,52.41,49.61,51.46
2023-12-02 00:00:00+00:00,5235.0,51.46,54.21,50.61,52.35
2023-12-03 00:00:00+00:00,5472.0,52.35,56.16,52.12,54.72
2023-12-04 00:00:00+00:00,5509.0,54.72,55.85,53.55,55.09
2023-12-05 00:00:00+00:00,5571.0,55.09,55.72,53.08,55.71
2023-12-06 00:00:00+00:00,5371.0,55.71,57.1,53.51,53.71
2023-12-07 00:00:00+00:00,5240.0,53.71,54.02,52.29,52.4
2023-12-08 00:00:00+00:00,5372.0,52.4,53.83,51.89,53.72
2023-12-09 00:00:00+00:00,5398.0,53.72,54.33,52.75,53.98
2023-12-10 00:00:00+00:00,5503.0,53.98,55.03,53.62,55.03
2023-12-11 00:00:00+00:00,5559.0,55.03,58.92,54.25,55.59
2023-12-12 00:00:00+00:00,5387.0,53.83,54.73,53.46,53.87
2023-12-13 00:00:00+00:00,5346.0,53.87,54.77,52.95,53.46
2023-12-14 00:00:00+00:00,5313.0,53.46,54.07,52.32,53.13
2023-12-15 00:00:00+00:00,5415.0,53.13,54.9,52.53,54.15
2023-12-16 00:00:00+00:00,5381.0,54.15,54.15,53.07,53.81
2023-12-17 00:00:00+00:00,5460.0,53.81,54.89,53.31,54.6
2023-12-18 00:00:00+00:00,5602.0,54.6,56.22,54.17,56.02
2023-12-19 00:00:00+00:00,5762.0,56.02,57.67,56.02,57.62
2023-12-20 00:00:00+00:00,5810.0,57.62,58.86,56.99,58.1
2023-12-21 00:00:00+00:00,5863.0,57.24,59.09,57.24,58.63
2023-12-22 00:00:00+00:00,5724.0,58.63,59.04,56.86,57.24
2023-12-23 00:00:00+00:00,5697.0,57.24,57.31,56.39,56.97
2023-12-24 00:00:00+00:00,5873.0,56.97,59.63,56.57,58.73
2023-12-25 00:00:00+00:00,5826.0,58.73,59.4,56.57,58.26
2023-12-26 00:00:00+00:00,5998.0,58.26,60.13,57.62,59.98
2023-12-27 00:00:00+00:00,6434.999999999999,59.98,64.6,59.69,64.35
2023-12-28 00:00:00+00:00,6375.0,64.35,64.94,62.5,63.75
2023-12-29 00:00:00+00:00,6250.0,63.75,64.26,61.38,62.5
2023-12-30 00:00:00+00:00,6311.0,62.5,64.68,62.01,63.11
2023-12-31 00:00:00+00:00,6470.999999999999,63.11,64.98,62.61,64.71
2024-01-01 00:00:00+00:00,6681.0,64.71,66.89,63.88,66.81
2024-01-02 00:00:00+00:00,6375.0,66.81,68.04,63.73,63.75
2024-01-03 00:00:00+00:00,6517.0,63.75,67.12,62.13,65.17
2024-01-04 00:00:00+00:00,6534.0,65.17,66.59,63.74,65.34
2024-01-05 00:00:00+00:00,6764.0,65.34,68.25,65.27,67.64
2024-01-06 00:00:00+00:00,7139.0,67.64,72.33,66.75,71.39
2024-01-07 00:00:00+00:00,7181.0,71.39,73.48,70.85,71.81
2024-01-08 00:00:00+00:00,6716.0,71.81,73.59,67.15,67.16
2024-01-09 00:00:00+00:00,6417.0,67.16,67.48,63.68,64.17
2024-01-10 00:00:00+00:00,6270.0,64.17,68.04,61.79,62.7
2024-01-11 00:00:00+00:00,5730.0,62.7,63.25,57.3,57.3
2024-01-12 00:00:00+00:00,5742.0,57.3,58.36,54.8,57.42
2024-01-13 00:00:00+00:00,5507.0,57.42,57.54,54.41,55.07
2024-01-14 00:00:00+00:00,5687.0,55.07,56.91,54.7,56.87
2024-01-15 00:00:00+00:00,5596.0,56.87,57.66,55.37,55.96
2024-01-16 00:00:00+00:00,5516.0,56.2,56.5,54.0,55.16
2024-01-17 00:00:00+00:00,5079.0,55.16,55.19,50.79,50.79
2024-01-18 00:00:00+00:00,4831.0,50.79,50.79,46.81,48.31
2024-01-19 00:00:00+00:00,4804.0,48.3,48.7,45.9,48.04
2024-01-20 00:00:00+00:00,4796.0,48.05,48.21,45.64,47.96
2024-01-21 00:00:00+00:00,4782.0,47.96,48.14,46.51,47.82
2024-01-22 00:00:00+00:00,4898.0,47.82,49.04,47.24,48.98
2024-01-23 00:00:00+00:00,4959.0,48.98,53.2,46.88,49.59
2024-01-24 00:00:00+00:00,4754.0,49.59,50.23,47.19,47.54
2024-01-25 00:00:00+00:00,4501.0,47.54,47.71,44.6,45.01
2024-01-26 00:00:00+00:00,4373.0,45.01,45.64,43.34,43.73
2024-01-27 00:00:00+00:00,4243.0,43.73,43.75,41.46,42.43
2024-01-28 00:00:00+00:00,4525.0,42.43,45.85,42.43,45.25
2024-01-29 00:00:00+00:00,4536.0,45.25,46.33,44.18,45.36
2024-01-30 00:00:00+00:00,4691.0,45.36,47.29,45.25,46.91
2024-01-31 00:00:00+00:00,4579.0,46.91,47.19,45.77,45.79
2024-02-01 00:00:00+00:00,4476.0,45.79,46.07,44.32,44.76
2024-02-02 00:00:00+00:00,4241.0,44.76,45.25,42.27,42.41
2024-02-03 00:00:00+00:00,4152.0,42.41,42.98,41.46,41.52
2024-02-04 00:00:00+00:00,4269.0,41.52,43.03,41.45,42.69
2024-02-05 00:00:00+00:00,4237.0,42.69,43.34,41.78,42.37
2024-02-06 00:00:00+00:00,4287.0,42.37,43.58,41.83,42.87
2024-02-07 00:00:00+00:00,4382.0,42.87,44.09,41.81,43.82
2024-02-08 00:00:00+00:00,4491.0,43.82,46.07,43.81,44.91
2024-02-09 00:00:00+00:00,4779.0,44.91,48.67,44.74,47.79
2024-02-10 00:00:00+00:00,4991.0,47.79,50.58,46.54,49.91
2024-02-11 00:00:00+00:00,5129.0,49.91,51.52,49.46,51.29
2024-02-12 00:00:00+00:00,5428.0,51.29,55.53,50.27,54.28
2024-02-13 00:00:00+00:00,5219.0,54.56,55.31,52.1,52.19
2024-02-14 00:00:00+00:00,5513.0,52.19,56.44,51.72,55.13
2024-02-15 00:00:00+00:00,5508.0,55.13,57.37,54.38,55.08
2024-02-16 00:00:00+00:00,5524.0,55.08,55.9,54.05,55.24
2024-02-17 00:00:00+00:00,5624.0,55.24,56.31,54.37,56.24
2024-02-18 00:00:00+00:00,5724.0,56.24,57.57,54.97,57.24
2024-02-19 00:00:00+00:00,5683.0,57.24,57.55,55.62,56.83
2024-02-20 00:00:00+00:00,5563.0,56.83,57.83,55.59,55.63
2024-02-21 00:00:00+00:00,5401.0,55.63,55.63,53.1,54.01
2024-02-22 00:00:00+00:00,5538.0,54.01,55.76,52.89,55.38
2024-02-23 00:00:00+00:00,5223.0,55.38,55.54,51.54,52.23
2024-02-24 00:00:00+00:00,5418.0,52.23,54.96,52.13,54.18
2024-02-25 00:00:00+00:00,5517.0,54.18,56.59,54.13,55.17
2024-02-26 00:00:00+00:00,5605.0,55.17,57.09,54.46,56.05
2024-02-27 00:00:00+00:00,5836.0,56.05,62.57,56.05,58.36
2024-02-28 00:00:00+00:00,6776.000000000001,58.36,73.6,54.99,67.76
2024-02-29 00:00:00+00:00,6554.000000000001,67.76,73.2,65.32,65.54
2024-03-01 00:00:00+00:00,6537.0,65.54,66.45,63.23,65.37
2024-03-02 00:00:00+00:00,6581.999999999999,65.37,65.82,64.08,65.82
2024-03-03 00:00:00+00:00,7172.0,65.82,71.84,65.52,71.72
2024-03-04 00:00:00+00:00,7481.0,71.71,78.68,70.73,74.81
2024-03-05 00:00:00+00:00,7319.0,74.81,77.17,73.14,73.19
2024-03-06 00:00:00+00:00,7484.999999999999,73.19,77.52,70.88,74.85
2024-03-07 00:00:00+00:00,6968.000000000001,74.85,75.08,69.68,69.68
2024-03-08 00:00:00+00:00,7187.0,69.68,76.0,68.52,71.87
2024-03-09 00:00:00+00:00,7504.000000000001,72.11,75.44,71.47,75.04
2024-03-10 00:00:00+00:00,8012.0,75.04,80.85,74.92,80.12
2024-03-11 00:00:00+00:00,8302.0,80.12,85.28,77.26,83.02
2024-03-12 00:00:00+00:00,7808.0,83.02,83.03,76.37,78.08
2024-03-13 00:00:00+00:00,7750.0,78.08,81.86,77.19,77.5
2024-03-14 00:00:00+00:00,7458.0,77.5,77.9,73.09,74.58
2024-03-15 00:00:00+00:00,7670.0,74.58,78.25,73.22,76.7
2024-03-16 00:00:00+00:00,7573.0,76.71,77.01,70.95,75.73
2024-03-17 00:00:00+00:00,7593.000000000001,75.73,78.14,75.69,75.93
2024-03-18 00:00:00+00:00,7408.0,75.93,77.81,73.26,74.08
2024-03-19 00:00:00+00:00,7661.0,74.08,76.61,71.35,76.61
2024-03-20 00:00:00+00:00,7773.0,76.61,79.78,75.28,77.73
2024-03-21 00:00:00+00:00,7526.000000000001,77.73,78.12,74.29,75.26
2024-03-22 00:00:00+00:00,7245.999999999999,75.26,75.55,71.72,72.46
2024-03-23 00:00:00+00:00,7368.000000000001,72.46,74.63,72.15,73.68
2024-03-24 00:00:00+00:00,7262.0,73.68,74.62,71.77,72.62
2024-03-25 00:00:00+00:00,7625.0,72.62,77.0,72.45,76.25
2024-03-26 00:00:00+00:00,7539.0,76.25,76.63,75.13,75.39
2024-03-27 00:00:00+00:00,7578.0,75.39,76.52,74.11,75.78
2024-03-28 00:00:00+00:00,7653.0,75.78,77.25,75.57,76.53
2024-03-29 00:00:00+00:00,7311.0,76.53,76.68,72.9,73.11
2024-03-30 00:00:00+00:00,7493.000000000001,73.11,75.87,71.67,74.93
2024-03-31 00:00:00+00:00,7664.0,74.93,76.91,74.91,76.64
2024-04-01 00:00:00+00:00,7381.0,76.64,76.83,73.49,73.81
2024-04-02 00:00:00+00:00,7437.0,73.81,75.34,73.58,74.37
2024-04-03 00:00:00+00:00,7245.0,74.38,74.72,72.15,72.45
2024-04-04 00:00:00+00:00,7231.0,72.45,72.73,69.99,72.31
2024-04-05 00:00:00+00:00,7195.999999999999,72.31,73.54,71.68,71.96
2024-04-06 00:00:00+00:00,7230.0,71.96,73.54,71.66,72.3
2024-04-07 00:00:00+00:00,7743.000000000001,72.3,77.44,72.26,77.43
2024-04-08 00:00:00+00:00,7625.0,77.43,79.77,74.72,76.25
2024-04-09 00:00:00+00:00,7369.0,76.25,76.3,73.68,73.69
2024-04-10 00:00:00+00:00,7231.999999999999,73.69,74.1,72.12,72.32
2024-04-11 00:00:00+00:00,6842.0,72.32,72.36,68.23,68.42
2024-04-12 00:00:00+00:00,6694.0,68.42,68.76,65.71,66.94
2024-04-13 00:00:00+00:00,7295.0,66.94,74.89,66.76,72.95
2024-04-14 00:00:00+00:00,7198.999999999999,72.95,73.79,71.3,71.99
2024-04-15 00:00:00+00:00,7048.0,71.99,72.97,68.4,70.48
2024-04-16 00:00:00+00:00,7088.0,70.48,73.61,70.38,70.88
2024-04-17 00:00:00+00:00,7072.0,70.88,71.79,67.83,70.72
2024-04-18 00:00:00+00:00,6998.0,70.72,71.22,67.89,69.98
2024-04-19 00:00:00+00:00,7040.000000000001,69.98,73.06,68.88,70.4
2024-04-20 00:00:00+00:00,7198.0,70.4,73.0,68.49,71.98
2024-04-21 00:00:00+00:00,7205.0,71.98,72.42,71.37,72.05
2024-04-22 00:00:00+00:00,6937.0,72.05,72.06,69.1,69.37
2024-04-23 00:00:00+00:00,6416.0,69.37,69.42,64.11,64.16
2024-04-24 00:00:00+00:00,6244.0,64.16,66.04,62.39,62.44
2024-04-25 00:00:00+00:00,5929.0,62.44,62.44,57.82,59.29
2024-04-26 00:00:00+00:00,5512.0,59.29,59.43,54.23,55.12
2024-04-27 00:00:00+00:00,5469.0,55.12,55.97,54.21,54.69
2024-04-28 00:00:00+00:00,5679.0,54.68,57.27,53.89,56.79
2024-04-29 00:00:00+00:00,5533.0,56.79,56.92,55.09,55.33
2024-04-30 00:00:00+00:00,5981.0,55.33,62.84,52.22,59.81
2024-05-01 00:00:00+00:00,6122.0,59.81,63.57,58.29,61.22
2024-05-02 00:00:00+00:00,5677.0,61.22,62.23,55.84,56.77
2024-05-03 00:00:00+00:00,5588.0,56.77,57.08,54.3,55.88
2024-05-04 00:00:00+00:00,5689.0,55.88,58.3,55.88,56.89
2024-05-05 00:00:00+00:00,5865.0,56.89,59.46,56.53,58.65
2024-05-06 00:00:00+00:00,5557.0,58.65,59.08,55.56,55.57
2024-05-07 00:00:00+00:00,5376.0,55.57,56.04,53.72,53.76
2024-05-08 00:00:00+00:00,5543.0,53.76,55.49,52.28,55.43
2024-05-09 00:00:00+00:00,5217.0,55.43,55.48,52.15,52.17
2024-05-10 00:00:00+00:00,5427.0,52.17,55.02,50.76,54.27
2024-05-11 00:00:00+00:00,5417.0,54.27,54.49,52.64,54.17
2024-05-12 00:00:00+00:00,5452.0,54.17,55.82,53.9,54.52
2024-05-13 00:00:00+00:00,5613.0,54.52,57.73,54.4,56.13
2024-05-14 00:00:00+00:00,5623.0,56.13,57.09,55.61,56.23
2024-05-15 00:00:00+00:00,5861.0,56.23,60.82,55.67,58.61
2024-05-16 00:00:00+00:00,5749.0,58.61,58.72,57.24,57.49
2024-05-17 00:00:00+00:00,5526.0,57.49,57.67,54.81,55.26
2024-05-18 00:00:00+00:00,5667.0,55.26,57.31,55.14,56.67
2024-05-19 00:00:00+00:00,5732.0,56.67,57.62,56.38,57.32
2024-05-20 00:00:00+00:00,6194.0,57.32,61.94,56.76,61.94
2024-05-21 00:00:00+00:00,5859.0,61.94,62.13,58.18,58.59
2024-05-22 00:00:00+00:00,5680.0,58.59,59.7,55.95,56.8
2024-05-23 00:00:00+00:00,5318.0,56.8,56.86,53.16,53.18
2024-05-24 00:00:00+00:00,5229.0,53.18,53.29,51.0,52.29
2024-05-25 00:00:00+00:00,5221.0,52.29,52.82,51.69,52.21
2024-05-26 00:00:00+00:00,5373.0,52.21,53.78,52.09,53.73
2024-05-27 00:00:00+00:00,5391.0,53.73,54.86,52.34,53.91
2024-05-28 00:00:00+00:00,5476.0,53.91,55.85,52.89,54.76
2024-05-29 00:00:00+00:00,5324.0,54.76,55.13,52.85,53.24
2024-05-30 00:00:00+00:00,5327.0,53.24,53.57,52.13,53.27
2024-05-31 00:00:00+00:00,5199.0,53.27,53.27,50.23,51.99
2024-06-01 00:00:00+00:00,5068.0,51.99,52.0,49.97,50.68
2024-06-02 00:00:00+00:00,5111.0,50.68,51.67,50.39,51.11
2024-06-03 00:00:00+00:00,5277.0,51.11,53.78,50.9,52.77
2024-06-04 00:00:00+00:00,5395.0,51.71,54.77,51.52,53.95
2024-06-05 00:00:00+00:00,5562.0,53.95,57.13,53.94,55.62
2024-06-06 00:00:00+00:00,5187.0,55.62,55.72,51.81,51.87
2024-06-07 00:00:00+00:00,5002.0,51.87,54.27,50.02,50.02
2024-06-08 00:00:00+00:00,5034.0,50.01,51.28,49.67,50.34
2024-06-09 00:00:00+00:00,5179.0,50.34,52.12,49.74,51.79
2024-06-10 00:00:00+00:00,5088.0,51.79,52.16,50.79,50.88
2024-06-11 00:00:00+00:00,5249.0,50.88,53.05,50.44,52.49
2024-06-12 00:00:00+00:00,5056.0,52.49,53.9,50.51,50.56
2024-06-13 00:00:00+00:00,4923.0,50.56,50.65,48.57,49.23
2024-06-14 00:00:00+00:00,4856.0,49.23,49.87,47.45,48.56
2024-06-15 00:00:00+00:00,4803.0,48.56,49.47,47.68,48.03
2024-06-16 00:00:00+00:00,4790.0,48.03,48.35,47.83,47.9
2024-06-17 00:00:00+00:00,4881.0,47.9,49.55,47.9,48.81
2024-06-18 00:00:00+00:00,5006.0,48.81,50.52,48.33,50.06
2024-06-19 00:00:00+00:00,4860.0,50.06,51.05,48.57,48.6
2024-06-20 00:00:00+00:00,4828.0,48.6,49.39,48.28,48.28
2024-06-21 00:00:00+00:00,4711.0,48.28,48.4,46.25,47.11
2024-06-22 00:00:00+00:00,4643.0,47.11,47.24,46.16,46.43
2024-06-23 00:00:00+00:00,4823.0,46.43,48.33,46.09,48.23
2024-06-24 00:00:00+00:00,5096.0,49.32,53.06,49.13,50.96
2024-06-25 00:00:00+00:00,4814.0,50.96,50.97,47.82,48.14
2024-06-26 00:00:00+00:00,4705.0,48.14,48.14,46.66,47.05
2024-06-27 00:00:00+00:00,4794.0,47.05,48.07,46.58,47.94
2024-06-28 00:00:00+00:00,4540.0,47.94,47.98,44.38,45.4
2024-06-29 00:00:00+00:00,4347.0,45.4,45.59,43.23,43.47
2024-06-30 00:00:00+00:00,4544.0,43.47,45.9,43.35,45.44
2024-07-01 00:00:00+00:00,4471.0,45.44,45.45,43.76,44.71
2024-07-02 00:00:00+00:00,4233.0,44.71,44.81,42.29,42.33
2024-07-03 00:00:00+00:00,4536.0,41.41,45.88,41.23,45.36
2024-07-04 00:00:00+00:00,4753.0,45.36,49.94,45.22,47.53
2024-07-05 00:00:00+00:00,4898.0,47.53,54.86,47.53,48.98
2024-07-06 00:00:00+00:00,4821.0,48.98,49.84,47.65,48.21
2024-07-07 00:00:00+00:00,5099.0,48.21,51.44,47.99,50.99
2024-07-08 00:00:00+00:00,5103.0,50.99,53.54,50.4,51.03
2024-07-09 00:00:00+00:00,5005.0,51.03,52.16,50.04,50.05
2024-07-10 00:00:00+00:00,4869.0,50.05,50.21,48.45,48.69
2024-07-11 00:00:00+00:00,4854.0,48.69,49.2,48.14,48.54
2024-07-12 00:00:00+00:00,4632.0,48.54,48.54,46.14,46.32
2024-07-13 00:00:00+00:00,4918.0,46.32,49.18,45.17,49.18
2024-07-14 00:00:00+00:00,4930.0,49.18,51.07,48.5,49.3
2024-07-15 00:00:00+00:00,5452.0,49.3,54.56,48.89,54.52
2024-07-16 00:00:00+00:00,5649.0,54.52,56.54,54.13,56.49
2024-07-17 00:00:00+00:00,5828.0,56.49,62.85,56.49,58.28
2024-07-18 00:00:00+00:00,5710.0,58.28,58.3,55.87,57.1
2024-07-19 00:00:00+00:00,6080.0,57.1,62.25,55.99,60.8
2024-07-20 00:00:00+00:00,6265.0,60.8,63.03,59.26,62.65
2024-07-21 00:00:00+00:00,6600.0,62.65,68.45,61.46,66.0
2024-07-22 00:00:00+00:00,6763.0,66.0,68.27,61.61,67.63
2024-07-23 00:00:00+00:00,6391.0,67.63,68.62,63.9,63.91
2024-07-24 00:00:00+00:00,6139.0,63.91,63.97,61.14,61.39
2024-07-25 00:00:00+00:00,6181.0,61.39,62.34,59.83,61.81
2024-07-26 00:00:00+00:00,6010.0,61.81,62.69,59.66,60.1
2024-07-27 00:00:00+00:00,5504.0,60.1,60.56,54.92,55.04
2024-07-28 00:00:00+00:00,5265.0,55.04,55.24,51.52,52.65
2024-07-29 00:00:00+00:00,5173.0,52.65,56.35,51.73,51.73
2024-07-30 00:00:00+00:00,5062.0,51.73,51.73,49.49,50.62
2024-07-31 00:00:00+00:00,4873.0,50.62,50.65,48.54,48.73
2024-08-01 00:00:00+00:00,4981.0,48.73,50.43,47.23,49.81
2024-08-02 00:00:00+00:00,5140.0,49.81,51.49,46.91,51.4
2024-08-03 00:00:00+00:00,5145.0,51.41,52.18,48.92,51.45
2024-08-04 00:00:00+00:00,5613.0,51.45,56.98,51.23,56.13
2024-08-05 00:00:00+00:00,6308.0,56.13,92.71,56.02,63.08
2024-08-06 00:00:00+00:00,6154.0,63.08,63.21,59.24,61.54
2024-08-07 00:00:00+00:00,6088.0,61.54,61.54,58.44,60.88
2024-08-08 00:00:00+00:00,5681.0,60.73,60.99,55.56,56.81
2024-08-09 00:00:00+00:00,5502.0,56.8,56.86,54.44,55.02
2024-08-10 00:00:00+00:00,5628.0,55.02,56.51,54.33,56.28
2024-08-11 00:00:00+00:00,5711.0,56.28,57.24,55.74,57.11
2024-08-12 00:00:00+00:00,5748.0,57.11,58.41,56.9,57.48
2024-08-13 00:00:00+00:00,5692.0,57.48,57.8,56.68,56.92
2024-08-14 00:00:00+00:00,5531.0,56.92,57.4,55.3,55.31
2024-08-15 00:00:00+00:00,5564.0,55.31,55.91,53.43,55.64
2024-08-16 00:00:00+00:00,5312.0,55.64,55.65,53.12,53.12
2024-08-17 00:00:00+00:00,5371.0,53.12,53.87,52.3,53.71
2024-08-18 00:00:00+00:00,5532.0,53.71,55.72,53.67,55.32
2024-08-19 00:00:00+00:00,5368.0,54.4,54.44,53.67,53.68
2024-08-20 00:00:00+00:00,5406.0,53.68,54.44,52.91,54.06
2024-08-21 00:00:00+00:00,5468.0,54.06,55.77,53.88,54.68
2024-08-22 00:00:00+00:00,5399.0,54.68,55.49,53.84,53.99
2024-08-23 00:00:00+00:00,5543.0,53.99,55.85,52.27,55.43
2024-08-24 00:00:00+00:00,5514.0,55.43,55.51,53.99,55.14
2024-08-25 00:00:00+00:00,5420.0,55.14,55.92,53.85,54.2
2024-08-26 00:00:00+00:00,5158.0,54.2,54.34,50.77,51.58
2024-08-27 00:00:00+00:00,5269.0,51.58,55.13,49.13,52.69
2024-08-28 00:00:00+00:00,5291.0,52.69,54.86,50.98,52.91
2024-08-29 00:00:00+00:00,5298.0,52.91,53.58,51.7,52.98
2024-08-30 00:00:00+00:00,5196.0,52.98,53.22,50.5,51.96
2024-08-31 00:00:00+00:00,5048.0,51.96,51.96,50.14,50.48
2024-09-01 00:00:00+00:00,5436.0,50.48,54.42,50.3,54.36
2024-09-02 00:00:00+00:00,5292.0,54.36,54.72,52.89,52.92
2024-09-03 00:00:00+00:00,5529.0,52.78,55.73,52.57,55.29
2024-09-04 00:00:00+00:00,5573.0,55.29,58.72,55.08,55.73
2024-09-05 00:00:00+00:00,5679.0,55.73,57.3,55.51,56.79
2024-09-06 00:00:00+00:00,5946.0,56.79,60.77,56.06,59.46
2024-09-07 00:00:00+00:00,5884.0,59.45,59.45,57.91,58.84
2024-09-08 00:00:00+00:00,5932.0,58.84,59.32,57.75,59.32
2024-09-09 00:00:00+00:00,5882.0,59.32,59.35,58.01,58.82
2024-09-10 00:00:00+00:00,5718.0,58.82,58.83,56.61,57.18
2024-09-11 00:00:00+00:00,5484.0,57.18,57.2,54.09,54.84
2024-09-12 00:00:00+00:00,5396.0,54.84,55.56,53.81,53.96
2024-09-13 00:00:00+00:00,5251.0,53.96,54.26,52.4,52.51
2024-09-14 00:00:00+00:00,5248.0,52.51,53.01,51.68,52.48
2024-09-15 00:00:00+00:00,5321.0,52.48,53.49,52.42,53.21
2024-09-16 00:00:00+00:00,5329.0,53.21,54.18,52.81,53.29
2024-09-17 00:00:00+00:00,5312.0,53.29,55.12,53.12,53.12
2024-09-18 00:00:00+00:00,5159.0,53.12,55.24,51.38,51.59
2024-09-19 00:00:00+00:00,5195.0,51.59,52.67,50.38,51.95
2024-09-20 00:00:00+00:00,5015.0,51.95,52.89,49.91,50.15
2024-09-21 00:00:00+00:00,5104.0,50.15,51.04,49.99,51.04
2024-09-22 00:00:00+00:00,5113.0,51.04,51.34,50.05,51.13
2024-09-23 00:00:00+00:00,5045.0,51.13,51.58,50.38,50.45
2024-09-24 00:00:00+00:00,5152.0,50.45,51.6,50.06,51.52
2024-09-25 00:00:00+00:00,4975.0,51.52,51.67,49.52,49.75
2024-09-26 00:00:00+00:00,5238.0,49.75,52.52,49.6,52.38
2024-09-27 00:00:00+00:00,5191.0,52.38,53.39,51.29,51.91
2024-09-28 00:00:00+00:00,5260.0,51.91,52.67,51.84,52.6
2024-09-29 00:00:00+00:00,5402.0,52.6,54.16,52.47,54.02
2024-09-30 00:00:00+00:00,5421.0,54.02,55.56,53.63,54.21
2024-10-01 00:00:00+00:00,5664.0,54.21,57.23,54.19,56.64
2024-10-02 00:00:00+00:00,5635.0,56.64,57.34,56.06,56.35
2024-10-03 00:00:00+00:00,5745.0,56.35,57.78,55.97,57.45
2024-10-04 00:00:00+00:00,5553.0,57.45,57.98,55.29,55.53
2024-10-05 00:00:00+00:00,5541.0,55.53,56.11,54.85,55.41
2024-10-06 00:00:00+00:00,5717.0,55.41,57.84,55.05,57.17
2024-10-07 00:00:00+00:00,5660.0,57.17,57.45,55.48,56.6
2024-10-08 00:00:00+00:00,5563.0,55.72,56.01,54.35,55.63
2024-10-09 00:00:00+00:00,5611.0,55.63,56.85,55.52,56.11
2024-10-10 00:00:00+00:00,5497.0,56.12,56.64,54.47,54.97
2024-10-11 00:00:00+00:00,5751.0,54.97,57.63,54.66,57.51
2024-10-12 00:00:00+00:00,5684.0,57.52,57.52,55.97,56.84
2024-10-13 00:00:00+00:00,5714.0,56.84,58.1,56.45,57.14
2024-10-14 00:00:00+00:00,5785.0,57.14,59.53,57.05,57.85
2024-10-15 00:00:00+00:00,5815.0,57.85,59.48,56.4,58.15
2024-10-16 00:00:00+00:00,5744.0,58.15,60.16,57.18,57.44
2024-10-17 00:00:00+00:00,5640.0,57.44,58.17,55.91,56.4
2024-10-18 00:00:00+00:00,5518.0,56.4,56.53,54.44,55.18
2024-10-19 00:00:00+00:00,5470.0,55.18,55.34,53.77,54.7
2024-10-20 00:00:00+00:00,5666.0,54.7,57.3,54.52,56.66
2024-10-21 00:00:00+00:00,5569.0,56.66,57.2,54.29,55.69
2024-10-22 00:00:00+00:00,5577.0,55.7,55.92,54.61,55.77
2024-10-23 00:00:00+00:00,5629.0,55.77,56.55,54.53,56.29
2024-10-24 00:00:00+00:00,5730.0,56.29,57.31,54.37,57.3
2024-10-25 00:00:00+00:00,5808.0,57.3,58.09,54.62,58.08
2024-10-26 00:00:00+00:00,5536.0,58.08,58.11,54.66,55.36
2024-10-27 00:00:00+00:00,5718.0,55.36,57.32,55.16,57.18
2024-10-28 00:00:00+00:00,5778.0,57.18,57.81,55.42,57.78
2024-10-29 00:00:00+00:00,5983.0,57.78,60.71,57.13,59.83
2024-10-30 00:00:00+00:00,5911.0,58.81,59.24,57.48,59.11
2024-10-31 00:00:00+00:00,5823.0,59.11,60.11,57.97,58.23
2024-11-01 00:00:00+00:00,5977.0,58.23,59.95,57.92,59.77
2024-11-02 00:00:00+00:00,6026.0,59.77,61.17,59.72,60.26
2024-11-03 00:00:00+00:00,6249.0,60.26,64.06,59.65,62.49
2024-11-04 00:00:00+00:00,6497.0,62.49,64.97,61.77,64.97
2024-11-05 00:00:00+00:00,6371.0,64.97,65.56,61.74,63.71
2024-11-06 00:00:00+00:00,5597.0,63.71,63.95,54.52,55.97
2024-11-07 00:00:00+00:00,5355.0,55.97,55.97,53.25,53.55
2024-11-08 00:00:00+00:00,4985.0,53.55,53.89,49.53,49.85
2024-11-09 00:00:00+00:00,5054.0,49.85,50.6,49.43,50.54
2024-11-10 00:00:00+00:00,5328.0,50.54,53.97,50.25,53.28
2024-11-11 00:00:00+00:00,6152.0,53.28,61.76,51.36,61.52
2024-11-12 00:00:00+00:00,5769.0,61.52,62.28,57.65,57.69
2024-11-13 00:00:00+00:00,5854.0,57.69,62.34,56.01,58.54
2024-11-14 00:00:00+00:00,5946.0,58.54,61.79,57.03,59.46
2024-11-15 00:00:00+00:00,5629.0,59.46,61.71,56.29,56.29
2024-11-16 00:00:00+00:00,5684.0,56.07,58.23,56.05,56.84
2024-11-17 00:00:00+00:00,5723.0,56.84,58.25,55.61,57.23
2024-11-18 00:00:00+00:00,5830.0,57.23,59.76,57.13,58.3
2024-11-19 00:00:00+00:00,5825.0,58.3,60.25,57.62,58.25
2024-11-20 00:00:00+00:00,6018.0,58.25,62.64,57.71,60.18
2024-11-21 00:00:00+00:00,6129.0,60.18,66.84,60.12,61.29
2024-11-22 00:00:00+00:00,6078.0,61.29,64.09,60.47,60.78
2024-11-23 00:00:00+00:00,6089.0,60.78,61.71,59.87,60.89
2024-11-24 00:00:00+00:00,6409.0,60.89,64.44,59.94,64.09
2024-11-25 00:00:00+00:00,6065.0,64.09,64.34,60.46,60.65
2024-11-26 00:00:00+00:00,6123.0,60.65,62.18,57.73,61.23
2024-11-27 00:00:00+00:00,5973.0,61.23,61.34,58.51,59.73
2024-11-28 00:00:00+00:00,5755.0,59.73,60.08,56.43,57.55
2024-11-29 00:00:00+00:00,5611.0,57.57,58.82,55.19,56.11
2024-11-30 00:00:00+00:00,5517.0,56.29,56.57,54.65,55.17
2024-12-01 00:00:00+00:00,5720.0,55.17,57.43,55.12,57.2
2024-12-02 00:00:00+00:00,5594.0,57.2,58.24,55.85,55.94
2024-12-03 00:00:00+00:00,5650.0,56.77,56.98,55.21,56.5
2024-12-04 00:00:00+00:00,5717.0,56.5,57.76,54.85,57.17
2024-12-05 00:00:00+00:00,6096.0,57.17,64.09,56.14,60.96
2024-12-06 00:00:00+00:00,5844.0,60.96,61.45,56.88,58.44
2024-12-07 00:00:00+00:00,5720.0,58.44,58.65,56.18,57.2
2024-12-08 00:00:00+00:00,5815.0,57.2,58.15,56.38,58.15
2024-12-09 00:00:00+00:00,5974.0,58.15,59.8,58.12,59.74
2024-12-10 00:00:00+00:00,5918.0,59.74,60.23,57.56,59.18
2024-12-11 00:00:00+00:00,5994.0,59.18,61.53,59.18,59.94
2024-12-12 00:00:00+00:00,6014.0,59.94,61.66,59.12,60.14
2024-12-13 00:00:00+00:00,5900.0,60.14,60.32,58.3,59.0
2024-12-14 00:00:00+00:00,5808.0,59.0,59.94,57.66,58.08
2024-12-15 00:00:00+00:00,6065.0,58.08,60.92,57.88,60.65
2024-12-16 00:00:00+00:00,5854.0,60.65,61.74,58.52,58.54
2024-12-17 00:00:00+00:00,5951.0,58.54,59.72,57.7,59.51
2024-12-18 00:00:00+00:00,6049.0,59.51,60.52,58.67,60.49
2024-12-19 00:00:00+00:00,5960.0,60.56,60.82,58.43,59.6
2024-12-20 00:00:00+00:00,5887.0,59.6,64.45,58.66,58.87
2024-12-21 00:00:00+00:00,5787.0,58.87,60.18,57.34,57.87
2024-12-22 00:00:00+00:00,6143.0,57.87,61.43,57.71,61.43
2024-12-23 00:00:00+00:00,6021.0,61.43,64.59,59.28,60.21
2024-12-24 00:00:00+00:00,6083.0,60.21,61.79,59.92,60.83
2024-12-25 00:00:00+00:00,6073.0,60.83,61.31,59.96,60.73
2024-12-26 00:00:00+00:00,6167.0,60.73,61.75,59.44,61.67
2024-12-27 00:00:00+00:00,6061.0,61.67,62.34,59.53,60.61
2024-12-28 00:00:00+00:00,6043.0,60.61,60.62,59.64,60.43
2024-12-29 00:00:00+00:00,6048.0,60.43,61.02,59.75,60.48
2024-12-30 00:00:00+00:00,6103.0,60.48,61.28,59.53,61.03
2024-12-31 00:00:00+00:00,6003.0,61.03,61.68,59.78,60.03
2025-01-01 00:00:00+00:00,6110.0,60.03,61.14,59.57,61.1
2025-01-02 00:00:00+00:00,5985.0,61.1,61.67,59.73,59.85
2025-01-03 00:00:00+00:00,5874.0,59.85,60.53,58.44,58.74
2025-01-04 00:00:00+00:00,5987.0,58.74,60.01,58.68,59.87
2025-01-05 00:00:00+00:00,5955.0,59.87,60.09,59.23,59.55
2025-01-06 00:00:00+00:00,5884.0,59.55,60.09,58.52,58.84
2025-01-07 00:00:00+00:00,5860.0,58.84,59.35,58.04,58.6
2025-01-08 00:00:00+00:00,5847.0,57.86,59.72,57.76,58.47
2025-01-09 00:00:00+00:00,5947.0,58.47,59.78,57.63,59.47
2025-01-10 00:00:00+00:00,5719.0,59.47,59.76,57.04,57.19
2025-01-11 00:00:00+00:00,5852.0,57.19,58.7,57.16,58.52
2025-01-12 00:00:00+00:00,5957.0,58.52,59.7,58.17,59.57
2025-01-13 00:00:00+00:00,6125.0,59.57,61.31,59.36,61.25
2025-01-14 00:00:00+00:00,6087.0,61.25,62.87,60.78,60.87
2025-01-15 00:00:00+00:00,6123.0,60.87,61.93,60.85,61.23
2025-01-16 00:00:00+00:00,6256.0,61.23,63.15,60.01,62.56
2025-01-17 00:00:00+00:00,6319.0,62.56,63.75,61.13,63.19
2025-01-18 00:00:00+00:00,6504.000000000001,63.19,65.43,62.13,65.04
2025-01-19 00:00:00+00:00,6602.0,65.04,67.79,65.04,66.02
2025-01-20 00:00:00+00:00,6307.0,66.02,71.28,62.34,63.07
2025-01-21 00:00:00+00:00,6192.0,63.07,64.18,61.19,61.92
2025-01-22 00:00:00+00:00,6104.0,61.92,62.44,60.69,61.04
2025-01-23 00:00:00+00:00,6008.0,61.04,63.2,59.49,60.08
2025-01-24 00:00:00+00:00,5737.0,60.08,60.08,57.33,57.37
2025-01-25 00:00:00+00:00,5705.0,57.37,57.39,56.19,57.05
2025-01-26 00:00:00+00:00,5674.0,57.05,57.61,56.55,56.74
2025-01-27 00:00:00+00:00,5905.0,56.74,60.23,56.46,59.05
2025-01-28 00:00:00+00:00,5620.0,59.05,59.15,56.17,56.2
2025-01-29 00:00:00+00:00,5615.0,56.2,57.05,55.6,56.15
2025-01-30 00:00:00+00:00,5464.0,56.15,56.88,53.94,54.64
2025-01-31 00:00:00+00:00,5332.0,54.64,54.73,51.9,53.32
2025-02-01 00:00:00+00:00,5377.0,53.32,54.14,51.05,53.77
2025-02-02 00:00:00+00:00,5704.0,53.77,58.66,53.4,57.04
2025-02-03 00:00:00+00:00,5694.0,57.04,61.94,55.87,56.94
2025-02-04 00:00:00+00:00,5403.0,55.61,57.12,54.01,54.03
2025-02-05 00:00:00+00:00,5453.0,54.03,54.92,53.02,54.53
2025-02-06 00:00:00+00:00,5391.0,54.53,54.89,53.21,53.91
2025-02-07 00:00:00+00:00,5417.0,53.9,54.41,52.26,54.17
2025-02-08 00:00:00+00:00,5349.0,54.17,54.18,52.92,53.49
2025-02-09 00:00:00+00:00,5421.0,53.49,54.66,53.04,54.21
2025-02-10 00:00:00+00:00,5240.0,54.21,54.44,52.4,52.4
2025-02-11 00:00:00+00:00,5423.0,52.4,54.67,52.08,54.23
2025-02-12 00:00:00+00:00,5149.0,54.23,54.32,51.19,51.49
2025-02-13 00:00:00+00:00,5176.0,51.49,53.4,51.27,51.76
2025-02-14 00:00:00+00:00,5160.0,51.77,52.4,50.1,51.6
2025-02-15 00:00:00+00:00,5061.0,51.6,51.6,50.13,50.61
2025-02-16 00:00:00+00:00,5084.0,50.61,51.28,50.52,50.84
2025-02-17 00:00:00+00:00,5173.0,50.84,52.06,50.46,51.73
2025-02-18 00:00:00+00:00,5169.0,51.73,53.2,50.96,51.69
2025-02-19 00:00:00+00:00,4915.0,51.69,51.69,49.02,49.15
2025-02-20 00:00:00+00:00,4906.0,49.15,50.66,48.1,49.06
2025-02-21 00:00:00+00:00,4871.0,49.06,49.43,47.02,48.71
2025-02-22 00:00:00+00:00,4860.0,48.71,49.05,48.33,48.6
2025-02-23 00:00:00+00:00,4847.0,48.6,48.75,47.23,48.47
2025-02-24 00:00:00+00:00,4707.0,48.47,48.47,46.17,47.07
2025-02-25 00:00:00+00:00,4859.0,47.07,52.75,46.94,48.59
2025-02-26 00:00:00+00:00,5130.0,48.59,51.63,47.69,51.3
2025-02-27 00:00:00+00:00,5168.0,51.3,52.82,49.06,51.68
2025-02-28 00:00:00+00:00,5076.0,51.68,59.36,50.53,50.76
2025-03-01 00:00:00+00:00,5187.0,50.76,53.56,50.08,51.87
2025-03-02 00:00:00+00:00,5547.0,51.87,58.89,51.62,55.47
2025-03-03 00:00:00+00:00,5948.0,55.47,59.8,53.07,59.48
2025-03-04 00:00:00+00:00,6207.0,59.48,62.67,58.26,62.07
2025-03-05 00:00:00+00:00,5760.0,62.07,62.27,57.13,57.6
2025-03-06 00:00:00+00:00,6015.0,57.83,60.35,56.4,60.15
2025-03-07 00:00:00+00:00,5432.0,60.15,60.78,53.2,54.32
2025-03-08 00:00:00+00:00,5266.0,54.32,54.56,51.86,52.66
2025-03-09 00:00:00+00:00,5910.0,52.66,59.34,52.39,59.1
2025-03-10 00:00:00+00:00,5957.0,59.1,61.95,55.32,59.57
2025-03-11 00:00:00+00:00,5990.0,59.57,62.68,59.0,59.9
2025-03-12 00:00:00+00:00,5689.0,59.9,60.83,56.89,56.89
2025-03-13 00:00:00+00:00,5542.0,56.89,57.23,55.42,55.42
2025-03-14 00:00:00+00:00,5327.0,55.42,55.5,52.81,53.27
2025-03-15 00:00:00+00:00,5346.0,53.27,53.67,52.17,53.46
2025-03-16 00:00:00+00:00,5527.0,53.46,55.74,53.28,55.27
2025-03-17 00:00:00+00:00,5286.0,55.27,55.32,52.85,52.86
2025-03-18 00:00:00+00:00,5200.0,52.86,54.35,51.84,52.0
2025-03-19 00:00:00+00:00,5402.0,52.0,54.02,51.23,54.02
2025-03-20 00:00:00+00:00,4901.0,54.02,54.16,48.97,49.01
2025-03-21 00:00:00+00:00,4756.0,49.01,49.7,47.56,47.56
2025-03-22 00:00:00+00:00,4888.0,47.56,49.2,46.93,48.88
2025-03-23 00:00:00+00:00,4766.0,48.88,48.88,47.22,47.66
2025-03-24 00:00:00+00:00,4732.0,47.66,48.42,47.06,47.32
2025-03-25 00:00:00+00:00,4699.0,47.32,47.94,46.54,46.99
2025-03-26 00:00:00+00:00,4727.0,46.99,47.63,46.23,47.27
2025-03-27 00:00:00+00:00,4661.0,47.27,47.28,45.42,46.61
2025-03-28 00:00:00+00:00,4993.0,46.61,52.25,46.18,49.93
2025-03-29 00:00:00+00:00,5269.0,49.93,52.83,49.2,52.69
2025-03-30 00:00:00+00:00,5373.0,52.69,54.04,51.26,53.73
2025-03-31 00:00:00+00:00,5102.0,53.73,54.42,50.97,51.02
2025-04-01 00:00:00+00:00,4955.0,49.67,50.52,48.95,49.55
2025-04-02 00:00:00+00:00,5261.0,49.55,52.78,48.62,52.61
2025-04-03 00:00:00+00:00,5264.0,52.61,53.55,50.15,52.64
2025-04-04 00:00:00+00:00,5533.0,52.64,56.03,51.19,55.33
2025-04-05 00:00:00+00:00,5710.0,55.33,57.29,55.18,57.1
2025-04-06 00:00:00+00:00,5959.0,57.1,62.25,57.0,59.59
2025-04-07 00:00:00+00:00,5279.0,59.59,63.21,52.49,52.79
2025-04-08 00:00:00+00:00,5684.0,52.79,56.9,52.25,56.84
2025-04-09 00:00:00+00:00,5304.0,56.84,62.66,52.86,53.04
2025-04-10 00:00:00+00:00,5356.0,53.04,55.57,50.61,53.56
2025-04-11 00:00:00+00:00,5615.0,53.56,56.78,52.6,56.15
2025-04-12 00:00:00+00:00,5745.0,56.15,57.52,55.35,57.45
2025-04-13 00:00:00+00:00,5629.0,57.45,57.76,55.17,56.29
2025-04-14 00:00:00+00:00,5331.0,56.29,56.4,52.34,53.31
2025-04-15 00:00:00+00:00,5039.0,52.02,52.4,49.97,50.39
2025-04-16 00:00:00+00:00,4958.0,50.39,50.56,49.0,49.58
2025-04-17 00:00:00+00:00,4841.0,49.58,49.63,48.28,48.41
2025-04-18 00:00:00+00:00,4690.0,48.41,48.44,46.41,46.9
2025-04-19 00:00:00+00:00,4829.0,46.9,48.43,46.83,48.29
2025-04-20 00:00:00+00:00,4820.0,48.3,48.46,47.71,48.2
2025-04-21 00:00:00+00:00,4916.0,48.2,50.71,48.2,49.16
2025-04-22 00:00:00+00:00,5269.0,49.16,52.71,49.0,52.69
2025-04-23 00:00:00+00:00,4942.0,52.69,52.86,49.4,49.42
2025-04-24 00:00:00+00:00,4696.0,49.42,49.42,46.66,46.96
2025-04-25 00:00:00+00:00,4645.0,46.96,48.71,46.44,46.45
2025-04-26 00:00:00+00:00,4742.0,46.45,47.64,46.08,47.42
2025-04-27 00:00:00+00:00,4812.0,47.42,48.35,47.33,48.12
2025-04-28 00:00:00+00:00,4705.0,48.12,48.61,46.38,47.05
2025-04-29 00:00:00+00:00,4617.0,47.05,47.24,46.04,46.17
2025-04-30 00:00:00+00:00,4507.0,46.17,46.79,45.02,45.07
2025-05-01 00:00:00+00:00,4611.0,45.07,46.97,44.74,46.11
2025-05-02 00:00:00+00:00,4454.0,46.11,48.1,44.38,44.54
2025-05-03 00:00:00+00:00,4490.0,44.54,45.41,44.2,44.9
2025-05-04 00:00:00+00:00,4635.0,44.9,46.38,44.73,46.35
2025-05-05 00:00:00+00:00,4500.0,46.35,46.87,44.89,45.0
2025-05-06 00:00:00+00:00,4666.0,45.0,46.66,44.86,46.66
2025-05-07 00:00:00+00:00,4480.0,46.66,47.26,44.59,44.8
2025-05-08 00:00:00+00:00,4588.0,44.8,47.17,44.55,45.88
2025-05-09 00:00:00+00:00,4578.0,45.88,46.36,45.21,45.78
2025-05-10 00:00:00+00:00,4713.0,45.78,47.59,45.6,47.13
2025-05-11 00:00:00+00:00,4713.0,47.13,48.34,46.06,47.13
2025-05-12 00:00:00+00:00,4544.0,47.13,48.45,45.29,45.44
2025-05-13 00:00:00+00:00,4571.0,44.83,45.96,44.65,45.71
2025-05-14 00:00:00+00:00,4479.0,45.71,45.76,44.65,44.79
2025-05-15 00:00:00+00:00,4357.0,44.79,44.85,43.07,43.57
2025-05-16 00:00:00+00:00,4262.0,43.57,43.61,41.56,42.62
2025-05-17 00:00:00+00:00,4313.0,42.62,43.25,42.21,43.13
2025-05-18 00:00:00+00:00,4493.0,43.13,45.79,43.04,44.93
2025-05-19 00:00:00+00:00,4402.0,44.93,45.24,43.77,44.02
2025-05-20 00:00:00+00:00,4730.0,44.02,47.38,44.01,47.3
2025-05-21 00:00:00+00:00,4913.0,47.3,49.24,46.31,49.13
2025-05-22 00:00:00+00:00,4900.0,49.13,49.84,47.71,49.0
2025-05-23 00:00:00+00:00,4768.0,49.0,49.0,45.6,47.68
2025-05-24 00:00:00+00:00,4753.0,47.68,48.54,46.96,47.53
2025-05-25 00:00:00+00:00,4896.0,47.53,49.34,47.34,48.96
2025-05-26 00:00:00+00:00,4713.0,48.97,48.97,46.48,47.13
2025-05-27 00:00:00+00:00,4616.0,47.13,47.43,45.3,46.16
2025-05-28 00:00:00+00:00,4524.0,46.16,46.46,43.47,45.24
2025-05-29 00:00:00+00:00,4461.0,45.24,45.24,43.54,44.61
2025-05-30 00:00:00+00:00,4371.0,44.61,47.41,43.64,43.71
2025-05-31 00:00:00+00:00,4588.0,43.72,46.61,42.94,45.88
2025-06-01 00:00:00+00:00,4513.0,45.88,46.68,45.08,45.13
2025-06-02 00:00:00+00:00,4297.0,45.13,45.22,42.38,42.97
2025-06-03 00:00:00+00:00,4283.0,42.97,43.72,42.47,42.83
2025-06-04 00:00:00+00:00,4218.0,42.83,43.08,41.83,42.18
2025-06-05 00:00:00+00:00,4276.0,42.18,43.45,41.44,42.76
2025-06-06 00:00:00+00:00,4053.0,42.76,42.89,40.52,40.53
2025-06-07 00:00:00+00:00,4199.0,40.53,42.12,40.53,41.99
2025-06-08 00:00:00+00:00,4252.0,41.99,42.64,41.54,42.52
2025-06-09 00:00:00+00:00,4261.0,42.52,42.85,41.46,42.61
2025-06-10 00:00:00+00:00,4251.0,41.89,42.8,41.65,42.51
2025-06-11 00:00:00+00:00,4095.0000000000005,42.51,42.69,40.86,40.95
2025-06-12 00:00:00+00:00,3977.0000000000005,40.95,41.4,39.57,39.77
2025-06-13 00:00:00+00:00,4072.0,39.77,43.96,39.77,40.72
2025-06-14 00:00:00+00:00,4100.0,40.72,41.31,40.46,41.0
2025-06-15 00:00:00+00:00,4232.0,41.0,42.79,40.91,42.32
2025-06-16 00:00:00+00:00,4173.0,42.32,42.32,40.28,41.73
2025-06-17 00:00:00+00:00,4162.0,41.73,42.19,40.72,41.62
2025-06-18 00:00:00+00:00,3969.0,41.62,41.7,39.6,39.69
2025-06-19 00:00:00+00:00,4021.0,39.69,40.64,39.65,40.21
2025-06-20 00:00:00+00:00,4067.0,40.21,41.53,39.03,40.67
2025-06-21 00:00:00+00:00,4101.0,40.67,41.43,38.9,41.01
2025-06-22 00:00:00+00:00,4175.0,41.01,44.63,40.42,41.75
2025-06-23 00:00:00+00:00,3986.0,41.75,42.15,39.54,39.86
2025-06-24 00:00:00+00:00,3904.9999999999995,39.87,41.2,39.0,39.05
2025-06-25 00:00:00+00:00,3840.0,39.04,39.28,37.9,38.4
2025-06-26 00:00:00+00:00,3825.0,38.4,39.32,37.71,38.25
2025-06-27 00:00:00+00:00,3810.0,38.25,38.34,36.27,38.1
2025-06-28 00:00:00+00:00,3771.0,38.1,38.16,36.79,37.71
2025-06-29 00:00:00+00:00,3934.0000000000005,37.71,39.42,37.7,39.34
2025-06-30 00:00:00+00:00,3774.0,39.34,39.34,37.69,37.74
2025-07-01 00:00:00+00:00,3761.0,37.14,38.23,36.99,37.61
2025-07-02 00:00:00+00:00,3960.0,37.61,40.44,37.48,39.6
2025-07-03 00:00:00+00:00,3908.0,39.6,40.93,38.66,39.08
2025-07-04 00:00:00+00:00,3921.0,39.08,39.63,36.79,39.21
2025-07-05 00:00:00+00:00,3854.0,39.21,39.21,38.47,38.54
2025-07-06 00:00:00+00:00,3897.9999999999995,38.54,39.0,38.24,38.98
2025-07-07 00:00:00+00:00,3871.0,38.98,39.51,38.46,38.71
2025-07-08 00:00:00+00:00,3777.0000000000005,38.71,39.04,37.67,37.77
2025-07-09 00:00:00+00:00,3877.0000000000005,37.77,40.09,37.08,38.77
2025-07-10 00:00:00+00:00,3861.9999999999995,38.77,40.21,37.98,38.62
2025-07-11 00:00:00+00:00,3794.0,38.62,40.24,37.51,37.94
2025-07-12 00:00:00+00:00,3820.0000000000005,37.94,38.43,37.18,38.2
2025-07-13 00:00:00+00:00,3924.0,38.2,40.62,38.18,39.24
2025-07-14 00:00:00+00:00,3964.0,39.24,40.64,38.79,39.64
2025-07-15 00:00:00+00:00,3993.0,39.64,41.81,39.44,39.93
2025-07-16 00:00:00+00:00,3907.0,39.93,40.96,37.98,39.07
2025-07-17 00:00:00+00:00,3947.0,39.07,40.89,38.28,39.47
2025-07-18 00:00:00+00:00,3860.0,39.47,40.7,37.63,38.6
2025-07-19 00:00:00+00:00,3885.0,38.6,39.01,38.13,38.85
2025-07-20 00:00:00+00:00,3922.9999999999995,38.85,39.89,38.63,39.23
2025-07-21 00:00:00+00:00,3928.0,39.23,40.42,38.49,39.28
2025-07-22 00:00:00+00:00,3988.0000000000005,39.28,39.88,38.04,39.88
2025-07-23 00:00:00+00:00,3958.0,39.88,40.17,38.99,39.58
2025-07-24 00:00:00+00:00,4022.0,39.58,40.85,38.61,40.22
2025-07-25 00:00:00+00:00,4006.0,40.22,43.01,39.21,40.06
2025-07-26 00:00:00+00:00,3895.0000000000005,40.06,40.16,38.56,38.95
2025-07-27 00:00:00+00:00,3936.9999999999995,38.95,40.55,38.73,39.37
2025-07-28 00:00:00+00:00,3827.0000000000005,39.37,41.05,38.21,38.27
2025-07-29 00:00:00+00:00,3518.0,38.27,38.78,34.86,35.18
2025-07-30 00:00:00+00:00,3613.0000000000005,35.18,37.3,35.16,36.13
2025-07-31 00:00:00+00:00,3672.9999999999995,36.13,37.02,35.79,36.73
2025-08-01 00:00:00+00:00,3842.0,36.73,38.74,35.61,38.42
2025-08-02 00:00:00+00:00,3767.0,38.42,38.45,36.65,37.67
2025-08-03 00:00:00+00:00,3803.0,37.67,38.4,37.4,38.03
2025-08-04 00:00:00+00:00,3689.0,38.03,38.1,36.78,36.89
2025-08-05 00:00:00+00:00,3601.0,36.32,36.58,35.45,36.01
2025-08-06 00:00:00+00:00,3488.0000000000005,36.01,36.11,34.87,34.88
2025-08-07 00:00:00+00:00,3565.9999999999995,34.88,35.68,33.98,35.66
2025-08-08 00:00:00+00:00,3440.0,35.66,35.73,33.53,34.4
2025-08-09 00:00:00+00:00,3507.0,34.4,35.21,33.77,35.07
2025-08-10 00:00:00+00:00,3543.0,35.07,36.19,34.29,35.43
2025-08-11 00:00:00+00:00,3656.0,35.43,37.93,35.04,36.56
2025-08-12 00:00:00+00:00,3694.0,36.56,37.09,35.33,36.94
2025-08-13 00:00:00+00:00,3900.0,37.41,39.89,37.07,39.0
2025-08-14 00:00:00+00:00,3695.0000000000005,39.0,39.63,36.25,36.95
2025-08-15 00:00:00+00:00,3536.9999999999995,36.95,37.03,35.14,35.37
2025-08-16 00:00:00+00:00,3538.0000000000005,35.37,35.46,34.93,35.38
2025-08-17 00:00:00+00:00,3583.0,35.38,35.85,35.07,35.83
2025-08-18 00:00:00+00:00,3599.0,35.83,38.1,35.62,35.99
2025-08-19 00:00:00+00:00,3786.9999999999995,35.99,38.54,35.6,37.87
2025-08-20 00:00:00+00:00,3602.0000000000005,37.87,38.01,35.91,36.02
2025-08-21 00:00:00+00:00,3725.0,36.02,37.25,35.73,37.25
2025-08-22 00:00:00+00:00,3453.0,37.25,37.97,33.63,34.53
2025-08-23 00:00:00+00:00,3497.0,34.53,35.13,34.36,34.97
2025-08-24 00:00:00+00:00,3507.0,34.97,36.87,34.3,35.07
2025-08-25 00:00:00+00:00,3793.0,35.07,38.87,34.8,37.93
2025-08-26 00:00:00+00:00,3692.0,37.93,40.17,36.92,36.92
2025-08-27 00:00:00+00:00,3790.9999999999995,36.92,38.52,36.69,37.91
2025-08-28 00:00:00+00:00,3695.0000000000005,37.91,38.12,36.21,36.95
2025-08-29 00:00:00+00:00,3897.9999999999995,36.95,41.7,36.91,38.98
2025-08-30 00:00:00+00:00,3885.0,38.98,39.4,38.36,38.85
2025-08-31 00:00:00+00:00,3961.9999999999995,38.85,40.0,38.19,39.62
2025-09-01 00:00:00+00:00,3950.0,39.62,39.89,37.39,39.5
2025-09-02 00:00:00+00:00,3879.9999999999995,39.33,40.28,38.69,38.8
2025-09-03 00:00:00+00:00,3885.0,38.8,38.88,37.97,38.85
2025-09-04 00:00:00+00:00,3847.9999999999995,38.85,39.17,38.37,38.48
2025-09-05 00:00:00+00:00,3749.0,38.48,38.74,36.23,37.49
2025-09-06 00:00:00+00:00,3776.0,37.49,38.03,37.04,37.76
2025-09-07 00:00:00+00:00,3790.0,37.76,37.9,37.43,37.9
2025-09-08 00:00:00+00:00,3708.0,37.9,38.17,36.46,37.08
2025-09-09 00:00:00+00:00,3736.0,37.08,37.9,36.73,37.36
2025-09-10 00:00:00+00:00,3695.0000000000005,37.36,37.86,36.74,36.95
2025-09-11 00:00:00+00:00,3526.0,36.95,37.03,35.26,35.26
2025-09-12 00:00:00+00:00,3465.9999999999995,35.26,35.56,34.02,34.66
2025-09-13 00:00:00+00:00,3428.0,34.66,34.79,34.19,34.28
2025-09-14 00:00:00+00:00,3440.9999999999995,34.28,34.87,33.85,34.41
2025-09-15 00:00:00+00:00,3556.0,34.41,35.98,34.26,35.56
2025-09-16 00:00:00+00:00,3652.0000000000005,35.56,36.7,35.12,36.52
2025-09-17 00:00:00+00:00,3554.9999999999995,36.52,37.45,34.99,35.55
2025-09-18 00:00:00+00:00,3381.0,35.55,35.58,32.87,33.81
2025-09-19 00:00:00+00:00,3478.0,33.81,35.6,33.4,34.78
2025-09-20 00:00:00+00:00,3447.9999999999995,34.78,34.78,34.11,34.48
2025-09-21 00:00:00+00:00,3451.0,34.48,34.62,34.06,34.51
2025-09-22 00:00:00+00:00,3517.0,34.51,38.09,34.51,35.17
2025-09-23 00:00:00+00:00,3714.0,35.17,37.17,35.09,37.14
2025-09-24 00:00:00+00:00,3617.0,37.14,37.25,35.28,36.17
2025-09-25 00:00:00+00:00,3769.0,36.17,37.98,35.68,37.69
2025-09-26 00:00:00+00:00,3654.9999999999995,37.69,38.11,35.82,36.55
2025-09-27 00:00:00+00:00,3642.0,36.55,36.87,36.35,36.42
2025-09-28 00:00:00+00:00,3586.0,36.42,36.83,35.71,35.86
2025-09-29 00:00:00+00:00,3639.0,35.86,36.96,35.21,36.39
2025-09-30 00:00:00+00:00,3661.0,36.39,37.06,35.64,36.61
2025-10-01 00:00:00+00:00,3711.9999999999995,36.61,37.7,35.9,37.12
2025-10-02 00:00:00+00:00,3739.0,37.12,37.9,36.74,37.39
2025-10-03 00:00:00+00:00,3803.0,37.39,38.96,36.81,38.03
2025-10-04 00:00:00+00:00,3803.0,38.03,38.29,37.49,38.03
2025-10-05 00:00:00+00:00,3795.0000000000005,38.03,39.66,37.92,37.95
2025-10-06 00:00:00+00:00,3926.0,37.95,39.42,37.67,39.26
2025-10-07 00:00:00+00:00,3928.0,39.07,39.39,38.54,39.28
2025-10-08 00:00:00+00:00,3944.0,39.28,40.03,38.54,39.44
2025-10-09 00:00:00+00:00,3972.9999999999995,39.44,40.44,39.33,39.73
2025-10-10 00:00:00+00:00,4411.0,39.73,64.88,39.45,44.11
2025-10-11 00:00:00+00:00,4615.0,44.11,48.54,43.69,46.15
2025-10-12 00:00:00+00:00,4624.0,46.15,47.82,43.42,46.24
2025-10-13 00:00:00+00:00,4338.0,46.24,46.51,42.87,43.38
2025-10-14 00:00:00+00:00,4501.0,43.38,47.71,43.18,45.01
2025-10-15 00:00:00+00:00,4525.0,45.01,45.73,44.07,45.25
2025-10-16 00:00:00+00:00,4778.0,45.25,48.52,44.67,47.78
2025-10-17 00:00:00+00:00,5000.0,47.78,51.0,45.75,50.0
2025-10-18 00:00:00+00:00,4908.0,50.0,50.03,48.2,49.08
2025-10-19 00:00:00+00:00,4768.0,49.08,50.78,46.58,47.68
2025-10-20 00:00:00+00:00,4595.0,47.68,49.62,45.09,45.95
2025-10-21 00:00:00+00:00,4927.0,45.95,49.64,45.53,49.27
2025-10-22 00:00:00+00:00,5070.0,49.27,51.24,47.08,50.7
2025-10-23 00:00:00+00:00,4513.0,50.7,50.7,45.12,45.13
2025-10-24 00:00:00+00:00,4284.0,45.13,45.18,42.69,42.84
2025-10-25 00:00:00+00:00,4290.0,42.84,43.39,42.32,42.9
2025-10-26 00:00:00+00:00,4391.0,42.9,44.17,42.41,43.91
2025-10-27 00:00:00+00:00,4282.0,43.91,43.91,42.04,42.82
2025-10-28 00:00:00+00:00,4239.0,42.82,43.07,40.44,42.39
2025-10-29 00:00:00+00:00,4507.0,42.39,45.53,42.39,45.07
2025-10-30 00:00:00+00:00,4485.0,45.07,47.15,43.79,44.85
2025-10-31 00:00:00+00:00,4331.0,44.85,44.85,42.74,43.31
2025-11-01 00:00:00+00:00,4349.0,43.31,43.82,42.73,43.49
2025-11-02 00:00:00+00:00,4412.0,43.49,44.9,43.45,44.12
2025-11-03 00:00:00+00:00,4573.0,44.12,46.83,43.6,45.73
2025-11-04 00:00:00+00:00,4779.0,45.73,50.56,44.93,47.79
2025-11-05 00:00:00+00:00,4655.0,47.79,50.48,46.26,46.55
2025-11-06 00:00:00+00:00,4694.0,46.55,48.13,44.11,46.94
2025-11-07 00:00:00+00:00,4461.0,46.93,47.78,44.27,44.61
2025-11-08 00:00:00+00:00,4488.0,44.61,45.08,43.04,44.88
2025-11-09 00:00:00+00:00,4511.0,44.88,47.24,44.88,45.11
2025-11-10 00:00:00+00:00,4430.0,45.11,45.14,44.28,44.3
2025-11-11 00:00:00+00:00,4661.0,44.3,47.44,43.56,46.61
2025-11-12 00:00:00+00:00,4607.0,46.61,46.95,44.75,46.07
2025-11-13 00:00:00+00:00,4652.0,46.08,46.96,43.93,46.52
2025-11-14 00:00:00+00:00,4971.0,46.52,50.58,45.87,49.71
2025-11-15 00:00:00+00:00,4850.0,49.71,49.71,48.01,48.5
2025-11-16 00:00:00+00:00,4964.0,48.5,50.7,48.36,49.64
2025-11-17 00:00:00+00:00,5062.0,49.64,51.71,47.9,50.62
2025-11-18 00:00:00+00:00,5052.0,50.62,52.78,50.13,50.52
2025-11-19 00:00:00+00:00,5104.0,50.52,53.61,50.47,51.04
2025-11-20 00:00:00+00:00,5465.0,51.04,54.72,50.07,54.65
2025-11-21 00:00:00+00:00,5738.0,54.65,62.18,54.01,57.38
2025-11-22 00:00:00+00:00,5823.0,57.38,58.52,56.85,58.23
