instrument_name,strike,expiration,option_type,expiration_timestamp,min_trade_amount,tick_size
BTC-10DEC25-84000-C,84000.0,2025-12-10 08:00:00,call,1765353600000,0.1,0.0001
BTC-10DEC25-84000-P,84000.0,2025-12-10 08:00:00,put,1765353600000,0.1,0.0001
BTC-10DEC25-85000-C,85000.0,2025-12-10 08:00:00,call,1765353600000,0.1,0.0001
BTC-10DEC25-85000-P,85000.0,2025-12-10 08:00:00,put,1765353600000,0.1,0.0001
BTC-10DEC25-86000-C,86000.0,2025-12-10 08:00:00,call,1765353600000,0.1,0.0001
BTC-10DEC25-86000-P,86000.0,2025-12-10 08:00:00,put,1765353600000,0.1,0.0001
BTC-10DEC25-87000-C,87000.0,2025-12-10 08:00:00,call,1765353600000,0.1,0.0001
BTC-10DEC25-87000-P,87000.0,2025-12-10 08:00:00,put,1765353600000,0.1,0.0001
BTC-10DEC25-88000-C,88000.0,2025-12-10 08:00:00,call,1765353600000,0.1,0.0001
BTC-10DEC25-88000-P,88000.0,2025-12-10 08:00:00,put,1765353600000,0.1,0.0001
BTC-10DEC25-89000-C,89000.0,2025-12-10 08:00:00,call,1765353600000,0.1,0.0001
BTC-10DEC25-89000-P,89000.0,2025-12-10 08:00:00,put,1765353600000,0.1,0.0001
BTC-10DEC25-90000-C,90000.0,2025-12-10 08:00:00,call,1765353600000,0.1,0.0001
BTC-10DEC25-90000-P,90000.0,2025-12-10 08:00:00,put,1765353600000,0.1,0.0001
BTC-10DEC25-91000-C,91000.0,2025-12-10 08:00:00,call,1765353600000,0.1,0.0001
BTC-10DEC25-91000-P,91000.0,2025-12-10 08:00:00,put,1765353600000,0.1,0.0001
BTC-10DEC25-92000-C,92000.0,2025-12-10 08:00:00,call,1765353600000,0.1,0.0001
BTC-10DEC25-92000-P,92000.0,2025-12-10 08:00:00,put,1765353600000,0.1,0.0001
BTC-10DEC25-93000-C,93000.0,2025-12-10 08:00:00,call,1765353600000,0.1,0.0001
BTC-10DEC25-93000-P,93000.0,2025-12-10 08:00:00,put,1765353600000,0.1,0.0001
BTC-10DEC25-94000-C,94000.0,2025-12-10 08:00:00,call,1765353600000,0.1,0.0001
BTC-10DEC25-94000-P,94000.0,2025-12-10 08:00:00,put,1765353600000,0.1,0.0001
BTC-10DEC25-95000-C,95000.0,2025-12-10 08:00:00,call,1765353600000,0.1,0.0001
BTC-10DEC25-95000-P,95000.0,2025-12-10 08:00:00,put,1765353600000,0.1,0.0001
BTC-10DEC25-96000-C,96000.0,2025-12-10 08:00:00,call,1765353600000,0.1,0.0001
BTC-10DEC25-96000-P,96000.0,2025-12-10 08:00:00,put,1765353600000,0.1,0.0001
BTC-10DEC25-97000-C,97000.0,2025-12-10 08:00:00,call,1765353600000,0.1,0.0001
BTC-10DEC25-97000-P,97000.0,2025-12-10 08:00:00,put,1765353600000,0.1,0.0001
BTC-10DEC25-98000-C,98000.0,2025-12-10 08:00:00,call,1765353600000,0.1,0.0001
BTC-10DEC25-98000-P,98000.0,2025-12-10 08:00:00,put,1765353600000,0.1,0.0001
BTC-10DEC25-100000-C,100000.0,2025-12-10 08:00:00,call,1765353600000,0.1,0.0001
BTC-10DEC25-100000-P,100000.0,2025-12-10 08:00:00,put,1765353600000,0.1,0.0001
BTC-11DEC25-82000-C,82000.0,2025-12-11 08:00:00,call,1765440000000,0.1,0.0001
BTC-11DEC25-82000-P,82000.0,2025-12-11 08:00:00,put,1765440000000,0.1,0.0001
BTC-11DEC25-84000-C,84000.0,2025-12-11 08:00:00,call,1765440000000,0.1,0.0001
BTC-11DEC25-84000-P,84000.0,2025-12-11 08:00:00,put,1765440000000,0.1,0.0001
BTC-11DEC25-85000-C,85000.0,2025-12-11 08:00:00,call,1765440000000,0.1,0.0001
BTC-11DEC25-85000-P,85000.0,2025-12-11 08:00:00,put,1765440000000,0.1,0.0001
BTC-11DEC25-86000-C,86000.0,2025-12-11 08:00:00,call,1765440000000,0.1,0.0001
BTC-11DEC25-86000-P,86000.0,2025-12-11 08:00:00,put,1765440000000,0.1,0.0001
BTC-11DEC25-87000-C,87000.0,2025-12-11 08:00:00,call,1765440000000,0.1,0.0001
BTC-11DEC25-87000-P,87000.0,2025-12-11 08:00:00,put,1765440000000,0.1,0.0001
BTC-11DEC25-88000-C,88000.0,2025-12-11 08:00:00,call,1765440000000,0.1,0.0001
BTC-11DEC25-88000-P,88000.0,2025-12-11 08:00:00,put,1765440000000,0.1,0.0001
BTC-11DEC25-89000-C,89000.0,2025-12-11 08:00:00,call,1765440000000,0.1,0.0001
BTC-11DEC25-89000-P,89000.0,2025-12-11 08:00:00,put,1765440000000,0.1,0.0001
BTC-11DEC25-90000-C,90000.0,2025-12-11 08:00:00,call,1765440000000,0.1,0.0001
BTC-11DEC25-90000-P,90000.0,2025-12-11 08:00:00,put,1765440000000,0.1,0.0001
BTC-11DEC25-91000-C,91000.0,2025-12-11 08:00:00,call,1765440000000,0.1,0.0001
BTC-11DEC25-91000-P,91000.0,2025-12-11 08:00:00,put,1765440000000,0.1,0.0001
BTC-11DEC25-92000-C,92000.0,2025-12-11 08:00:00,call,1765440000000,0.1,0.0001
BTC-11DEC25-92000-P,92000.0,2025-12-11 08:00:00,put,1765440000000,0.1,0.0001
BTC-11DEC25-93000-C,93000.0,2025-12-11 08:00:00,call,1765440000000,0.1,0.0001
BTC-11DEC25-93000-P,93000.0,2025-12-11 08:00:00,put,1765440000000,0.1,0.0001
BTC-11DEC25-94000-C,94000.0,2025-12-11 08:00:00,call,1765440000000,0.1,0.0001
BTC-11DEC25-94000-P,94000.0,2025-12-11 08:00:00,put,1765440000000,0.1,0.0001
BTC-11DEC25-95000-C,95000.0,2025-12-11 08:00:00,call,1765440000000,0.1,0.0001
BTC-11DEC25-95000-P,95000.0,2025-12-11 08:00:00,put,1765440000000,0.1,0.0001
BTC-11DEC25-96000-C,96000.0,2025-12-11 08:00:00,call,1765440000000,0.1,0.0001
BTC-11DEC25-96000-P,96000.0,2025-12-11 08:00:00,put,1765440000000,0.1,0.0001
BTC-11DEC25-97000-C,97000.0,2025-12-11 08:00:00,call,1765440000000,0.1,0.0001
BTC-11DEC25-97000-P,97000.0,2025-12-11 08:00:00,put,1765440000000,0.1,0.0001
BTC-11DEC25-98000-C,98000.0,2025-12-11 08:00:00,call,1765440000000,0.1,0.0001
BTC-11DEC25-98000-P,98000.0,2025-12-11 08:00:00,put,1765440000000,0.1,0.0001
BTC-11DEC25-99000-C,99000.0,2025-12-11 08:00:00,call,1765440000000,0.1,0.0001
BTC-11DEC25-99000-P,99000.0,2025-12-11 08:00:00,put,1765440000000,0.1,0.0001
BTC-11DEC25-100000-C,100000.0,2025-12-11 08:00:00,call,1765440000000,0.1,0.0001
BTC-11DEC25-100000-P,100000.0,2025-12-11 08:00:00,put,1765440000000,0.1,0.0001
BTC-11DEC25-102000-C,102000.0,2025-12-11 08:00:00,call,1765440000000,0.1,0.0001
BTC-11DEC25-102000-P,102000.0,2025-12-11 08:00:00,put,1765440000000,0.1,0.0001
BTC-12DEC25-55000-C,55000.0,2025-12-12 08:00:00,call,1765526400000,0.1,0.0001
BTC-12DEC25-55000-P,55000.0,2025-12-12 08:00:00,put,1765526400000,0.1,0.0001
BTC-12DEC25-60000-C,60000.0,2025-12-12 08:00:00,call,1765526400000,0.1,0.0001
BTC-12DEC25-60000-P,60000.0,2025-12-12 08:00:00,put,1765526400000,0.1,0.0001
BTC-12DEC25-65000-C,65000.0,2025-12-12 08:00:00,call,1765526400000,0.1,0.0001
BTC-12DEC25-65000-P,65000.0,2025-12-12 08:00:00,put,1765526400000,0.1,0.0001
BTC-12DEC25-70000-C,70000.0,2025-12-12 08:00:00,call,1765526400000,0.1,0.0001
BTC-12DEC25-70000-P,70000.0,2025-12-12 08:00:00,put,1765526400000,0.1,0.0001
BTC-12DEC25-75000-C,75000.0,2025-12-12 08:00:00,call,1765526400000,0.1,0.0001
BTC-12DEC25-75000-P,75000.0,2025-12-12 08:00:00,put,1765526400000,0.1,0.0001
BTC-12DEC25-78000-C,78000.0,2025-12-12 08:00:00,call,1765526400000,0.1,0.0001
BTC-12DEC25-78000-P,78000.0,2025-12-12 08:00:00,put,1765526400000,0.1,0.0001
BTC-12DEC25-80000-C,80000.0,2025-12-12 08:00:00,call,1765526400000,0.1,0.0001
BTC-12DEC25-80000-P,80000.0,2025-12-12 08:00:00,put,1765526400000,0.1,0.0001
BTC-12DEC25-81000-C,81000.0,2025-12-12 08:00:00,call,1765526400000,0.1,0.0001
BTC-12DEC25-81000-P,81000.0,2025-12-12 08:00:00,put,1765526400000,0.1,0.0001
BTC-12DEC25-82000-C,82000.0,2025-12-12 08:00:00,call,1765526400000,0.1,0.0001
BTC-12DEC25-82000-P,82000.0,2025-12-12 08:00:00,put,1765526400000,0.1,0.0001
BTC-12DEC25-83000-C,83000.0,2025-12-12 08:00:00,call,1765526400000,0.1,0.0001
BTC-12DEC25-83000-P,83000.0,2025-12-12 08:00:00,put,1765526400000,0.1,0.0001
BTC-12DEC25-84000-C,84000.0,2025-12-12 08:00:00,call,1765526400000,0.1,0.0001
BTC-12DEC25-84000-P,84000.0,2025-12-12 08:00:00,put,1765526400000,0.1,0.0001
BTC-12DEC25-85000-C,85000.0,2025-12-12 08:00:00,call,1765526400000,0.1,0.0001
BTC-12DEC25-85000-P,85000.0,2025-12-12 08:00:00,put,1765526400000,0.1,0.0001
BTC-12DEC25-86000-C,86000.0,2025-12-12 08:00:00,call,1765526400000,0.1,0.0001
BTC-12DEC25-86000-P,86000.0,2025-12-12 08:00:00,put,1765526400000,0.1,0.0001
BTC-12DEC25-87000-C,87000.0,2025-12-12 08:00:00,call,1765526400000,0.1,0.0001
BTC-12DEC25-87000-P,87000.0,2025-12-12 08:00:00,put,1765526400000,0.1,0.0001
BTC-12DEC25-88000-C,88000.0,2025-12-12 08:00:00,call,1765526400000,0.1,0.0001
BTC-12DEC25-88000-P,88000.0,2025-12-12 08:00:00,put,1765526400000,0.1,0.0001
BTC-12DEC25-89000-C,89000.0,2025-12-12 08:00:00,call,1765526400000,0.1,0.0001
BTC-12DEC25-89000-P,89000.0,2025-12-12 08:00:00,put,1765526400000,0.1,0.0001
BTC-12DEC25-90000-C,90000.0,2025-12-12 08:00:00,call,1765526400000,0.1,0.0001
BTC-12DEC25-90000-P,90000.0,2025-12-12 08:00:00,put,1765526400000,0.1,0.0001
BTC-12DEC25-91000-C,91000.0,2025-12-12 08:00:00,call,1765526400000,0.1,0.0001
BTC-12DEC25-91000-P,91000.0,2025-12-12 08:00:00,put,1765526400000,0.1,0.0001
BTC-12DEC25-92000-C,92000.0,2025-12-12 08:00:00,call,1765526400000,0.1,0.0001
BTC-12DEC25-92000-P,92000.0,2025-12-12 08:00:00,put,1765526400000,0.1,0.0001
BTC-12DEC25-93000-C,93000.0,2025-12-12 08:00:00,call,1765526400000,0.1,0.0001
BTC-12DEC25-93000-P,93000.0,2025-12-12 08:00:00,put,1765526400000,0.1,0.0001
BTC-12DEC25-94000-C,94000.0,2025-12-12 08:00:00,call,1765526400000,0.1,0.0001
BTC-12DEC25-94000-P,94000.0,2025-12-12 08:00:00,put,1765526400000,0.1,0.0001
BTC-12DEC25-95000-C,95000.0,2025-12-12 08:00:00,call,1765526400000,0.1,0.0001
BTC-12DEC25-95000-P,95000.0,2025-12-12 08:00:00,put,1765526400000,0.1,0.0001
BTC-12DEC25-96000-C,96000.0,2025-12-12 08:00:00,call,1765526400000,0.1,0.0001
BTC-12DEC25-96000-P,96000.0,2025-12-12 08:00:00,put,1765526400000,0.1,0.0001
BTC-12DEC25-98000-C,98000.0,2025-12-12 08:00:00,call,1765526400000,0.1,0.0001
BTC-12DEC25-98000-P,98000.0,2025-12-12 08:00:00,put,1765526400000,0.1,0.0001
BTC-12DEC25-100000-C,100000.0,2025-12-12 08:00:00,call,1765526400000,0.1,0.0001
BTC-12DEC25-100000-P,100000.0,2025-12-12 08:00:00,put,1765526400000,0.1,0.0001
BTC-12DEC25-105000-C,105000.0,2025-12-12 08:00:00,call,1765526400000,0.1,0.0001
BTC-12DEC25-105000-P,105000.0,2025-12-12 08:00:00,put,1765526400000,0.1,0.0001
BTC-12DEC25-108000-C,108000.0,2025-12-12 08:00:00,call,1765526400000,0.1,0.0001
BTC-12DEC25-108000-P,108000.0,2025-12-12 08:00:00,put,1765526400000,0.1,0.0001
BTC-13DEC25-84000-C,84000.0,2025-12-13 08:00:00,call,1765612800000,0.1,0.0001
BTC-13DEC25-84000-P,84000.0,2025-12-13 08:00:00,put,1765612800000,0.1,0.0001
BTC-13DEC25-86000-C,86000.0,2025-12-13 08:00:00,call,1765612800000,0.1,0.0001
BTC-13DEC25-86000-P,86000.0,2025-12-13 08:00:00,put,1765612800000,0.1,0.0001
BTC-13DEC25-87000-C,87000.0,2025-12-13 08:00:00,call,1765612800000,0.1,0.0001
BTC-13DEC25-87000-P,87000.0,2025-12-13 08:00:00,put,1765612800000,0.1,0.0001
BTC-13DEC25-88000-C,88000.0,2025-12-13 08:00:00,call,1765612800000,0.1,0.0001
BTC-13DEC25-88000-P,88000.0,2025-12-13 08:00:00,put,1765612800000,0.1,0.0001
BTC-13DEC25-89000-C,89000.0,2025-12-13 08:00:00,call,1765612800000,0.1,0.0001
BTC-13DEC25-89000-P,89000.0,2025-12-13 08:00:00,put,1765612800000,0.1,0.0001
BTC-13DEC25-90000-C,90000.0,2025-12-13 08:00:00,call,1765612800000,0.1,0.0001
BTC-13DEC25-90000-P,90000.0,2025-12-13 08:00:00,put,1765612800000,0.1,0.0001
BTC-13DEC25-91000-C,91000.0,2025-12-13 08:00:00,call,1765612800000,0.1,0.0001
BTC-13DEC25-91000-P,91000.0,2025-12-13 08:00:00,put,1765612800000,0.1,0.0001
BTC-13DEC25-92000-C,92000.0,2025-12-13 08:00:00,call,1765612800000,0.1,0.0001
BTC-13DEC25-92000-P,92000.0,2025-12-13 08:00:00,put,1765612800000,0.1,0.0001
BTC-13DEC25-93000-C,93000.0,2025-12-13 08:00:00,call,1765612800000,0.1,0.0001
BTC-13DEC25-93000-P,93000.0,2025-12-13 08:00:00,put,1765612800000,0.1,0.0001
BTC-13DEC25-94000-C,94000.0,2025-12-13 08:00:00,call,1765612800000,0.1,0.0001
BTC-13DEC25-94000-P,94000.0,2025-12-13 08:00:00,put,1765612800000,0.1,0.0001
BTC-13DEC25-95000-C,95000.0,2025-12-13 08:00:00,call,1765612800000,0.1,0.0001
BTC-13DEC25-95000-P,95000.0,2025-12-13 08:00:00,put,1765612800000,0.1,0.0001
BTC-13DEC25-96000-C,96000.0,2025-12-13 08:00:00,call,1765612800000,0.1,0.0001
BTC-13DEC25-96000-P,96000.0,2025-12-13 08:00:00,put,1765612800000,0.1,0.0001
BTC-13DEC25-97000-C,97000.0,2025-12-13 08:00:00,call,1765612800000,0.1,0.0001
BTC-13DEC25-97000-P,97000.0,2025-12-13 08:00:00,put,1765612800000,0.1,0.0001
BTC-13DEC25-98000-C,98000.0,2025-12-13 08:00:00,call,1765612800000,0.1,0.0001
BTC-13DEC25-98000-P,98000.0,2025-12-13 08:00:00,put,1765612800000,0.1,0.0001
BTC-13DEC25-100000-C,100000.0,2025-12-13 08:00:00,call,1765612800000,0.1,0.0001
BTC-13DEC25-100000-P,100000.0,2025-12-13 08:00:00,put,1765612800000,0.1,0.0001
BTC-19DEC25-70000-C,70000.0,2025-12-19 08:00:00,call,1766131200000,0.1,0.0001
BTC-19DEC25-70000-P,70000.0,2025-12-19 08:00:00,put,1766131200000,0.1,0.0001
BTC-19DEC25-75000-C,75000.0,2025-12-19 08:00:00,call,1766131200000,0.1,0.0001
BTC-19DEC25-75000-P,75000.0,2025-12-19 08:00:00,put,1766131200000,0.1,0.0001
BTC-19DEC25-80000-C,80000.0,2025-12-19 08:00:00,call,1766131200000,0.1,0.0001
BTC-19DEC25-80000-P,80000.0,2025-12-19 08:00:00,put,1766131200000,0.1,0.0001
BTC-19DEC25-82000-C,82000.0,2025-12-19 08:00:00,call,1766131200000,0.1,0.0001
BTC-19DEC25-82000-P,82000.0,2025-12-19 08:00:00,put,1766131200000,0.1,0.0001
BTC-19DEC25-83000-C,83000.0,2025-12-19 08:00:00,call,1766131200000,0.1,0.0001
BTC-19DEC25-83000-P,83000.0,2025-12-19 08:00:00,put,1766131200000,0.1,0.0001
BTC-19DEC25-84000-C,84000.0,2025-12-19 08:00:00,call,1766131200000,0.1,0.0001
BTC-19DEC25-84000-P,84000.0,2025-12-19 08:00:00,put,1766131200000,0.1,0.0001
BTC-19DEC25-85000-C,85000.0,2025-12-19 08:00:00,call,1766131200000,0.1,0.0001
BTC-19DEC25-85000-P,85000.0,2025-12-19 08:00:00,put,1766131200000,0.1,0.0001
BTC-19DEC25-86000-C,86000.0,2025-12-19 08:00:00,call,1766131200000,0.1,0.0001
BTC-19DEC25-86000-P,86000.0,2025-12-19 08:00:00,put,1766131200000,0.1,0.0001
BTC-19DEC25-87000-C,87000.0,2025-12-19 08:00:00,call,1766131200000,0.1,0.0001
BTC-19DEC25-87000-P,87000.0,2025-12-19 08:00:00,put,1766131200000,0.1,0.0001
BTC-19DEC25-88000-C,88000.0,2025-12-19 08:00:00,call,1766131200000,0.1,0.0001
BTC-19DEC25-88000-P,88000.0,2025-12-19 08:00:00,put,1766131200000,0.1,0.0001
BTC-19DEC25-89000-C,89000.0,2025-12-19 08:00:00,call,1766131200000,0.1,0.0001
BTC-19DEC25-89000-P,89000.0,2025-12-19 08:00:00,put,1766131200000,0.1,0.0001
BTC-19DEC25-90000-C,90000.0,2025-12-19 08:00:00,call,1766131200000,0.1,0.0001
BTC-19DEC25-90000-P,90000.0,2025-12-19 08:00:00,put,1766131200000,0.1,0.0001
BTC-19DEC25-91000-C,91000.0,2025-12-19 08:00:00,call,1766131200000,0.1,0.0001
BTC-19DEC25-91000-P,91000.0,2025-12-19 08:00:00,put,1766131200000,0.1,0.0001
BTC-19DEC25-92000-C,92000.0,2025-12-19 08:00:00,call,1766131200000,0.1,0.0001
BTC-19DEC25-92000-P,92000.0,2025-12-19 08:00:00,put,1766131200000,0.1,0.0001
BTC-19DEC25-93000-C,93000.0,2025-12-19 08:00:00,call,1766131200000,0.1,0.0001
BTC-19DEC25-93000-P,93000.0,2025-12-19 08:00:00,put,1766131200000,0.1,0.0001
BTC-19DEC25-94000-C,94000.0,2025-12-19 08:00:00,call,1766131200000,0.1,0.0001
BTC-19DEC25-94000-P,94000.0,2025-12-19 08:00:00,put,1766131200000,0.1,0.0001
BTC-19DEC25-95000-C,95000.0,2025-12-19 08:00:00,call,1766131200000,0.1,0.0001
BTC-19DEC25-95000-P,95000.0,2025-12-19 08:00:00,put,1766131200000,0.1,0.0001
BTC-19DEC25-96000-C,96000.0,2025-12-19 08:00:00,call,1766131200000,0.1,0.0001
BTC-19DEC25-96000-P,96000.0,2025-12-19 08:00:00,put,1766131200000,0.1,0.0001
BTC-19DEC25-97000-C,97000.0,2025-12-19 08:00:00,call,1766131200000,0.1,0.0001
BTC-19DEC25-97000-P,97000.0,2025-12-19 08:00:00,put,1766131200000,0.1,0.0001
BTC-19DEC25-98000-C,98000.0,2025-12-19 08:00:00,call,1766131200000,0.1,0.0001
BTC-19DEC25-98000-P,98000.0,2025-12-19 08:00:00,put,1766131200000,0.1,0.0001
BTC-19DEC25-99000-C,99000.0,2025-12-19 08:00:00,call,1766131200000,0.1,0.0001
BTC-19DEC25-99000-P,99000.0,2025-12-19 08:00:00,put,1766131200000,0.1,0.0001
BTC-19DEC25-100000-C,100000.0,2025-12-19 08:00:00,call,1766131200000,0.1,0.0001
BTC-19DEC25-100000-P,100000.0,2025-12-19 08:00:00,put,1766131200000,0.1,0.0001
BTC-19DEC25-105000-C,105000.0,2025-12-19 08:00:00,call,1766131200000,0.1,0.0001
BTC-19DEC25-105000-P,105000.0,2025-12-19 08:00:00,put,1766131200000,0.1,0.0001
BTC-19DEC25-115000-C,115000.0,2025-12-19 08:00:00,call,1766131200000,0.1,0.0001
BTC-19DEC25-115000-P,115000.0,2025-12-19 08:00:00,put,1766131200000,0.1,0.0001
BTC-26DEC25-20000-C,20000.0,2025-12-26 08:00:00,call,1766736000000,0.1,0.0001
BTC-26DEC25-20000-P,20000.0,2025-12-26 08:00:00,put,1766736000000,0.1,0.0001
BTC-26DEC25-30000-C,30000.0,2025-12-26 08:00:00,call,1766736000000,0.1,0.0001
BTC-26DEC25-30000-P,30000.0,2025-12-26 08:00:00,put,1766736000000,0.1,0.0001
BTC-26DEC25-40000-C,40000.0,2025-12-26 08:00:00,call,1766736000000,0.1,0.0001
BTC-26DEC25-40000-P,40000.0,2025-12-26 08:00:00,put,1766736000000,0.1,0.0001
BTC-26DEC25-50000-C,50000.0,2025-12-26 08:00:00,call,1766736000000,0.1,0.0001
BTC-26DEC25-50000-P,50000.0,2025-12-26 08:00:00,put,1766736000000,0.1,0.0001
BTC-26DEC25-60000-C,60000.0,2025-12-26 08:00:00,call,1766736000000,0.1,0.0001
BTC-26DEC25-60000-P,60000.0,2025-12-26 08:00:00,put,1766736000000,0.1,0.0001
BTC-26DEC25-65000-C,65000.0,2025-12-26 08:00:00,call,1766736000000,0.1,0.0001
BTC-26DEC25-65000-P,65000.0,2025-12-26 08:00:00,put,1766736000000,0.1,0.0001
BTC-26DEC25-70000-C,70000.0,2025-12-26 08:00:00,call,1766736000000,0.1,0.0001
BTC-26DEC25-70000-P,70000.0,2025-12-26 08:00:00,put,1766736000000,0.1,0.0001
BTC-26DEC25-75000-C,75000.0,2025-12-26 08:00:00,call,1766736000000,0.1,0.0001
BTC-26DEC25-75000-P,75000.0,2025-12-26 08:00:00,put,1766736000000,0.1,0.0001
BTC-26DEC25-80000-C,80000.0,2025-12-26 08:00:00,call,1766736000000,0.1,0.0001
BTC-26DEC25-80000-P,80000.0,2025-12-26 08:00:00,put,1766736000000,0.1,0.0001
BTC-26DEC25-82000-C,82000.0,2025-12-26 08:00:00,call,1766736000000,0.1,0.0001
BTC-26DEC25-82000-P,82000.0,2025-12-26 08:00:00,put,1766736000000,0.1,0.0001
BTC-26DEC25-84000-C,84000.0,2025-12-26 08:00:00,call,1766736000000,0.1,0.0001
BTC-26DEC25-84000-P,84000.0,2025-12-26 08:00:00,put,1766736000000,0.1,0.0001
BTC-26DEC25-85000-C,85000.0,2025-12-26 08:00:00,call,1766736000000,0.1,0.0001
BTC-26DEC25-85000-P,85000.0,2025-12-26 08:00:00,put,1766736000000,0.1,0.0001
BTC-26DEC25-86000-C,86000.0,2025-12-26 08:00:00,call,1766736000000,0.1,0.0001
BTC-26DEC25-86000-P,86000.0,2025-12-26 08:00:00,put,1766736000000,0.1,0.0001
BTC-26DEC25-88000-C,88000.0,2025-12-26 08:00:00,call,1766736000000,0.1,0.0001
BTC-26DEC25-88000-P,88000.0,2025-12-26 08:00:00,put,1766736000000,0.1,0.0001
BTC-26DEC25-90000-C,90000.0,2025-12-26 08:00:00,call,1766736000000,0.1,0.0001
BTC-26DEC25-90000-P,90000.0,2025-12-26 08:00:00,put,1766736000000,0.1,0.0001
BTC-26DEC25-92000-C,92000.0,2025-12-26 08:00:00,call,1766736000000,0.1,0.0001
BTC-26DEC25-92000-P,92000.0,2025-12-26 08:00:00,put,1766736000000,0.1,0.0001
BTC-26DEC25-94000-C,94000.0,2025-12-26 08:00:00,call,1766736000000,0.1,0.0001
BTC-26DEC25-94000-P,94000.0,2025-12-26 08:00:00,put,1766736000000,0.1,0.0001
BTC-26DEC25-95000-C,95000.0,2025-12-26 08:00:00,call,1766736000000,0.1,0.0001
BTC-26DEC25-95000-P,95000.0,2025-12-26 08:00:00,put,1766736000000,0.1,0.0001
BTC-26DEC25-96000-C,96000.0,2025-12-26 08:00:00,call,1766736000000,0.1,0.0001
BTC-26DEC25-96000-P,96000.0,2025-12-26 08:00:00,put,1766736000000,0.1,0.0001
BTC-26DEC25-98000-C,98000.0,2025-12-26 08:00:00,call,1766736000000,0.1,0.0001
BTC-26DEC25-98000-P,98000.0,2025-12-26 08:00:00,put,1766736000000,0.1,0.0001
BTC-26DEC25-100000-C,100000.0,2025-12-26 08:00:00,call,1766736000000,0.1,0.0001
BTC-26DEC25-100000-P,100000.0,2025-12-26 08:00:00,put,1766736000000,0.1,0.0001
BTC-26DEC25-102000-C,102000.0,2025-12-26 08:00:00,call,1766736000000,0.1,0.0001
BTC-26DEC25-102000-P,102000.0,2025-12-26 08:00:00,put,1766736000000,0.1,0.0001
BTC-26DEC25-104000-C,104000.0,2025-12-26 08:00:00,call,1766736000000,0.1,0.0001
BTC-26DEC25-104000-P,104000.0,2025-12-26 08:00:00,put,1766736000000,0.1,0.0001
BTC-26DEC25-105000-C,105000.0,2025-12-26 08:00:00,call,1766736000000,0.1,0.0001
BTC-26DEC25-105000-P,105000.0,2025-12-26 08:00:00,put,1766736000000,0.1,0.0001
BTC-26DEC25-106000-C,106000.0,2025-12-26 08:00:00,call,1766736000000,0.1,0.0001
BTC-26DEC25-106000-P,106000.0,2025-12-26 08:00:00,put,1766736000000,0.1,0.0001
BTC-26DEC25-108000-C,108000.0,2025-12-26 08:00:00,call,1766736000000,0.1,0.0001
BTC-26DEC25-108000-P,108000.0,2025-12-26 08:00:00,put,1766736000000,0.1,0.0001
BTC-26DEC25-110000-C,110000.0,2025-12-26 08:00:00,call,1766736000000,0.1,0.0001
BTC-26DEC25-110000-P,110000.0,2025-12-26 08:00:00,put,1766736000000,0.1,0.0001
BTC-26DEC25-112000-C,112000.0,2025-12-26 08:00:00,call,1766736000000,0.1,0.0001
BTC-26DEC25-112000-P,112000.0,2025-12-26 08:00:00,put,1766736000000,0.1,0.0001
BTC-26DEC25-114000-C,114000.0,2025-12-26 08:00:00,call,1766736000000,0.1,0.0001
BTC-26DEC25-114000-P,114000.0,2025-12-26 08:00:00,put,1766736000000,0.1,0.0001
BTC-26DEC25-115000-C,115000.0,2025-12-26 08:00:00,call,1766736000000,0.1,0.0001
BTC-26DEC25-115000-P,115000.0,2025-12-26 08:00:00,put,1766736000000,0.1,0.0001
BTC-26DEC25-116000-C,116000.0,2025-12-26 08:00:00,call,1766736000000,0.1,0.0001
BTC-26DEC25-116000-P,116000.0,2025-12-26 08:00:00,put,1766736000000,0.1,0.0001
BTC-26DEC25-118000-C,118000.0,2025-12-26 08:00:00,call,1766736000000,0.1,0.0001
BTC-26DEC25-118000-P,118000.0,2025-12-26 08:00:00,put,1766736000000,0.1,0.0001
BTC-26DEC25-120000-C,120000.0,2025-12-26 08:00:00,call,1766736000000,0.1,0.0001
BTC-26DEC25-120000-P,120000.0,2025-12-26 08:00:00,put,1766736000000,0.1,0.0001
BTC-26DEC25-122000-C,122000.0,2025-12-26 08:00:00,call,1766736000000,0.1,0.0001
BTC-26DEC25-122000-P,122000.0,2025-12-26 08:00:00,put,1766736000000,0.1,0.0001
BTC-26DEC25-124000-C,124000.0,2025-12-26 08:00:00,call,1766736000000,0.1,0.0001
BTC-26DEC25-124000-P,124000.0,2025-12-26 08:00:00,put,1766736000000,0.1,0.0001
BTC-26DEC25-125000-C,125000.0,2025-12-26 08:00:00,call,1766736000000,0.1,0.0001
BTC-26DEC25-125000-P,125000.0,2025-12-26 08:00:00,put,1766736000000,0.1,0.0001
BTC-26DEC25-126000-C,126000.0,2025-12-26 08:00:00,call,1766736000000,0.1,0.0001
BTC-26DEC25-126000-P,126000.0,2025-12-26 08:00:00,put,1766736000000,0.1,0.0001
BTC-26DEC25-128000-C,128000.0,2025-12-26 08:00:00,call,1766736000000,0.1,0.0001
BTC-26DEC25-128000-P,128000.0,2025-12-26 08:00:00,put,1766736000000,0.1,0.0001
BTC-26DEC25-130000-C,130000.0,2025-12-26 08:00:00,call,1766736000000,0.1,0.0001
BTC-26DEC25-130000-P,130000.0,2025-12-26 08:00:00,put,1766736000000,0.1,0.0001
BTC-26DEC25-132000-C,132000.0,2025-12-26 08:00:00,call,1766736000000,0.1,0.0001
BTC-26DEC25-132000-P,132000.0,2025-12-26 08:00:00,put,1766736000000,0.1,0.0001
BTC-26DEC25-134000-C,134000.0,2025-12-26 08:00:00,call,1766736000000,0.1,0.0001
BTC-26DEC25-134000-P,134000.0,2025-12-26 08:00:00,put,1766736000000,0.1,0.0001
BTC-26DEC25-135000-C,135000.0,2025-12-26 08:00:00,call,1766736000000,0.1,0.0001
BTC-26DEC25-135000-P,135000.0,2025-12-26 08:00:00,put,1766736000000,0.1,0.0001
BTC-26DEC25-136000-C,136000.0,2025-12-26 08:00:00,call,1766736000000,0.1,0.0001
BTC-26DEC25-136000-P,136000.0,2025-12-26 08:00:00,put,1766736000000,0.1,0.0001
BTC-26DEC25-138000-C,138000.0,2025-12-26 08:00:00,call,1766736000000,0.1,0.0001
BTC-26DEC25-138000-P,138000.0,2025-12-26 08:00:00,put,1766736000000,0.1,0.0001
BTC-26DEC25-140000-C,140000.0,2025-12-26 08:00:00,call,1766736000000,0.1,0.0001
BTC-26DEC25-140000-P,140000.0,2025-12-26 08:00:00,put,1766736000000,0.1,0.0001
BTC-26DEC25-142000-C,142000.0,2025-12-26 08:00:00,call,1766736000000,0.1,0.0001
BTC-26DEC25-142000-P,142000.0,2025-12-26 08:00:00,put,1766736000000,0.1,0.0001
BTC-26DEC25-144000-C,144000.0,2025-12-26 08:00:00,call,1766736000000,0.1,0.0001
BTC-26DEC25-144000-P,144000.0,2025-12-26 08:00:00,put,1766736000000,0.1,0.0001
BTC-26DEC25-145000-C,145000.0,2025-12-26 08:00:00,call,1766736000000,0.1,0.0001
BTC-26DEC25-145000-P,145000.0,2025-12-26 08:00:00,put,1766736000000,0.1,0.0001
BTC-26DEC25-146000-C,146000.0,2025-12-26 08:00:00,call,1766736000000,0.1,0.0001
BTC-26DEC25-146000-P,146000.0,2025-12-26 08:00:00,put,1766736000000,0.1,0.0001
BTC-26DEC25-148000-C,148000.0,2025-12-26 08:00:00,call,1766736000000,0.1,0.0001
BTC-26DEC25-148000-P,148000.0,2025-12-26 08:00:00,put,1766736000000,0.1,0.0001
BTC-26DEC25-150000-C,150000.0,2025-12-26 08:00:00,call,1766736000000,0.1,0.0001
BTC-26DEC25-150000-P,150000.0,2025-12-26 08:00:00,put,1766736000000,0.1,0.0001
BTC-26DEC25-160000-C,160000.0,2025-12-26 08:00:00,call,1766736000000,0.1,0.0001
BTC-26DEC25-160000-P,160000.0,2025-12-26 08:00:00,put,1766736000000,0.1,0.0001
BTC-26DEC25-170000-C,170000.0,2025-12-26 08:00:00,call,1766736000000,0.1,0.0001
BTC-26DEC25-170000-P,170000.0,2025-12-26 08:00:00,put,1766736000000,0.1,0.0001
BTC-26DEC25-180000-C,180000.0,2025-12-26 08:00:00,call,1766736000000,0.1,0.0001
BTC-26DEC25-180000-P,180000.0,2025-12-26 08:00:00,put,1766736000000,0.1,0.0001
BTC-26DEC25-190000-C,190000.0,2025-12-26 08:00:00,call,1766736000000,0.1,0.0001
BTC-26DEC25-190000-P,190000.0,2025-12-26 08:00:00,put,1766736000000,0.1,0.0001
BTC-26DEC25-200000-C,200000.0,2025-12-26 08:00:00,call,1766736000000,0.1,0.0001
BTC-26DEC25-200000-P,200000.0,2025-12-26 08:00:00,put,1766736000000,0.1,0.0001
BTC-26DEC25-210000-C,210000.0,2025-12-26 08:00:00,call,1766736000000,0.1,0.0001
BTC-26DEC25-210000-P,210000.0,2025-12-26 08:00:00,put,1766736000000,0.1,0.0001
BTC-26DEC25-220000-C,220000.0,2025-12-26 08:00:00,call,1766736000000,0.1,0.0001
BTC-26DEC25-220000-P,220000.0,2025-12-26 08:00:00,put,1766736000000,0.1,0.0001
BTC-26DEC25-230000-C,230000.0,2025-12-26 08:00:00,call,1766736000000,0.1,0.0001
BTC-26DEC25-230000-P,230000.0,2025-12-26 08:00:00,put,1766736000000,0.1,0.0001
BTC-26DEC25-240000-C,240000.0,2025-12-26 08:00:00,call,1766736000000,0.1,0.0001
BTC-26DEC25-240000-P,240000.0,2025-12-26 08:00:00,put,1766736000000,0.1,0.0001
BTC-26DEC25-260000-C,260000.0,2025-12-26 08:00:00,call,1766736000000,0.1,0.0001
BTC-26DEC25-260000-P,260000.0,2025-12-26 08:00:00,put,1766736000000,0.1,0.0001
BTC-26DEC25-280000-C,280000.0,2025-12-26 08:00:00,call,1766736000000,0.1,0.0001
BTC-26DEC25-280000-P,280000.0,2025-12-26 08:00:00,put,1766736000000,0.1,0.0001
BTC-26DEC25-300000-C,300000.0,2025-12-26 08:00:00,call,1766736000000,0.1,0.0001
BTC-26DEC25-300000-P,300000.0,2025-12-26 08:00:00,put,1766736000000,0.1,0.0001
BTC-26DEC25-320000-C,320000.0,2025-12-26 08:00:00,call,1766736000000,0.1,0.0001
BTC-26DEC25-320000-P,320000.0,2025-12-26 08:00:00,put,1766736000000,0.1,0.0001
BTC-26DEC25-340000-C,340000.0,2025-12-26 08:00:00,call,1766736000000,0.1,0.0001
BTC-26DEC25-340000-P,340000.0,2025-12-26 08:00:00,put,1766736000000,0.1,0.0001
BTC-26DEC25-400000-C,400000.0,2025-12-26 08:00:00,call,1766736000000,0.1,0.0001
BTC-26DEC25-400000-P,400000.0,2025-12-26 08:00:00,put,1766736000000,0.1,0.0001
BTC-30JAN26-55000-C,55000.0,2026-01-30 08:00:00,call,1769760000000,0.1,0.0001
BTC-30JAN26-55000-P,55000.0,2026-01-30 08:00:00,put,1769760000000,0.1,0.0001
BTC-30JAN26-60000-C,60000.0,2026-01-30 08:00:00,call,1769760000000,0.1,0.0001
BTC-30JAN26-60000-P,60000.0,2026-01-30 08:00:00,put,1769760000000,0.1,0.0001
BTC-30JAN26-65000-C,65000.0,2026-01-30 08:00:00,call,1769760000000,0.1,0.0001
BTC-30JAN26-65000-P,65000.0,2026-01-30 08:00:00,put,1769760000000,0.1,0.0001
BTC-30JAN26-70000-C,70000.0,2026-01-30 08:00:00,call,1769760000000,0.1,0.0001
BTC-30JAN26-70000-P,70000.0,2026-01-30 08:00:00,put,1769760000000,0.1,0.0001
BTC-30JAN26-75000-C,75000.0,2026-01-30 08:00:00,call,1769760000000,0.1,0.0001
BTC-30JAN26-75000-P,75000.0,2026-01-30 08:00:00,put,1769760000000,0.1,0.0001
BTC-30JAN26-80000-C,80000.0,2026-01-30 08:00:00,call,1769760000000,0.1,0.0001
BTC-30JAN26-80000-P,80000.0,2026-01-30 08:00:00,put,1769760000000,0.1,0.0001
BTC-30JAN26-82000-C,82000.0,2026-01-30 08:00:00,call,1769760000000,0.1,0.0001
BTC-30JAN26-82000-P,82000.0,2026-01-30 08:00:00,put,1769760000000,0.1,0.0001
BTC-30JAN26-84000-C,84000.0,2026-01-30 08:00:00,call,1769760000000,0.1,0.0001
BTC-30JAN26-84000-P,84000.0,2026-01-30 08:00:00,put,1769760000000,0.1,0.0001
BTC-30JAN26-85000-C,85000.0,2026-01-30 08:00:00,call,1769760000000,0.1,0.0001
BTC-30JAN26-85000-P,85000.0,2026-01-30 08:00:00,put,1769760000000,0.1,0.0001
BTC-30JAN26-86000-C,86000.0,2026-01-30 08:00:00,call,1769760000000,0.1,0.0001
BTC-30JAN26-86000-P,86000.0,2026-01-30 08:00:00,put,1769760000000,0.1,0.0001
BTC-30JAN26-88000-C,88000.0,2026-01-30 08:00:00,call,1769760000000,0.1,0.0001
BTC-30JAN26-88000-P,88000.0,2026-01-30 08:00:00,put,1769760000000,0.1,0.0001
BTC-30JAN26-90000-C,90000.0,2026-01-30 08:00:00,call,1769760000000,0.1,0.0001
BTC-30JAN26-90000-P,90000.0,2026-01-30 08:00:00,put,1769760000000,0.1,0.0001
BTC-30JAN26-92000-C,92000.0,2026-01-30 08:00:00,call,1769760000000,0.1,0.0001
BTC-30JAN26-92000-P,92000.0,2026-01-30 08:00:00,put,1769760000000,0.1,0.0001
BTC-30JAN26-94000-C,94000.0,2026-01-30 08:00:00,call,1769760000000,0.1,0.0001
BTC-30JAN26-94000-P,94000.0,2026-01-30 08:00:00,put,1769760000000,0.1,0.0001
BTC-30JAN26-95000-C,95000.0,2026-01-30 08:00:00,call,1769760000000,0.1,0.0001
BTC-30JAN26-95000-P,95000.0,2026-01-30 08:00:00,put,1769760000000,0.1,0.0001
BTC-30JAN26-96000-C,96000.0,2026-01-30 08:00:00,call,1769760000000,0.1,0.0001
BTC-30JAN26-96000-P,96000.0,2026-01-30 08:00:00,put,1769760000000,0.1,0.0001
BTC-30JAN26-98000-C,98000.0,2026-01-30 08:00:00,call,1769760000000,0.1,0.0001
BTC-30JAN26-98000-P,98000.0,2026-01-30 08:00:00,put,1769760000000,0.1,0.0001
BTC-30JAN26-100000-C,100000.0,2026-01-30 08:00:00,call,1769760000000,0.1,0.0001
BTC-30JAN26-100000-P,100000.0,2026-01-30 08:00:00,put,1769760000000,0.1,0.0001
BTC-30JAN26-102000-C,102000.0,2026-01-30 08:00:00,call,1769760000000,0.1,0.0001
BTC-30JAN26-102000-P,102000.0,2026-01-30 08:00:00,put,1769760000000,0.1,0.0001
BTC-30JAN26-104000-C,104000.0,2026-01-30 08:00:00,call,1769760000000,0.1,0.0001
BTC-30JAN26-104000-P,104000.0,2026-01-30 08:00:00,put,1769760000000,0.1,0.0001
BTC-30JAN26-105000-C,105000.0,2026-01-30 08:00:00,call,1769760000000,0.1,0.0001
BTC-30JAN26-105000-P,105000.0,2026-01-30 08:00:00,put,1769760000000,0.1,0.0001
BTC-30JAN26-106000-C,106000.0,2026-01-30 08:00:00,call,1769760000000,0.1,0.0001
BTC-30JAN26-106000-P,106000.0,2026-01-30 08:00:00,put,1769760000000,0.1,0.0001
BTC-30JAN26-108000-C,108000.0,2026-01-30 08:00:00,call,1769760000000,0.1,0.0001
BTC-30JAN26-108000-P,108000.0,2026-01-30 08:00:00,put,1769760000000,0.1,0.0001
BTC-30JAN26-110000-C,110000.0,2026-01-30 08:00:00,call,1769760000000,0.1,0.0001
BTC-30JAN26-110000-P,110000.0,2026-01-30 08:00:00,put,1769760000000,0.1,0.0001
BTC-30JAN26-112000-C,112000.0,2026-01-30 08:00:00,call,1769760000000,0.1,0.0001
BTC-30JAN26-112000-P,112000.0,2026-01-30 08:00:00,put,1769760000000,0.1,0.0001
BTC-30JAN26-114000-C,114000.0,2026-01-30 08:00:00,call,1769760000000,0.1,0.0001
BTC-30JAN26-114000-P,114000.0,2026-01-30 08:00:00,put,1769760000000,0.1,0.0001
BTC-30JAN26-115000-C,115000.0,2026-01-30 08:00:00,call,1769760000000,0.1,0.0001
BTC-30JAN26-115000-P,115000.0,2026-01-30 08:00:00,put,1769760000000,0.1,0.0001
BTC-30JAN26-116000-C,116000.0,2026-01-30 08:00:00,call,1769760000000,0.1,0.0001
BTC-30JAN26-116000-P,116000.0,2026-01-30 08:00:00,put,1769760000000,0.1,0.0001
BTC-30JAN26-118000-C,118000.0,2026-01-30 08:00:00,call,1769760000000,0.1,0.0001
BTC-30JAN26-118000-P,118000.0,2026-01-30 08:00:00,put,1769760000000,0.1,0.0001
BTC-30JAN26-120000-C,120000.0,2026-01-30 08:00:00,call,1769760000000,0.1,0.0001
BTC-30JAN26-120000-P,120000.0,2026-01-30 08:00:00,put,1769760000000,0.1,0.0001
BTC-30JAN26-122000-C,122000.0,2026-01-30 08:00:00,call,1769760000000,0.1,0.0001
BTC-30JAN26-122000-P,122000.0,2026-01-30 08:00:00,put,1769760000000,0.1,0.0001
BTC-30JAN26-124000-C,124000.0,2026-01-30 08:00:00,call,1769760000000,0.1,0.0001
BTC-30JAN26-124000-P,124000.0,2026-01-30 08:00:00,put,1769760000000,0.1,0.0001
BTC-30JAN26-125000-C,125000.0,2026-01-30 08:00:00,call,1769760000000,0.1,0.0001
BTC-30JAN26-125000-P,125000.0,2026-01-30 08:00:00,put,1769760000000,0.1,0.0001
BTC-30JAN26-130000-C,130000.0,2026-01-30 08:00:00,call,1769760000000,0.1,0.0001
BTC-30JAN26-130000-P,130000.0,2026-01-30 08:00:00,put,1769760000000,0.1,0.0001
BTC-30JAN26-140000-C,140000.0,2026-01-30 08:00:00,call,1769760000000,0.1,0.0001
BTC-30JAN26-140000-P,140000.0,2026-01-30 08:00:00,put,1769760000000,0.1,0.0001
BTC-30JAN26-150000-C,150000.0,2026-01-30 08:00:00,call,1769760000000,0.1,0.0001
BTC-30JAN26-150000-P,150000.0,2026-01-30 08:00:00,put,1769760000000,0.1,0.0001
BTC-30JAN26-160000-C,160000.0,2026-01-30 08:00:00,call,1769760000000,0.1,0.0001
BTC-30JAN26-160000-P,160000.0,2026-01-30 08:00:00,put,1769760000000,0.1,0.0001
BTC-27FEB26-50000-C,50000.0,2026-02-27 08:00:00,call,1772179200000,0.1,0.0001
BTC-27FEB26-50000-P,50000.0,2026-02-27 08:00:00,put,1772179200000,0.1,0.0001
BTC-27FEB26-60000-C,60000.0,2026-02-27 08:00:00,call,1772179200000,0.1,0.0001
BTC-27FEB26-60000-P,60000.0,2026-02-27 08:00:00,put,1772179200000,0.1,0.0001
BTC-27FEB26-65000-C,65000.0,2026-02-27 08:00:00,call,1772179200000,0.1,0.0001
BTC-27FEB26-65000-P,65000.0,2026-02-27 08:00:00,put,1772179200000,0.1,0.0001
BTC-27FEB26-70000-C,70000.0,2026-02-27 08:00:00,call,1772179200000,0.1,0.0001
BTC-27FEB26-70000-P,70000.0,2026-02-27 08:00:00,put,1772179200000,0.1,0.0001
BTC-27FEB26-75000-C,75000.0,2026-02-27 08:00:00,call,1772179200000,0.1,0.0001
BTC-27FEB26-75000-P,75000.0,2026-02-27 08:00:00,put,1772179200000,0.1,0.0001
BTC-27FEB26-80000-C,80000.0,2026-02-27 08:00:00,call,1772179200000,0.1,0.0001
BTC-27FEB26-80000-P,80000.0,2026-02-27 08:00:00,put,1772179200000,0.1,0.0001
BTC-27FEB26-82000-C,82000.0,2026-02-27 08:00:00,call,1772179200000,0.1,0.0001
BTC-27FEB26-82000-P,82000.0,2026-02-27 08:00:00,put,1772179200000,0.1,0.0001
BTC-27FEB26-84000-C,84000.0,2026-02-27 08:00:00,call,1772179200000,0.1,0.0001
BTC-27FEB26-84000-P,84000.0,2026-02-27 08:00:00,put,1772179200000,0.1,0.0001
BTC-27FEB26-85000-C,85000.0,2026-02-27 08:00:00,call,1772179200000,0.1,0.0001
BTC-27FEB26-85000-P,85000.0,2026-02-27 08:00:00,put,1772179200000,0.1,0.0001
BTC-27FEB26-86000-C,86000.0,2026-02-27 08:00:00,call,1772179200000,0.1,0.0001
BTC-27FEB26-86000-P,86000.0,2026-02-27 08:00:00,put,1772179200000,0.1,0.0001
BTC-27FEB26-88000-C,88000.0,2026-02-27 08:00:00,call,1772179200000,0.1,0.0001
BTC-27FEB26-88000-P,88000.0,2026-02-27 08:00:00,put,1772179200000,0.1,0.0001
BTC-27FEB26-90000-C,90000.0,2026-02-27 08:00:00,call,1772179200000,0.1,0.0001
BTC-27FEB26-90000-P,90000.0,2026-02-27 08:00:00,put,1772179200000,0.1,0.0001
BTC-27FEB26-92000-C,92000.0,2026-02-27 08:00:00,call,1772179200000,0.1,0.0001
BTC-27FEB26-92000-P,92000.0,2026-02-27 08:00:00,put,1772179200000,0.1,0.0001
BTC-27FEB26-94000-C,94000.0,2026-02-27 08:00:00,call,1772179200000,0.1,0.0001
BTC-27FEB26-94000-P,94000.0,2026-02-27 08:00:00,put,1772179200000,0.1,0.0001
BTC-27FEB26-95000-C,95000.0,2026-02-27 08:00:00,call,1772179200000,0.1,0.0001
BTC-27FEB26-95000-P,95000.0,2026-02-27 08:00:00,put,1772179200000,0.1,0.0001
BTC-27FEB26-96000-C,96000.0,2026-02-27 08:00:00,call,1772179200000,0.1,0.0001
BTC-27FEB26-96000-P,96000.0,2026-02-27 08:00:00,put,1772179200000,0.1,0.0001
BTC-27FEB26-98000-C,98000.0,2026-02-27 08:00:00,call,1772179200000,0.1,0.0001
BTC-27FEB26-98000-P,98000.0,2026-02-27 08:00:00,put,1772179200000,0.1,0.0001
BTC-27FEB26-100000-C,100000.0,2026-02-27 08:00:00,call,1772179200000,0.1,0.0001
BTC-27FEB26-100000-P,100000.0,2026-02-27 08:00:00,put,1772179200000,0.1,0.0001
BTC-27FEB26-102000-C,102000.0,2026-02-27 08:00:00,call,1772179200000,0.1,0.0001
BTC-27FEB26-102000-P,102000.0,2026-02-27 08:00:00,put,1772179200000,0.1,0.0001
BTC-27FEB26-104000-C,104000.0,2026-02-27 08:00:00,call,1772179200000,0.1,0.0001
BTC-27FEB26-104000-P,104000.0,2026-02-27 08:00:00,put,1772179200000,0.1,0.0001
BTC-27FEB26-105000-C,105000.0,2026-02-27 08:00:00,call,1772179200000,0.1,0.0001
BTC-27FEB26-105000-P,105000.0,2026-02-27 08:00:00,put,1772179200000,0.1,0.0001
BTC-27FEB26-110000-C,110000.0,2026-02-27 08:00:00,call,1772179200000,0.1,0.0001
BTC-27FEB26-110000-P,110000.0,2026-02-27 08:00:00,put,1772179200000,0.1,0.0001
BTC-27FEB26-120000-C,120000.0,2026-02-27 08:00:00,call,1772179200000,0.1,0.0001
BTC-27FEB26-120000-P,120000.0,2026-02-27 08:00:00,put,1772179200000,0.1,0.0001
BTC-27FEB26-130000-C,130000.0,2026-02-27 08:00:00,call,1772179200000,0.1,0.0001
BTC-27FEB26-130000-P,130000.0,2026-02-27 08:00:00,put,1772179200000,0.1,0.0001
BTC-27FEB26-140000-C,140000.0,2026-02-27 08:00:00,call,1772179200000,0.1,0.0001
BTC-27FEB26-140000-P,140000.0,2026-02-27 08:00:00,put,1772179200000,0.1,0.0001
BTC-27FEB26-150000-C,150000.0,2026-02-27 08:00:00,call,1772179200000,0.1,0.0001
BTC-27FEB26-150000-P,150000.0,2026-02-27 08:00:00,put,1772179200000,0.1,0.0001
BTC-27FEB26-160000-C,160000.0,2026-02-27 08:00:00,call,1772179200000,0.1,0.0001
BTC-27FEB26-160000-P,160000.0,2026-02-27 08:00:00,put,1772179200000,0.1,0.0001
BTC-27MAR26-20000-C,20000.0,2026-03-27 08:00:00,call,1774598400000,0.1,0.0001
BTC-27MAR26-20000-P,20000.0,2026-03-27 08:00:00,put,1774598400000,0.1,0.0001
BTC-27MAR26-30000-C,30000.0,2026-03-27 08:00:00,call,1774598400000,0.1,0.0001
BTC-27MAR26-30000-P,30000.0,2026-03-27 08:00:00,put,1774598400000,0.1,0.0001
BTC-27MAR26-40000-C,40000.0,2026-03-27 08:00:00,call,1774598400000,0.1,0.0001
BTC-27MAR26-40000-P,40000.0,2026-03-27 08:00:00,put,1774598400000,0.1,0.0001
BTC-27MAR26-50000-C,50000.0,2026-03-27 08:00:00,call,1774598400000,0.1,0.0001
BTC-27MAR26-50000-P,50000.0,2026-03-27 08:00:00,put,1774598400000,0.1,0.0001
BTC-27MAR26-55000-C,55000.0,2026-03-27 08:00:00,call,1774598400000,0.1,0.0001
BTC-27MAR26-55000-P,55000.0,2026-03-27 08:00:00,put,1774598400000,0.1,0.0001
BTC-27MAR26-60000-C,60000.0,2026-03-27 08:00:00,call,1774598400000,0.1,0.0001
BTC-27MAR26-60000-P,60000.0,2026-03-27 08:00:00,put,1774598400000,0.1,0.0001
BTC-27MAR26-65000-C,65000.0,2026-03-27 08:00:00,call,1774598400000,0.1,0.0001
BTC-27MAR26-65000-P,65000.0,2026-03-27 08:00:00,put,1774598400000,0.1,0.0001
BTC-27MAR26-70000-C,70000.0,2026-03-27 08:00:00,call,1774598400000,0.1,0.0001
BTC-27MAR26-70000-P,70000.0,2026-03-27 08:00:00,put,1774598400000,0.1,0.0001
BTC-27MAR26-75000-C,75000.0,2026-03-27 08:00:00,call,1774598400000,0.1,0.0001
BTC-27MAR26-75000-P,75000.0,2026-03-27 08:00:00,put,1774598400000,0.1,0.0001
BTC-27MAR26-80000-C,80000.0,2026-03-27 08:00:00,call,1774598400000,0.1,0.0001
BTC-27MAR26-80000-P,80000.0,2026-03-27 08:00:00,put,1774598400000,0.1,0.0001
BTC-27MAR26-85000-C,85000.0,2026-03-27 08:00:00,call,1774598400000,0.1,0.0001
BTC-27MAR26-85000-P,85000.0,2026-03-27 08:00:00,put,1774598400000,0.1,0.0001
BTC-27MAR26-90000-C,90000.0,2026-03-27 08:00:00,call,1774598400000,0.1,0.0001
BTC-27MAR26-90000-P,90000.0,2026-03-27 08:00:00,put,1774598400000,0.1,0.0001
BTC-27MAR26-95000-C,95000.0,2026-03-27 08:00:00,call,1774598400000,0.1,0.0001
BTC-27MAR26-95000-P,95000.0,2026-03-27 08:00:00,put,1774598400000,0.1,0.0001
BTC-27MAR26-100000-C,100000.0,2026-03-27 08:00:00,call,1774598400000,0.1,0.0001
BTC-27MAR26-100000-P,100000.0,2026-03-27 08:00:00,put,1774598400000,0.1,0.0001
BTC-27MAR26-105000-C,105000.0,2026-03-27 08:00:00,call,1774598400000,0.1,0.0001
BTC-27MAR26-105000-P,105000.0,2026-03-27 08:00:00,put,1774598400000,0.1,0.0001
BTC-27MAR26-110000-C,110000.0,2026-03-27 08:00:00,call,1774598400000,0.1,0.0001
BTC-27MAR26-110000-P,110000.0,2026-03-27 08:00:00,put,1774598400000,0.1,0.0001
BTC-27MAR26-115000-C,115000.0,2026-03-27 08:00:00,call,1774598400000,0.1,0.0001
BTC-27MAR26-115000-P,115000.0,2026-03-27 08:00:00,put,1774598400000,0.1,0.0001
BTC-27MAR26-120000-C,120000.0,2026-03-27 08:00:00,call,1774598400000,0.1,0.0001
BTC-27MAR26-120000-P,120000.0,2026-03-27 08:00:00,put,1774598400000,0.1,0.0001
BTC-27MAR26-125000-C,125000.0,2026-03-27 08:00:00,call,1774598400000,0.1,0.0001
BTC-27MAR26-125000-P,125000.0,2026-03-27 08:00:00,put,1774598400000,0.1,0.0001
BTC-27MAR26-130000-C,130000.0,2026-03-27 08:00:00,call,1774598400000,0.1,0.0001
BTC-27MAR26-130000-P,130000.0,2026-03-27 08:00:00,put,1774598400000,0.1,0.0001
BTC-27MAR26-135000-C,135000.0,2026-03-27 08:00:00,call,1774598400000,0.1,0.0001
BTC-27MAR26-135000-P,135000.0,2026-03-27 08:00:00,put,1774598400000,0.1,0.0001
BTC-27MAR26-140000-C,140000.0,2026-03-27 08:00:00,call,1774598400000,0.1,0.0001
BTC-27MAR26-140000-P,140000.0,2026-03-27 08:00:00,put,1774598400000,0.1,0.0001
BTC-27MAR26-145000-C,145000.0,2026-03-27 08:00:00,call,1774598400000,0.1,0.0001
BTC-27MAR26-145000-P,145000.0,2026-03-27 08:00:00,put,1774598400000,0.1,0.0001
BTC-27MAR26-150000-C,150000.0,2026-03-27 08:00:00,call,1774598400000,0.1,0.0001
BTC-27MAR26-150000-P,150000.0,2026-03-27 08:00:00,put,1774598400000,0.1,0.0001
BTC-27MAR26-155000-C,155000.0,2026-03-27 08:00:00,call,1774598400000,0.1,0.0001
BTC-27MAR26-155000-P,155000.0,2026-03-27 08:00:00,put,1774598400000,0.1,0.0001
BTC-27MAR26-160000-C,160000.0,2026-03-27 08:00:00,call,1774598400000,0.1,0.0001
BTC-27MAR26-160000-P,160000.0,2026-03-27 08:00:00,put,1774598400000,0.1,0.0001
BTC-27MAR26-170000-C,170000.0,2026-03-27 08:00:00,call,1774598400000,0.1,0.0001
BTC-27MAR26-170000-P,170000.0,2026-03-27 08:00:00,put,1774598400000,0.1,0.0001
BTC-27MAR26-180000-C,180000.0,2026-03-27 08:00:00,call,1774598400000,0.1,0.0001
BTC-27MAR26-180000-P,180000.0,2026-03-27 08:00:00,put,1774598400000,0.1,0.0001
BTC-27MAR26-190000-C,190000.0,2026-03-27 08:00:00,call,1774598400000,0.1,0.0001
BTC-27MAR26-190000-P,190000.0,2026-03-27 08:00:00,put,1774598400000,0.1,0.0001
BTC-27MAR26-200000-C,200000.0,2026-03-27 08:00:00,call,1774598400000,0.1,0.0001
BTC-27MAR26-200000-P,200000.0,2026-03-27 08:00:00,put,1774598400000,0.1,0.0001
BTC-27MAR26-210000-C,210000.0,2026-03-27 08:00:00,call,1774598400000,0.1,0.0001
BTC-27MAR26-210000-P,210000.0,2026-03-27 08:00:00,put,1774598400000,0.1,0.0001
BTC-27MAR26-220000-C,220000.0,2026-03-27 08:00:00,call,1774598400000,0.1,0.0001
BTC-27MAR26-220000-P,220000.0,2026-03-27 08:00:00,put,1774598400000,0.1,0.0001
BTC-27MAR26-230000-C,230000.0,2026-03-27 08:00:00,call,1774598400000,0.1,0.0001
BTC-27MAR26-230000-P,230000.0,2026-03-27 08:00:00,put,1774598400000,0.1,0.0001
BTC-27MAR26-240000-C,240000.0,2026-03-27 08:00:00,call,1774598400000,0.1,0.0001
BTC-27MAR26-240000-P,240000.0,2026-03-27 08:00:00,put,1774598400000,0.1,0.0001
BTC-27MAR26-260000-C,260000.0,2026-03-27 08:00:00,call,1774598400000,0.1,0.0001
BTC-27MAR26-260000-P,260000.0,2026-03-27 08:00:00,put,1774598400000,0.1,0.0001
BTC-27MAR26-280000-C,280000.0,2026-03-27 08:00:00,call,1774598400000,0.1,0.0001
BTC-27MAR26-280000-P,280000.0,2026-03-27 08:00:00,put,1774598400000,0.1,0.0001
BTC-27MAR26-300000-C,300000.0,2026-03-27 08:00:00,call,1774598400000,0.1,0.0001
BTC-27MAR26-300000-P,300000.0,2026-03-27 08:00:00,put,1774598400000,0.1,0.0001
BTC-27MAR26-320000-C,320000.0,2026-03-27 08:00:00,call,1774598400000,0.1,0.0001
BTC-27MAR26-320000-P,320000.0,2026-03-27 08:00:00,put,1774598400000,0.1,0.0001
BTC-27MAR26-340000-C,340000.0,2026-03-27 08:00:00,call,1774598400000,0.1,0.0001
BTC-27MAR26-340000-P,340000.0,2026-03-27 08:00:00,put,1774598400000,0.1,0.0001
BTC-26JUN26-20000-C,20000.0,2026-06-26 08:00:00,call,1782460800000,0.1,0.0001
BTC-26JUN26-20000-P,20000.0,2026-06-26 08:00:00,put,1782460800000,0.1,0.0001
BTC-26JUN26-30000-C,30000.0,2026-06-26 08:00:00,call,1782460800000,0.1,0.0001
BTC-26JUN26-30000-P,30000.0,2026-06-26 08:00:00,put,1782460800000,0.1,0.0001
BTC-26JUN26-40000-C,40000.0,2026-06-26 08:00:00,call,1782460800000,0.1,0.0001
BTC-26JUN26-40000-P,40000.0,2026-06-26 08:00:00,put,1782460800000,0.1,0.0001
BTC-26JUN26-50000-C,50000.0,2026-06-26 08:00:00,call,1782460800000,0.1,0.0001
BTC-26JUN26-50000-P,50000.0,2026-06-26 08:00:00,put,1782460800000,0.1,0.0001
BTC-26JUN26-60000-C,60000.0,2026-06-26 08:00:00,call,1782460800000,0.1,0.0001
BTC-26JUN26-60000-P,60000.0,2026-06-26 08:00:00,put,1782460800000,0.1,0.0001
BTC-26JUN26-70000-C,70000.0,2026-06-26 08:00:00,call,1782460800000,0.1,0.0001
BTC-26JUN26-70000-P,70000.0,2026-06-26 08:00:00,put,1782460800000,0.1,0.0001
BTC-26JUN26-75000-C,75000.0,2026-06-26 08:00:00,call,1782460800000,0.1,0.0001
BTC-26JUN26-75000-P,75000.0,2026-06-26 08:00:00,put,1782460800000,0.1,0.0001
BTC-26JUN26-80000-C,80000.0,2026-06-26 08:00:00,call,1782460800000,0.1,0.0001
BTC-26JUN26-80000-P,80000.0,2026-06-26 08:00:00,put,1782460800000,0.1,0.0001
BTC-26JUN26-85000-C,85000.0,2026-06-26 08:00:00,call,1782460800000,0.1,0.0001
BTC-26JUN26-85000-P,85000.0,2026-06-26 08:00:00,put,1782460800000,0.1,0.0001
BTC-26JUN26-90000-C,90000.0,2026-06-26 08:00:00,call,1782460800000,0.1,0.0001
BTC-26JUN26-90000-P,90000.0,2026-06-26 08:00:00,put,1782460800000,0.1,0.0001
BTC-26JUN26-95000-C,95000.0,2026-06-26 08:00:00,call,1782460800000,0.1,0.0001
BTC-26JUN26-95000-P,95000.0,2026-06-26 08:00:00,put,1782460800000,0.1,0.0001
BTC-26JUN26-100000-C,100000.0,2026-06-26 08:00:00,call,1782460800000,0.1,0.0001
BTC-26JUN26-100000-P,100000.0,2026-06-26 08:00:00,put,1782460800000,0.1,0.0001
BTC-26JUN26-105000-C,105000.0,2026-06-26 08:00:00,call,1782460800000,0.1,0.0001
BTC-26JUN26-105000-P,105000.0,2026-06-26 08:00:00,put,1782460800000,0.1,0.0001
BTC-26JUN26-110000-C,110000.0,2026-06-26 08:00:00,call,1782460800000,0.1,0.0001
BTC-26JUN26-110000-P,110000.0,2026-06-26 08:00:00,put,1782460800000,0.1,0.0001
BTC-26JUN26-115000-C,115000.0,2026-06-26 08:00:00,call,1782460800000,0.1,0.0001
BTC-26JUN26-115000-P,115000.0,2026-06-26 08:00:00,put,1782460800000,0.1,0.0001
BTC-26JUN26-120000-C,120000.0,2026-06-26 08:00:00,call,1782460800000,0.1,0.0001
BTC-26JUN26-120000-P,120000.0,2026-06-26 08:00:00,put,1782460800000,0.1,0.0001
BTC-26JUN26-125000-C,125000.0,2026-06-26 08:00:00,call,1782460800000,0.1,0.0001
BTC-26JUN26-125000-P,125000.0,2026-06-26 08:00:00,put,1782460800000,0.1,0.0001
BTC-26JUN26-130000-C,130000.0,2026-06-26 08:00:00,call,1782460800000,0.1,0.0001
BTC-26JUN26-130000-P,130000.0,2026-06-26 08:00:00,put,1782460800000,0.1,0.0001
BTC-26JUN26-135000-C,135000.0,2026-06-26 08:00:00,call,1782460800000,0.1,0.0001
BTC-26JUN26-135000-P,135000.0,2026-06-26 08:00:00,put,1782460800000,0.1,0.0001
BTC-26JUN26-140000-C,140000.0,2026-06-26 08:00:00,call,1782460800000,0.1,0.0001
BTC-26JUN26-140000-P,140000.0,2026-06-26 08:00:00,put,1782460800000,0.1,0.0001
BTC-26JUN26-145000-C,145000.0,2026-06-26 08:00:00,call,1782460800000,0.1,0.0001
BTC-26JUN26-145000-P,145000.0,2026-06-26 08:00:00,put,1782460800000,0.1,0.0001
BTC-26JUN26-150000-C,150000.0,2026-06-26 08:00:00,call,1782460800000,0.1,0.0001
BTC-26JUN26-150000-P,150000.0,2026-06-26 08:00:00,put,1782460800000,0.1,0.0001
BTC-26JUN26-155000-C,155000.0,2026-06-26 08:00:00,call,1782460800000,0.1,0.0001
BTC-26JUN26-155000-P,155000.0,2026-06-26 08:00:00,put,1782460800000,0.1,0.0001
BTC-26JUN26-160000-C,160000.0,2026-06-26 08:00:00,call,1782460800000,0.1,0.0001
BTC-26JUN26-160000-P,160000.0,2026-06-26 08:00:00,put,1782460800000,0.1,0.0001
BTC-26JUN26-165000-C,165000.0,2026-06-26 08:00:00,call,1782460800000,0.1,0.0001
BTC-26JUN26-165000-P,165000.0,2026-06-26 08:00:00,put,1782460800000,0.1,0.0001
BTC-26JUN26-170000-C,170000.0,2026-06-26 08:00:00,call,1782460800000,0.1,0.0001
BTC-26JUN26-170000-P,170000.0,2026-06-26 08:00:00,put,1782460800000,0.1,0.0001
BTC-26JUN26-180000-C,180000.0,2026-06-26 08:00:00,call,1782460800000,0.1,0.0001
BTC-26JUN26-180000-P,180000.0,2026-06-26 08:00:00,put,1782460800000,0.1,0.0001
BTC-26JUN26-190000-C,190000.0,2026-06-26 08:00:00,call,1782460800000,0.1,0.0001
BTC-26JUN26-190000-P,190000.0,2026-06-26 08:00:00,put,1782460800000,0.1,0.0001
BTC-26JUN26-200000-C,200000.0,2026-06-26 08:00:00,call,1782460800000,0.1,0.0001
BTC-26JUN26-200000-P,200000.0,2026-06-26 08:00:00,put,1782460800000,0.1,0.0001
BTC-26JUN26-210000-C,210000.0,2026-06-26 08:00:00,call,1782460800000,0.1,0.0001
BTC-26JUN26-210000-P,210000.0,2026-06-26 08:00:00,put,1782460800000,0.1,0.0001
BTC-26JUN26-220000-C,220000.0,2026-06-26 08:00:00,call,1782460800000,0.1,0.0001
BTC-26JUN26-220000-P,220000.0,2026-06-26 08:00:00,put,1782460800000,0.1,0.0001
BTC-26JUN26-230000-C,230000.0,2026-06-26 08:00:00,call,1782460800000,0.1,0.0001
BTC-26JUN26-230000-P,230000.0,2026-06-26 08:00:00,put,1782460800000,0.1,0.0001
BTC-26JUN26-240000-C,240000.0,2026-06-26 08:00:00,call,1782460800000,0.1,0.0001
BTC-26JUN26-240000-P,240000.0,2026-06-26 08:00:00,put,1782460800000,0.1,0.0001
BTC-26JUN26-250000-C,250000.0,2026-06-26 08:00:00,call,1782460800000,0.1,0.0001
BTC-26JUN26-250000-P,250000.0,2026-06-26 08:00:00,put,1782460800000,0.1,0.0001
BTC-26JUN26-260000-C,260000.0,2026-06-26 08:00:00,call,1782460800000,0.1,0.0001
BTC-26JUN26-260000-P,260000.0,2026-06-26 08:00:00,put,1782460800000,0.1,0.0001
BTC-26JUN26-280000-C,280000.0,2026-06-26 08:00:00,call,1782460800000,0.1,0.0001
BTC-26JUN26-280000-P,280000.0,2026-06-26 08:00:00,put,1782460800000,0.1,0.0001
BTC-26JUN26-300000-C,300000.0,2026-06-26 08:00:00,call,1782460800000,0.1,0.0001
BTC-26JUN26-300000-P,300000.0,2026-06-26 08:00:00,put,1782460800000,0.1,0.0001
BTC-26JUN26-320000-C,320000.0,2026-06-26 08:00:00,call,1782460800000,0.1,0.0001
BTC-26JUN26-320000-P,320000.0,2026-06-26 08:00:00,put,1782460800000,0.1,0.0001
BTC-26JUN26-340000-C,340000.0,2026-06-26 08:00:00,call,1782460800000,0.1,0.0001
BTC-26JUN26-340000-P,340000.0,2026-06-26 08:00:00,put,1782460800000,0.1,0.0001
BTC-26JUN26-360000-C,360000.0,2026-06-26 08:00:00,call,1782460800000,0.1,0.0001
BTC-26JUN26-360000-P,360000.0,2026-06-26 08:00:00,put,1782460800000,0.1,0.0001
BTC-26JUN26-380000-C,380000.0,2026-06-26 08:00:00,call,1782460800000,0.1,0.0001
BTC-26JUN26-380000-P,380000.0,2026-06-26 08:00:00,put,1782460800000,0.1,0.0001
BTC-25SEP26-40000-C,40000.0,2026-09-25 08:00:00,call,1790323200000,0.1,0.0001
BTC-25SEP26-40000-P,40000.0,2026-09-25 08:00:00,put,1790323200000,0.1,0.0001
BTC-25SEP26-50000-C,50000.0,2026-09-25 08:00:00,call,1790323200000,0.1,0.0001
BTC-25SEP26-50000-P,50000.0,2026-09-25 08:00:00,put,1790323200000,0.1,0.0001
BTC-25SEP26-60000-C,60000.0,2026-09-25 08:00:00,call,1790323200000,0.1,0.0001
BTC-25SEP26-60000-P,60000.0,2026-09-25 08:00:00,put,1790323200000,0.1,0.0001
BTC-25SEP26-70000-C,70000.0,2026-09-25 08:00:00,call,1790323200000,0.1,0.0001
BTC-25SEP26-70000-P,70000.0,2026-09-25 08:00:00,put,1790323200000,0.1,0.0001
BTC-25SEP26-75000-C,75000.0,2026-09-25 08:00:00,call,1790323200000,0.1,0.0001
BTC-25SEP26-75000-P,75000.0,2026-09-25 08:00:00,put,1790323200000,0.1,0.0001
BTC-25SEP26-80000-C,80000.0,2026-09-25 08:00:00,call,1790323200000,0.1,0.0001
BTC-25SEP26-80000-P,80000.0,2026-09-25 08:00:00,put,1790323200000,0.1,0.0001
BTC-25SEP26-85000-C,85000.0,2026-09-25 08:00:00,call,1790323200000,0.1,0.0001
BTC-25SEP26-85000-P,85000.0,2026-09-25 08:00:00,put,1790323200000,0.1,0.0001
BTC-25SEP26-90000-C,90000.0,2026-09-25 08:00:00,call,1790323200000,0.1,0.0001
BTC-25SEP26-90000-P,90000.0,2026-09-25 08:00:00,put,1790323200000,0.1,0.0001
BTC-25SEP26-95000-C,95000.0,2026-09-25 08:00:00,call,1790323200000,0.1,0.0001
BTC-25SEP26-95000-P,95000.0,2026-09-25 08:00:00,put,1790323200000,0.1,0.0001
BTC-25SEP26-100000-C,100000.0,2026-09-25 08:00:00,call,1790323200000,0.1,0.0001
BTC-25SEP26-100000-P,100000.0,2026-09-25 08:00:00,put,1790323200000,0.1,0.0001
BTC-25SEP26-105000-C,105000.0,2026-09-25 08:00:00,call,1790323200000,0.1,0.0001
BTC-25SEP26-105000-P,105000.0,2026-09-25 08:00:00,put,1790323200000,0.1,0.0001
BTC-25SEP26-110000-C,110000.0,2026-09-25 08:00:00,call,1790323200000,0.1,0.0001
BTC-25SEP26-110000-P,110000.0,2026-09-25 08:00:00,put,1790323200000,0.1,0.0001
BTC-25SEP26-115000-C,115000.0,2026-09-25 08:00:00,call,1790323200000,0.1,0.0001
BTC-25SEP26-115000-P,115000.0,2026-09-25 08:00:00,put,1790323200000,0.1,0.0001
BTC-25SEP26-120000-C,120000.0,2026-09-25 08:00:00,call,1790323200000,0.1,0.0001
BTC-25SEP26-120000-P,120000.0,2026-09-25 08:00:00,put,1790323200000,0.1,0.0001
BTC-25SEP26-125000-C,125000.0,2026-09-25 08:00:00,call,1790323200000,0.1,0.0001
BTC-25SEP26-125000-P,125000.0,2026-09-25 08:00:00,put,1790323200000,0.1,0.0001
BTC-25SEP26-130000-C,130000.0,2026-09-25 08:00:00,call,1790323200000,0.1,0.0001
BTC-25SEP26-130000-P,130000.0,2026-09-25 08:00:00,put,1790323200000,0.1,0.0001
BTC-25SEP26-135000-C,135000.0,2026-09-25 08:00:00,call,1790323200000,0.1,0.0001
BTC-25SEP26-135000-P,135000.0,2026-09-25 08:00:00,put,1790323200000,0.1,0.0001
BTC-25SEP26-140000-C,140000.0,2026-09-25 08:00:00,call,1790323200000,0.1,0.0001
BTC-25SEP26-140000-P,140000.0,2026-09-25 08:00:00,put,1790323200000,0.1,0.0001
BTC-25SEP26-145000-C,145000.0,2026-09-25 08:00:00,call,1790323200000,0.1,0.0001
BTC-25SEP26-145000-P,145000.0,2026-09-25 08:00:00,put,1790323200000,0.1,0.0001
BTC-25SEP26-150000-C,150000.0,2026-09-25 08:00:00,call,1790323200000,0.1,0.0001
BTC-25SEP26-150000-P,150000.0,2026-09-25 08:00:00,put,1790323200000,0.1,0.0001
BTC-25SEP26-155000-C,155000.0,2026-09-25 08:00:00,call,1790323200000,0.1,0.0001
BTC-25SEP26-155000-P,155000.0,2026-09-25 08:00:00,put,1790323200000,0.1,0.0001
BTC-25SEP26-160000-C,160000.0,2026-09-25 08:00:00,call,1790323200000,0.1,0.0001
BTC-25SEP26-160000-P,160000.0,2026-09-25 08:00:00,put,1790323200000,0.1,0.0001
BTC-25SEP26-165000-C,165000.0,2026-09-25 08:00:00,call,1790323200000,0.1,0.0001
BTC-25SEP26-165000-P,165000.0,2026-09-25 08:00:00,put,1790323200000,0.1,0.0001
BTC-25SEP26-170000-C,170000.0,2026-09-25 08:00:00,call,1790323200000,0.1,0.0001
BTC-25SEP26-170000-P,170000.0,2026-09-25 08:00:00,put,1790323200000,0.1,0.0001
BTC-25SEP26-175000-C,175000.0,2026-09-25 08:00:00,call,1790323200000,0.1,0.0001
BTC-25SEP26-175000-P,175000.0,2026-09-25 08:00:00,put,1790323200000,0.1,0.0001
BTC-25SEP26-180000-C,180000.0,2026-09-25 08:00:00,call,1790323200000,0.1,0.0001
BTC-25SEP26-180000-P,180000.0,2026-09-25 08:00:00,put,1790323200000,0.1,0.0001
BTC-25SEP26-190000-C,190000.0,2026-09-25 08:00:00,call,1790323200000,0.1,0.0001
BTC-25SEP26-190000-P,190000.0,2026-09-25 08:00:00,put,1790323200000,0.1,0.0001
BTC-25SEP26-200000-C,200000.0,2026-09-25 08:00:00,call,1790323200000,0.1,0.0001
BTC-25SEP26-200000-P,200000.0,2026-09-25 08:00:00,put,1790323200000,0.1,0.0001
BTC-25SEP26-220000-C,220000.0,2026-09-25 08:00:00,call,1790323200000,0.1,0.0001
BTC-25SEP26-220000-P,220000.0,2026-09-25 08:00:00,put,1790323200000,0.1,0.0001
BTC-25SEP26-240000-C,240000.0,2026-09-25 08:00:00,call,1790323200000,0.1,0.0001
BTC-25SEP26-240000-P,240000.0,2026-09-25 08:00:00,put,1790323200000,0.1,0.0001
BTC-25SEP26-260000-C,260000.0,2026-09-25 08:00:00,call,1790323200000,0.1,0.0001
BTC-25SEP26-260000-P,260000.0,2026-09-25 08:00:00,put,1790323200000,0.1,0.0001
BTC-25SEP26-280000-C,280000.0,2026-09-25 08:00:00,call,1790323200000,0.1,0.0001
BTC-25SEP26-280000-P,280000.0,2026-09-25 08:00:00,put,1790323200000,0.1,0.0001
BTC-25SEP26-300000-C,300000.0,2026-09-25 08:00:00,call,1790323200000,0.1,0.0001
BTC-25SEP26-300000-P,300000.0,2026-09-25 08:00:00,put,1790323200000,0.1,0.0001
BTC-25SEP26-320000-C,320000.0,2026-09-25 08:00:00,call,1790323200000,0.1,0.0001
BTC-25SEP26-320000-P,320000.0,2026-09-25 08:00:00,put,1790323200000,0.1,0.0001
