modelo,h,n,beta,ep_hac,t_hac,p_hac,r2,sobrevive_bonferroni_hac
Ridge,1,987,-0.00044975267172389015,0.00017785675476105525,-2.5287353990469366,0.01144742927795634,0.006727635980690705,False
Ridge,5,987,-0.0014439304945701075,0.0006425782018093185,-2.247089133282778,0.02463433126636189,0.015162190992696334,False
Ridge,10,987,-0.0024965780902862834,0.0011407667556927671,-2.1885088058778117,0.02863256053368712,0.022011385817364615,False
Ridge,20,987,-0.004589988153470259,0.002296648854020862,-1.9985589636109713,0.04565609418656717,0.032720485552744094,False
Ridge,30,987,-0.005863857778972743,0.0034684818102332163,-1.6906122331886944,0.09091088669377481,0.03226061142351622,False
Ridge,60,987,-0.014333057550157359,0.0065436802612850765,-2.1903664265134144,0.028497672861416846,0.07937210216154922,False
floresta_aleatoria,1,987,-0.0005734230562139905,0.00039638740102553575,-1.4466228107412775,0.14800259389417827,0.0028692570573815024,False
floresta_aleatoria,5,987,-0.001133769519100426,0.0011936993785506137,-0.9497948474070964,0.3422165045233587,0.0024525796234762254,False
floresta_aleatoria,10,987,-0.0014245305713050938,0.0020499471556544883,-0.6949108748368115,0.4871111571059411,0.0018802032536082702,False
floresta_aleatoria,20,987,-0.002941442565353155,0.0042898617955375055,-0.6856730369292939,0.4929193132376345,0.003525506596061323,False
floresta_aleatoria,30,987,-0.003572532011388495,0.006920538273544936,-0.5162216969516913,0.6056995781246244,0.00314168161615469,False
floresta_aleatoria,60,987,-0.01234751788593292,0.012745781268610428,-0.9687533173303131,0.3326682834411634,0.015454455090113672,False
