tipo,antigo,novo
capitulo,chapters/cap1_introducao.tex,chapters/introducao.tex
capitulo,chapters/cap2_referencial.tex,chapters/referencial.tex
capitulo,chapters/cap3_dados.tex,chapters/dados.tex
capitulo,chapters/cap4_metodologia.tex,chapters/metodologia.tex
capitulo,chapters/cap6_ml_unificado.tex,chapters/previsao_bvrp.tex
capitulo,chapters/cap5_resultados_ols.tex,chapters/retornos_linear.tex
capitulo,chapters/cap8_regimes.tex,chapters/retornos_nao_linear.tex
capitulo,chapters/cap9_conclusao.tex,chapters/consideracoes_finais.tex
capitulo,chapters/Nota_metodologica.tex,chapters/nota_metodologica.tex
capitulo,chapters/cap7_estrategias.tex,chapters/apendice_estrategias.tex
capitulo,chapters/apendiceA_variaveis.tex,chapters/apendice_variaveis.tex
capitulo,chapters/apendiceB_scripts.tex,chapters/apendice_scripts.tex
capitulo,chapters/apendiceC_estrutura_pastas.tex,chapters/apendice_pastas.tex
figura,figs/cap3/vrp_timeseries.png,figs/dados/vrp_timeseries.png
figura,figs/cap3/vrp_histogram_kde.png,figs/dados/vrp_histogram_kde.png
figura,figs/cap3/vh_bimodalidade.png,figs/dados/vh_bimodalidade.png
figura,figs/cap3/vrp_boxplot.png,figs/dados/vrp_boxplot.png
figura,figs/cap3/vrp_vs_return_30d.png,figs/dados/vrp_vs_return_30d.png
figura,figs/cap5/beta_por_horizonte_basico_bootstrap.png,figs/retornos_linear/beta_por_horizonte_basico_bootstrap.png
figura,figs/cap5/beta_comparacao_rv_iv.png,figs/retornos_linear/beta_comparacao_rv_iv.png
figura,figs/cap8/fig_cap8_oos_prediction.png,figs/previsao_bvrp/fig_oos_prediction.png
figura,figs/cap8/fig_cap8_shap_bar.png,figs/previsao_bvrp/fig_shap_bar.png
figura,figs/cap8/fig_cap8_shap_beeswarm.png,figs/previsao_bvrp/fig_shap_beeswarm.png
figura,figs/cap7/fig_7_01_cum_returns_buy_hold.png,figs/estrategias/fig_cum_returns_buy_hold.png
figura,figs/cap7/fig_7_02_cum_returns_bvrp_quantile.png,figs/estrategias/fig_cum_returns_bvrp_quantile.png
figura,figs/cap7/fig_7_03_cum_returns_bh_vs_bvrp_quantile.png,figs/estrategias/fig_cum_returns_bh_vs_bvrp_quantile.png
figura,figs/cap7/fig_7_03_cum_returns_bvrp_multi_quantile.png,figs/estrategias/fig_cum_returns_bvrp_multi_quantile.png
figura,figs/cap7/fig_7_03_heatmap_bvrp_quantile_metrics.png,figs/estrategias/fig_heatmap_bvrp_quantile_metrics.png
figura,figs/cap7/fig_7_04_cum_returns_bvrp_by_regime.png,figs/estrategias/fig_cum_returns_bvrp_by_regime.png
figura,figs/cap7/fig_7_05_heatmap_bvrp_regimes.png,figs/estrategias/fig_heatmap_bvrp_regimes.png
figura,figs/cap9/fig_cap9_01_rv30d_regimes.png,figs/retornos_nao_linear/fig_rv30d_regimes.png
figura,figs/cap9/fig_cap9_02_hist_rv30d.png,figs/retornos_nao_linear/fig_hist_rv30d.png
figura,figs/cap9/fig_cap9_03_boxplot_bvrp_regimes.png,figs/retornos_nao_linear/fig_boxplot_bvrp_regimes.png
figura,figs/cap9/fig_cap9_04_boxplot_ret_regimes.png,figs/retornos_nao_linear/fig_boxplot_ret_regimes.png
figura,figs/cap9/fig_cap9_05_scatter_bvrp_ret.png,figs/retornos_nao_linear/fig_scatter_bvrp_ret.png
figura,figs/cap9/fig_cap9_bvrp_sinal.png,figs/retornos_nao_linear/fig_bvrp_sinal.png
tabela,tables/cap3/desc_stats_cap3.tex,tables/dados/desc_stats.tex
tabela,tables/cap3/desc_stats_cap3.csv,tables/dados/desc_stats.csv
tabela,tables/cap3/adf_kpss_table.tex,tables/dados/adf_kpss_table.tex
tabela,tables/cap3/adf_kpss_table.csv,tables/dados/adf_kpss_table.csv
tabela,tables/cap5/tab_ols_basico_multihoriz.tex,tables/retornos_linear/tab_ols_basico_multihoriz.tex
tabela,tables/cap5/tab_ols_rv_iv_multihoriz.tex,tables/retornos_linear/tab_ols_rv_iv_multihoriz.tex
tabela,tables/cap5/tab_bootstrap_ci.tex,tables/retornos_linear/tab_bootstrap_ci.tex
tabela,tables/cap5/tab_cap5_h1_teste_media.tex,tables/retornos_linear/tab_h1_teste_media.tex
tabela,tables/cap5/nota_fdr_cap5.tex,tables/retornos_linear/nota_fdr.tex
tabela,tables/cap5/bootstrap_ci_cap5.csv,tables/retornos_linear/bootstrap_ci.csv
tabela,tables/tab8/tab8_coeficientes.tex,tables/previsao_bvrp/tab_coeficientes.tex
tabela,tables/tab8/tab8_oos_performance.tex,tables/previsao_bvrp/tab_oos_performance.tex
tabela,tables/cap8/shap_values_rf_cap8.csv,tables/previsao_bvrp/shap_values_rf.csv
tabela,tables/tab7/tab7_1_perf_buy_hold.tex,tables/estrategias/tab_perf_buy_hold.tex
tabela,tables/tab7/tab7_2_perf_vrp_quantile.tex,tables/estrategias/tab_perf_vrp_quantile.tex
tabela,tables/tab7/tab7_2b_custos.tex,tables/estrategias/tab_custos.tex
tabela,tables/tab7/tab7_3_perf_bvrp_multi_quantile.tex,tables/estrategias/tab_perf_bvrp_multi_quantile.tex
tabela,tables/tab7/tab7_4_perf_bvrp_regimes.tex,tables/estrategias/tab_perf_bvrp_regimes.tex
tabela,tables/cap7/daily_returns_cap7.csv,tables/estrategias/daily_returns.csv
tabela,tables/cap7/perf_multi_quantile_cap7.csv,tables/estrategias/perf_multi_quantile.csv
tabela,tables/cap7/perf_regimes_cap7.csv,tables/estrategias/perf_regimes.csv
tabela,tables/cap7/strategy_costs_cap7.csv,tables/estrategias/strategy_costs.csv
tabela,tables/cap9/tab_bvrp_sinal_retorno.tex,tables/retornos_nao_linear/tab_bvrp_sinal_retorno.tex
tabela,tables/cap9/bvrp_by_return_sign.csv,tables/retornos_nao_linear/bvrp_by_return_sign.csv
tabela,tables/cap9/tab_cap9_01_frequencia_regimes.tex,tables/retornos_nao_linear/tab_frequencia_regimes.tex
tabela,tables/cap9/tab_cap9_02_estatisticas_regimes.tex,tables/retornos_nao_linear/tab_estatisticas_regimes.tex
tabela,tables/cap9/tab_cap9_03_retornos_regimes.tex,tables/retornos_nao_linear/tab_retornos_regimes.tex
tabela,tables/cap9/tab_cap9_04_ttest.tex,tables/retornos_nao_linear/tab_ttest.tex
tabela,tables/cap9/tab_cap9_05_regressoes.tex,tables/retornos_nao_linear/tab_regressoes.tex
legado,figs/fig_beta_comparacao_basico_vs_controles.png,archive/figs/fig_beta_comparacao_basico_vs_controles.png
legado,figs/fig_beta_por_horizonte_basico.png,archive/figs/fig_beta_por_horizonte_basico.png
legado,figs/fig_scatter_bvrp_ret_fut_30d.png,archive/figs/fig_scatter_bvrp_ret_fut_30d.png
legado,figs/rf_ret_fut_5d_real_vs_pred.png,archive/figs/rf_ret_fut_5d_real_vs_pred.png
legado,figs/smile_iv_btc_2025-12-10.png,archive/figs/smile_iv_btc_2025-12-10.png
legado,figs/smile_iv_calls_puts_nearest_expiry.png,archive/figs/smile_iv_calls_puts_nearest_expiry.png
legado,figs/vrp_boxplot.png,archive/figs/vrp_boxplot.png
legado,figs/vrp_boxplot_ano.png,archive/figs/vrp_boxplot_ano.png
legado,figs/vrp_histogram_kde.png,archive/figs/vrp_histogram_kde.png
legado,figs/vrp_timeseries.png,archive/figs/vrp_timeseries.png
legado,figs/vrp_vs_return_1d.png,archive/figs/vrp_vs_return_1d.png
legado,figs/vrp_vs_return_20d.png,archive/figs/vrp_vs_return_20d.png
legado,figs/vrp_vs_return_5d.png,archive/figs/vrp_vs_return_5d.png
legado,figs/xgb_ret_fut_5d_real_vs_pred.png,archive/figs/xgb_ret_fut_5d_real_vs_pred.png
legado,figs/cap5/beta_comparacao_basico_vs_controles.png,archive/figs/cap5/beta_comparacao_basico_vs_controles.png
legado,figs/cap5/beta_por_horizonte_basico.png,archive/figs/cap5/beta_por_horizonte_basico.png
legado,figs/cap5/residuos_base_vs_arcsinh.png,archive/figs/cap5/residuos_base_vs_arcsinh.png
legado,figs/cap5/scatter_bvrp_log_transform_test.png,archive/figs/cap5/scatter_bvrp_log_transform_test.png
legado,figs/cap5/scatter_bvrp_ret_fut_30d.png,archive/figs/cap5/scatter_bvrp_ret_fut_30d.png
legado,figs/cap6,archive/figs/cap6
legado,figs/cap7/fig_7_02_cum_returns_vrp_quantile.png,archive/figs/cap7/fig_7_02_cum_returns_vrp_quantile.png
legado,figs/cap7/fig_7_03_cum_returns_bh_vs_vrp_quantile.png,archive/figs/cap7/fig_7_03_cum_returns_bh_vs_vrp_quantile.png
legado,figs/cap8/fig_cap8_feature_importance.png,archive/figs/cap8/fig_cap8_feature_importance.png
legado,figs/cap8/fig_cap8_mdi_appendix.png,archive/figs/cap8/fig_cap8_mdi_appendix.png
legado,tables/cap5/tab_ols_controles_multihoriz.tex,archive/tables/cap5/tab_ols_controles_multihoriz.tex
legado,tables/cap7/tab7_1_perf_buy_hold.tex,archive/tables/cap7/tab7_1_perf_buy_hold.tex
legado,tables/tab6,archive/tables/tab6
legado,chapters/cap6_ml,archive/chapters/cap6_ml
legado,chapters/cap8_ml,archive/chapters/cap8_ml
legado,chapters/Cap6_ML.ipynb,archive/chapters/Cap6_ML.ipynb
legado,chapters/Cap7_Estratégia.ipynb,archive/chapters/Cap7_Estratégia.ipynb
rotulo,chap:cap5_ml,chap:previsao_bvrp
rotulo,chap:resultados_ols,chap:retornos_linear
rotulo,chap:regimes,chap:retornos_nao_linear
rotulo,chap:conclusao,chap:consideracoes_finais
rotulo,chap:estrategias,app:estrategias
rotulo,apendiceA,app:variaveis
rotulo,apendiceB,app:scripts
rotulo,apendiceC,app:pastas
rotulo,sec:cap1-hipoteses,sec:intro-hipoteses
rotulo,sec:vrp-teorico,sec:refer-vrp-teorico
rotulo,eq:vrp-def,eq:refer-vrp-def
rotulo,sec:cap2-dvol,sec:refer-dvol
rotulo,eq:dvol-formula,eq:refer-dvol
rotulo,sec:estatisticas_descritivas,sec:dados-descritivas
rotulo,sec:h1,sec:dados-h1
rotulo,sec:series_temporais,sec:dados-series
rotulo,fig:vrp_timeseries,fig:dados-series
rotulo,sec:distribuicoes,sec:dados-distribuicoes
rotulo,fig:vrp_hist,fig:dados-histograma
rotulo,sec:regimes,sec:dados-regimes
rotulo,fig:vh_bimodal,fig:dados-vh-bimodal
rotulo,fig:vrp_boxplot,fig:dados-boxplot-anual
rotulo,sec:vrp_retornos,sec:dados-bvrp-retornos
rotulo,fig:vrp_ret_30d,fig:dados-bvrp-retorno-30d
rotulo,tab:adf_kpss,tab:dados-adf-kpss
rotulo,tab:cap3_desc_stats,tab:dados-descritivas
rotulo,sec:hipoteses,sec:met-questoes
rotulo,sec:variaveis_horizontes,sec:met-variaveis
rotulo,sec:amostras,sec:met-amostras
rotulo,sec:modelos_referencia,sec:met-modelos
rotulo,eq:previsao_bvrp,eq:met-previsao-bvrp
rotulo,eq:ols_basico,eq:met-retorno-linear
rotulo,eq:ols_controles,eq:met-retorno-componentes
rotulo,eq:ols_regime,eq:met-retorno-regime
rotulo,sec:inferencia,sec:met-inferencia
rotulo,sec:avaliacao_oos,sec:met-avaliacao
rotulo,sec:regimes_metodo,sec:met-regimes
rotulo,sec:cap5_motivacao,sec:prev-motivacao
rotulo,sec:cap5_desenho,sec:prev-desenho
rotulo,subsec:cap5_problema,subsec:prev-problema
rotulo,eq:bvrp_def_cap5,eq:prev-bvrp-def
rotulo,subsec:cap5_features,subsec:prev-variaveis
rotulo,subsec:cap5_protocolo,subsec:prev-protocolo
rotulo,eq:cap5_persist,eq:prev-persistencia
rotulo,sec:cap5_benchmarks,sec:prev-referencias
rotulo,sec:cap5_lineares,sec:prev-lineares
rotulo,subsec:cap5_lineares_coeficientes,subsec:prev-coeficientes
rotulo,sec:cap5_arvores,sec:prev-arvores
rotulo,subsec:cap5_arvores_resultados,subsec:prev-arvores-resultados
rotulo,fig:cap5_oos_pred,fig:prev-previsao-lasso
rotulo,subsec:cap5_shap,subsec:prev-shap
rotulo,fig:cap5_shap_bar,fig:prev-shap-barras
rotulo,fig:cap5_shap_beeswarm,fig:prev-shap-enxame
rotulo,sec:cap5_comparacao,sec:prev-comparacao
rotulo,sec:cap5_implicacoes,sec:prev-implicacoes
rotulo,tab:cap8_coeficientes,tab:prev-coeficientes
rotulo,tab:cap8_oos_performance,tab:prev-desempenho
rotulo,sec:cap5-h1,sec:retlin-h1
rotulo,sec:cap5-motivacao,sec:retlin-motivacao
rotulo,eq:cap5-basico,eq:retlin-basico
rotulo,sec:cap5-univariado,sec:retlin-univariado
rotulo,fig:cap5-beta-bootstrap,fig:retlin-beta-bootstrap
rotulo,sec:cap5-rv-iv,sec:retlin-componentes
rotulo,eq:cap5-rv-iv,eq:retlin-componentes
rotulo,fig:cap5-rv-iv,fig:retlin-componentes
rotulo,sec:cap5-robustez,sec:retlin-robustez
rotulo,sec:cap5-implicacoes,sec:retlin-implicacoes
rotulo,tab:cap5-bootstrap,tab:retlin-bootstrap
rotulo,tab:cap5-h1-teste-media,tab:retlin-h1
rotulo,tab:ols_basico_multihoriz,tab:retlin-basico
rotulo,tab:ols_rv_iv_multihoriz,tab:retlin-componentes
rotulo,sec:cap9_motivacao,sec:retnl-motivacao
rotulo,sec:cap9_regimes,sec:retnl-regimes
rotulo,fig:cap9_rv30d_regimes,fig:retnl-vh-regimes
rotulo,fig:cap9_hist_rv30d,fig:retnl-histograma-vh
rotulo,sec:cap9_bvrp_regimes,sec:retnl-bvrp-regimes
rotulo,fig:cap9_boxplot_bvrp_regimes,fig:retnl-boxplot-bvrp
rotulo,sec:cap9_retornos,sec:retnl-retornos
rotulo,sec:cap9_ttest,sec:retnl-teste-t
rotulo,fig:cap9_boxplot_ret_regimes,fig:retnl-boxplot-retornos
rotulo,sec:cap9_regressao,sec:retnl-regressao
rotulo,eq:cap9_reg_condicional,eq:retnl-condicional
rotulo,fig:cap9_scatter_bvrp_ret,fig:retnl-dispersao
rotulo,sec:cap9_sinal_retorno,sec:retnl-sinal-retorno
rotulo,fig:cap9_sinal_retorno,fig:retnl-sinal-retorno
rotulo,sec:cap9_sintese,sec:retnl-sintese
rotulo,sec:cap8-apendice-magnitude,sec:retnl-magnitude
rotulo,tab:cap8-magnitude-robustez,tab:retnl-magnitude
rotulo,tab:cap9_sinal_retorno,tab:retnl-sinal-retorno
rotulo,tab:cap9_frequencia_regimes,tab:retnl-frequencia
rotulo,tab:cap9_estatisticas_regimes,tab:retnl-estatisticas
rotulo,tab:cap9_retornos_regimes,tab:retnl-retornos
rotulo,tab:cap9_ttest,tab:retnl-teste-t
rotulo,tab:cap9_regressoes,tab:retnl-regressoes
rotulo,sec:conclusao_sintese,sec:concl-sintese
rotulo,sec:conclusao_limitacoes,sec:concl-limitacoes
rotulo,sec:conclusao_extensoes,sec:concl-extensoes
rotulo,sec:conclusao_final,sec:concl-final
rotulo,sec:cap7_bh,sec:estr-compra-manutencao
rotulo,tab:cap7_bh_perf,tab:estr-compra-manutencao
rotulo,fig:cap7_bh_cumret,fig:estr-compra-manutencao
rotulo,sec:cap7_bvrp_q,sec:estr-quantil
rotulo,tab:cap7_bvrp_q_perf,tab:estr-quantil
rotulo,fig:cap7_bvrp_q_cumret,fig:estr-quantil
rotulo,fig:cap7_bh_vs_bvrp_q_cumret,fig:estr-quantil-vs-compra
rotulo,tab:cap7_custos,tab:estr-custos
rotulo,sec:cap7_bvrp_multiq,sec:estr-multiquantis
rotulo,tab:cap7_bvrp_multiq_perf,tab:estr-multiquantis
rotulo,fig:cap7_bvrp_multiq_cumret,fig:estr-multiquantis
rotulo,fig:cap7_bvrp_heatmap,fig:estr-multiquantis-mapa
rotulo,sec:cap7_bvrp_regimes,sec:estr-regimes
rotulo,tab:cap7_bvrp_regimes_perf,tab:estr-regimes
rotulo,fig:cap7_bvrp_regimes_cumret,fig:estr-regimes
rotulo,fig:cap7_bvrp_regimes_heatmap,fig:estr-regimes-mapa
rotulo,sec:cap7_sintese,sec:estr-sintese
