model,max_depth,min_samples_leaf,min_samples_split,rmse_val
decision_tree,,1,30,6.746651303856255
decision_tree,8.0,1,30,6.797445799326853
decision_tree,8.0,1,2,6.8860247665276155
decision_tree,,5,30,6.985511623505845
decision_tree,8.0,5,30,6.988697538622464
decision_tree,6.0,5,30,6.9916545465141775
decision_tree,8.0,1,10,7.1265298473010485
decision_tree,,5,2,7.148691011571444
decision_tree,,5,10,7.148691011571444
decision_tree,8.0,5,10,7.178259931671663
decision_tree,8.0,5,2,7.178259931671663
decision_tree,,1,10,7.194338792661427
decision_tree,6.0,5,2,7.22499027149721
decision_tree,6.0,5,10,7.22499027149721
decision_tree,8.0,1,60,7.241941018701503
decision_tree,,1,60,7.241941018701503
decision_tree,,5,60,7.293615624989345
decision_tree,8.0,5,60,7.293615624989345
decision_tree,6.0,5,60,7.29611348911693
decision_tree,,1,2,7.409676166898757
decision_tree,,20,10,8.077398872307489
decision_tree,,20,30,8.077398872307489
decision_tree,,20,2,8.077398872307489
decision_tree,8.0,20,30,8.077398872307489
decision_tree,8.0,20,2,8.077398872307489
decision_tree,8.0,20,10,8.077398872307489
decision_tree,6.0,20,30,8.079916985754785
decision_tree,6.0,20,2,8.079916985754785
decision_tree,6.0,20,10,8.079916985754785
decision_tree,8.0,20,60,8.320738506965684
decision_tree,,20,60,8.320738506965684
decision_tree,6.0,20,60,8.320738506965684
decision_tree,8.0,10,30,8.372997934049971
decision_tree,,10,30,8.372997934049971
decision_tree,6.0,10,30,8.381967578918964
decision_tree,6.0,10,2,8.436385635873751
decision_tree,6.0,10,10,8.436385635873751
decision_tree,,10,60,8.489091875850852
decision_tree,8.0,10,60,8.489091875850852
decision_tree,6.0,10,60,8.491588365891644
decision_tree,5.0,20,10,8.655646278072949
decision_tree,5.0,20,30,8.655646278072949
decision_tree,5.0,20,2,8.655646278072949
decision_tree,5.0,20,60,8.897490755241822
decision_tree,,10,10,9.07664960055408
decision_tree,,10,2,9.07664960055408
decision_tree,8.0,10,2,9.07664960055408
decision_tree,8.0,10,10,9.07664960055408
decision_tree,6.0,1,30,9.348322966211388
decision_tree,6.0,1,2,9.458431635876751
decision_tree,6.0,1,10,9.458431635876753
decision_tree,4.0,20,2,9.506089768180175
decision_tree,4.0,20,30,9.506089768180175
decision_tree,4.0,20,10,9.506089768180175
decision_tree,6.0,1,60,9.656702363671718
decision_tree,4.0,20,60,9.72681201263782
decision_tree,5.0,5,30,9.816723532854132
decision_tree,5.0,10,30,9.83015555469173
decision_tree,5.0,10,2,9.883382991959758
decision_tree,5.0,10,10,9.883382991959758
decision_tree,5.0,5,60,9.958801537888155
decision_tree,5.0,10,60,9.972042187034111
decision_tree,5.0,5,10,9.99989843245711
decision_tree,5.0,5,2,9.99989843245711
decision_tree,2.0,20,60,10.176645488093325
decision_tree,2.0,20,30,10.176645488093325
decision_tree,2.0,20,10,10.176645488093325
decision_tree,2.0,20,2,10.176645488093325
decision_tree,2.0,10,60,10.176645488093325
decision_tree,2.0,10,30,10.176645488093325
decision_tree,2.0,10,10,10.176645488093325
decision_tree,2.0,10,2,10.176645488093325
decision_tree,2.0,5,60,10.176645488093325
decision_tree,2.0,5,30,10.176645488093325
decision_tree,2.0,5,10,10.176645488093325
decision_tree,2.0,5,2,10.176645488093325
decision_tree,2.0,1,60,10.176645488093325
decision_tree,2.0,1,30,10.176645488093325
decision_tree,2.0,1,10,10.176645488093325
decision_tree,2.0,1,2,10.176645488093325
decision_tree,4.0,1,60,10.642023814264448
decision_tree,4.0,1,10,10.646022591068052
decision_tree,4.0,1,30,10.646022591068052
decision_tree,4.0,1,2,10.646022591068052
decision_tree,5.0,1,2,10.696178643683574
decision_tree,5.0,1,10,10.696178643683574
decision_tree,5.0,1,30,10.696178643683574
decision_tree,5.0,1,60,10.898491057326838
decision_tree,3.0,1,2,11.0009100912385
decision_tree,3.0,1,10,11.0009100912385
decision_tree,3.0,1,30,11.0009100912385
decision_tree,3.0,1,60,11.0009100912385
decision_tree,3.0,5,2,11.0009100912385
decision_tree,3.0,5,10,11.0009100912385
decision_tree,3.0,5,30,11.0009100912385
decision_tree,3.0,5,60,11.0009100912385
decision_tree,3.0,10,2,11.0009100912385
decision_tree,3.0,10,10,11.0009100912385
decision_tree,3.0,10,30,11.0009100912385
decision_tree,3.0,10,60,11.0009100912385
decision_tree,3.0,20,2,11.0009100912385
decision_tree,3.0,20,10,11.0009100912385
decision_tree,3.0,20,30,11.0009100912385
decision_tree,3.0,20,60,11.0009100912385
decision_tree,4.0,10,2,11.094823571993748
decision_tree,4.0,10,30,11.094823571993748
decision_tree,4.0,10,10,11.094823571993748
decision_tree,4.0,5,30,11.094823571993748
decision_tree,4.0,5,10,11.094823571993748
decision_tree,4.0,5,2,11.094823571993748
decision_tree,4.0,5,60,11.235331828125702
decision_tree,4.0,10,60,11.235331828125702
