modelo,alpha,rmse_cv_mean,rmse_cv_std
Ridge,0.0001,0.031509543531208946,0.005767496438667757
Ridge,0.001,0.03150948722247918,0.005767414030488529
Ridge,0.01,0.031508924320000846,0.005766590264261591
Ridge,0.1,0.03150331371387523,0.005758384042050364
Ridge,1.0,0.0314489885295937,0.005679353677997518
Ridge,5.0,0.031241056164895843,0.00538444485526074
Ridge,10.0,0.031039043113266947,0.005110730997421351
Ridge,50.0,0.030327674979461032,0.004283788449822244
Ridge,100.0,0.03004538357437484,0.00404982442704296
Lasso,0.0001,0.03131566048812777,0.00560836853602497
Lasso,0.0005,0.03065496768305421,0.005078928843174243
Lasso,0.001,0.0300999894751121,0.004575704914168567
Lasso,0.005,0.029361256419111047,0.003998675247494312
Lasso,0.01,0.029387426510940978,0.004031975063474385
Lasso,0.05,0.029387426510940978,0.004031975063474385
Lasso,0.1,0.029387426510940978,0.004031975063474385
