feature,MQO,Ridge,Lasso
intercept,0.0005098387631935381,0.0005098387631935381,0.0005098387631935385
ret,-0.0011323744966477564,-0.0010831735096593804,-0.0
rv_30d,-0.00037349539978001806,-0.00037555454459131335,-0.0
iv_30d,-0.00041453443607849594,-0.00033257939465939994,-0.0
vrp_30d,3.752400144376176e-05,-8.492364516317958e-05,-0.0
ret_lag_1,0.0004883278095932328,0.0004658253814889068,0.0
ret_lag_5,0.0004603216399394842,0.00038659924340314074,0.0
ret_lag_20,-0.0006267062240129751,-0.0005166293280865678,0.0
d_iv_1d,0.0026061562637161935,0.0022552656564349244,0.0
d_vrp_1d,0.00040746118965782495,0.00014474450925211173,-0.0
month,-0.000436001444375411,-0.0004117843985594817,-0.0
weekday,0.00028372747016820385,0.00024148552665919512,0.0
is_month_start,-0.0007383616007358235,-0.0006827557080985623,-0.0
is_month_end,0.0015269489507113603,0.0014137392163917663,0.0
vrp_regime_num,-0.0007486287950440483,-0.0005780663039851247,-0.0
